case,seed,grouping,mode,NP,dimension,peaks,change_frequency,shift_severity,environments,max_evals,realized_FE,budget_exact,environments_completed,changes_seen,reevaluation_FE,offline_error,best_error_before_change,mean_population_diversity,wall_seconds
F1,5,fitness,population_persistence,20,5,5,5000,1.0,100,500000,500000,True,100,99,1980,17.73386990510543,17.008192222399035,0.21382248654442038,148.9185739139939
F1,20,fitness,population_persistence,20,5,5,5000,1.0,100,500000,500000,True,100,99,1980,15.576125074597767,14.673287111586465,0.215057299576063,149.21281207101129
F1,14,fitness,population_persistence,20,5,5,5000,1.0,100,500000,500000,True,100,99,1980,15.677436153284468,14.932138309012293,0.2823045785409453,151.11303347600915
F1,6,fitness,population_persistence,20,5,5,5000,1.0,100,500000,500000,True,100,99,1980,15.716080161482777,14.608949915009408,0.23520386737008364,152.10306056399713
F1,13,fitness,population_persistence,20,5,5,5000,1.0,100,500000,500000,True,100,99,1980,10.655432530452462,10.024712271914371,0.14571636374085517,152.10425777900673
F1,2,fitness,population_persistence,20,5,5,5000,1.0,100,500000,500000,True,100,99,1980,17.401710010465333,16.663530962273697,0.149278553305533,153.72744425199926
F1,9,fitness,population_persistence,20,5,5,5000,1.0,100,500000,500000,True,100,99,1980,16.31788768054113,15.761266176722588,0.23389442128425733,154.8471301739919
F1,7,fitness,population_persistence,20,5,5,5000,1.0,100,500000,500000,True,100,99,1980,19.232762434190537,18.426138919493923,0.0879291912317903,160.01659236999694
F1,4,fitness,population_persistence,20,5,5,5000,1.0,100,500000,500000,True,100,99,1980,9.025014901753657,8.11646573789777,0.0721494099473885,161.06861906099948
F1,11,fitness,population_persistence,20,5,5,5000,1.0,100,500000,500000,True,100,99,1980,12.986271589982081,12.308244388570856,0.07735323346302773,161.52066898500198
F1,18,fitness,population_persistence,20,5,5,5000,1.0,100,500000,500000,True,100,99,1980,13.637082019349737,13.169897849248724,0.17438533569027814,164.9897857939941
F1,17,fitness,population_persistence,20,5,5,5000,1.0,100,500000,500000,True,100,99,1980,20.918316264670626,19.887988465043453,0.19151773345056358,169.07703015799052
F1,15,fitness,population_persistence,20,5,5,5000,1.0,100,500000,500000,True,100,99,1980,11.465587321637953,10.644524184275816,0.08031029134259118,170.00092772398784
F1,10,fitness,population_persistence,20,5,5,5000,1.0,100,500000,500000,True,100,99,1980,18.292760179978654,17.29168278980184,0.23058176782843415,173.0579739639943
F1,19,fitness,population_persistence,20,5,5,5000,1.0,100,500000,500000,True,100,99,1980,13.768450094780112,12.942978490546274,0.12724570071684646,174.19598808299634
F1,3,fitness,population_persistence,20,5,5,5000,1.0,100,500000,500000,True,100,99,1980,6.903647870903669,6.5306301797715,0.08088055286190096,179.26072949299123
F1,16,fitness,population_persistence,20,5,5,5000,1.0,100,500000,500000,True,100,99,1980,13.521283916818362,12.784391987783998,0.18593725214688617,180.23978676999104
F1,1,fitness,population_persistence,20,5,5,5000,1.0,100,500000,500000,True,100,99,1980,19.802260611340433,18.49487742417586,0.2647348289592594,184.67737152599148
F1,12,fitness,population_persistence,20,5,5,5000,1.0,100,500000,500000,True,100,99,1980,12.890548289470681,12.311603801320587,0.13803868033625488,186.50435180000204
F1,8,fitness,population_persistence,20,5,5,5000,1.0,100,500000,500000,True,100,99,1980,13.80112778344505,13.095674772320558,0.22997545378470988,188.02166631500586
F1,26,fitness,population_persistence,20,5,5,5000,1.0,100,500000,500000,True,100,99,1980,18.03287064539648,17.38442201346197,0.29355685154371763,142.84784636000404
F1,28,fitness,population_persistence,20,5,5,5000,1.0,100,500000,500000,True,100,99,1980,14.143984046627292,13.504204546638512,0.1640823618303894,141.46337977799703
F1,21,fitness,population_persistence,20,5,5,5000,1.0,100,500000,500000,True,100,99,1980,10.911245846274216,10.556921828404995,0.20739949718883907,152.69223596999655
F1,27,fitness,population_persistence,20,5,5,5000,1.0,100,500000,500000,True,100,99,1980,14.090144388656498,13.763821105122485,0.21166579622509069,146.85649267600093
F1,29,fitness,population_persistence,20,5,5,5000,1.0,100,500000,500000,True,100,99,1980,11.036413634837922,10.138505897179762,0.13761611062142978,144.5592901619966
F1,30,fitness,population_persistence,20,5,5,5000,1.0,100,500000,500000,True,100,99,1980,14.570086711936955,13.899770328340392,0.17836531801033956,146.62542559301073
F1,25,fitness,population_persistence,20,5,5,5000,1.0,100,500000,500000,True,100,99,1980,17.663397169422872,16.888599952921563,0.17847145662719566,157.2848146680044
F1,31,fitness,population_persistence,20,5,5,5000,1.0,100,500000,500000,True,100,99,1980,11.458230391094878,10.776201135696754,0.23684025265421504,148.63542654500634
F1,23,fitness,population_persistence,20,5,5,5000,1.0,100,500000,500000,True,100,99,1980,13.05772495581044,12.277322786963385,0.10543412776377425,163.03205422199972
F1,24,fitness,population_persistence,20,5,5,5000,1.0,100,500000,500000,True,100,99,1980,16.26267970620262,15.230711668646181,0.269549922345682,169.26499095199688
F1,22,fitness,population_persistence,20,5,5,5000,1.0,100,500000,500000,True,100,99,1980,14.550039949630785,14.029325580753033,0.1815519835292404,172.3125293010089
F2,3,fitness,population_persistence,20,5,10,5000,1.0,100,500000,500000,True,100,99,1980,14.600190301557358,13.903533312017249,0.15179960001720724,157.37430692400085
F2,2,fitness,population_persistence,20,5,10,5000,1.0,100,500000,500000,True,100,99,1980,19.358676497626483,18.25498118211507,0.2317333021840017,166.61188944999594
F2,8,fitness,population_persistence,20,5,10,5000,1.0,100,500000,500000,True,100,99,1980,14.665758544741912,14.13526558192891,0.2146067068551655,155.6786361090053
F2,7,fitness,population_persistence,20,5,10,5000,1.0,100,500000,500000,True,100,99,1980,16.06275794972415,14.779467109948792,0.20798991522389,158.69546194499708
F2,9,fitness,population_persistence,20,5,10,5000,1.0,100,500000,500000,True,100,99,1980,14.041654023652887,13.267086685097002,0.21904989669045652,170.8316083180107
F2,1,fitness,population_persistence,20,5,10,5000,1.0,100,500000,500000,True,100,99,1980,15.675398799810264,14.792178530433164,0.16706841894184968,190.23904338601278
F2,4,fitness,population_persistence,20,5,10,5000,1.0,100,500000,500000,True,100,99,1980,14.480967184095942,13.916496803928315,0.2587694639882908,185.7146874750033
F2,5,fitness,population_persistence,20,5,10,5000,1.0,100,500000,500000,True,100,99,1980,18.179401180104534,17.138493596659263,0.13701522854483644,200.27989061300468
F2,6,fitness,population_persistence,20,5,10,5000,1.0,100,500000,500000,True,100,99,1980,19.197111033868723,18.575537322890497,0.1630753843059275,201.3389212149923
F2,12,fitness,population_persistence,20,5,10,5000,1.0,100,500000,500000,True,100,99,1980,17.853722442270765,16.878132097334866,0.18804985456659226,153.417779239011
F2,17,fitness,population_persistence,20,5,10,5000,1.0,100,500000,500000,True,100,99,1980,20.26667847309789,19.425693497100085,0.2557889647055097,149.5079634809954
F2,18,fitness,population_persistence,20,5,10,5000,1.0,100,500000,500000,True,100,99,1980,17.941176339342206,17.267219177626142,0.20024083021691094,151.07420319700032
F2,25,fitness,population_persistence,20,5,10,5000,1.0,100,500000,500000,True,100,99,1980,16.833028533027047,16.420254571481614,0.08509553628628347,106.7787291870045
F2,11,fitness,population_persistence,20,5,10,5000,1.0,100,500000,500000,True,100,99,1980,15.505767398869809,14.996460858203779,0.1749791850412938,164.33715131299687
F2,15,fitness,population_persistence,20,5,10,5000,1.0,100,500000,500000,True,100,99,1980,15.193141031327327,14.284795097316936,0.21918893976504233,164.80338372399274
F2,13,fitness,population_persistence,20,5,10,5000,1.0,100,500000,500000,True,100,99,1980,15.39015950335865,14.81087807003725,0.1658578156162172,171.43135148700094
F2,16,fitness,population_persistence,20,5,10,5000,1.0,100,500000,500000,True,100,99,1980,17.285437924732374,16.42948259438469,0.20899856229993533,167.372587491991
F2,20,fitness,population_persistence,20,5,10,5000,1.0,100,500000,500000,True,100,99,1980,14.15909591031215,13.467076685747568,0.1598837839996737,159.4714941830025
F2,23,fitness,population_persistence,20,5,10,5000,1.0,100,500000,500000,True,100,99,1980,15.404155288028177,14.679924841161277,0.14011707080832597,147.7637758560013
F2,10,fitness,population_persistence,20,5,10,5000,1.0,100,500000,500000,True,100,99,1980,19.90899749488665,19.236621975787514,0.19245465896793526,202.8372546419996
F2,14,fitness,population_persistence,20,5,10,5000,1.0,100,500000,500000,True,100,99,1980,15.603351679917084,15.030646081204077,0.19767464342375035,194.00637021000148
F2,26,fitness,population_persistence,20,5,10,5000,1.0,100,500000,500000,True,100,99,1980,15.235478852662652,14.716395977708837,0.21406679831884862,142.0871317049896
F2,24,fitness,population_persistence,20,5,10,5000,1.0,100,500000,500000,True,100,99,1980,24.804973607418898,23.958524278208145,0.2061944347268178,166.2106740399904
F2,21,fitness,population_persistence,20,5,10,5000,1.0,100,500000,500000,True,100,99,1980,22.327641225321674,21.331375977667648,0.33669253411923156,179.4612279800058
F2,27,fitness,population_persistence,20,5,10,5000,1.0,100,500000,500000,True,100,99,1980,16.87898392303267,16.030231575207157,0.16583832503021395,153.4819347599987
F2,22,fitness,population_persistence,20,5,10,5000,1.0,100,500000,500000,True,100,99,1980,20.534976181634377,19.450462841348134,0.2431124012207236,184.406314287
F2,19,fitness,population_persistence,20,5,10,5000,1.0,100,500000,500000,True,100,99,1980,15.652543180672977,14.961560348219148,0.12011272678409467,203.56378450299962
F3,14,fitness,population_persistence,20,5,25,5000,1.0,100,500000,500000,True,100,99,1980,13.837084596769992,12.980173641139602,0.19078376118913906,143.46732233000512
F2,28,fitness,population_persistence,20,5,10,5000,1.0,100,500000,500000,True,100,99,1980,15.029886489152487,14.401776337958516,0.11579343942211957,160.53060879500117
F3,4,fitness,population_persistence,20,5,25,5000,1.0,100,500000,500000,True,100,99,1980,17.293899757118005,16.498873299899646,0.23426867318958006,179.75142327899812
F2,29,fitness,population_persistence,20,5,10,5000,1.0,100,500000,500000,True,100,99,1980,9.750418241703644,9.084790762838102,0.10481574441123517,180.40322608900897
F3,3,fitness,population_persistence,20,5,25,5000,1.0,100,500000,500000,True,100,99,1980,18.539085402327252,16.959235818131255,0.2286394755737671,181.4815525879967
F3,11,fitness,population_persistence,20,5,25,5000,1.0,100,500000,500000,True,100,99,1980,16.246545237790965,15.284125346100607,0.25340813866230333,183.45570149099512
F3,5,fitness,population_persistence,20,5,25,5000,1.0,100,500000,500000,True,100,99,1980,15.685962539520766,14.801723391171295,0.26908938507798635,184.8578237699985
F3,9,fitness,population_persistence,20,5,25,5000,1.0,100,500000,500000,True,100,99,1980,17.781164750833707,16.64243592201216,0.2440782712575393,193.141958556007
F3,1,fitness,population_persistence,20,5,25,5000,1.0,100,500000,500000,True,100,99,1980,15.985646877030684,15.128795813756845,0.22042089250827165,193.9691877860023
F3,8,fitness,population_persistence,20,5,25,5000,1.0,100,500000,500000,True,100,99,1980,13.17112439077362,12.448932660562846,0.1858907479896222,193.92708178199246
F3,16,fitness,population_persistence,20,5,25,5000,1.0,100,500000,500000,True,100,99,1980,15.945206372310183,14.776283846362952,0.2087682583410429,198.4711222479964
F3,15,fitness,population_persistence,20,5,25,5000,1.0,100,500000,500000,True,100,99,1980,15.693336823870771,14.860566728065718,0.24836777694445902,201.12790903600398
F2,30,fitness,population_persistence,20,5,10,5000,1.0,100,500000,500000,True,100,99,1980,14.028095347484355,12.667875804270025,0.16376236288154442,201.59504540500348
F3,12,fitness,population_persistence,20,5,25,5000,1.0,100,500000,500000,True,100,99,1980,14.28253706858952,13.674596792291927,0.22152171488431724,205.3385860970011
F3,6,fitness,population_persistence,20,5,25,5000,1.0,100,500000,500000,True,100,99,1980,15.109427819538862,14.237540023570709,0.20149202477231037,206.30817499398836
F2,31,fitness,population_persistence,20,5,10,5000,1.0,100,500000,500000,True,100,99,1980,15.83269699762973,14.987326733890418,0.27419266601625614,207.45372739399318
F3,10,fitness,population_persistence,20,5,25,5000,1.0,100,500000,500000,True,100,99,1980,15.039611164879226,14.461730328642789,0.19424171295317552,212.61494196100102
F3,2,fitness,population_persistence,20,5,25,5000,1.0,100,500000,500000,True,100,99,1980,15.534706397821994,14.78765268167088,0.22256849460705452,213.66657380499237
F3,7,fitness,population_persistence,20,5,25,5000,1.0,100,500000,500000,True,100,99,1980,16.752925554521035,15.773686928552696,0.28714578283819614,217.98524450599507
F3,13,fitness,population_persistence,20,5,25,5000,1.0,100,500000,500000,True,100,99,1980,17.237689683093265,16.05525814179257,0.259193190377361,220.87242560200684
F3,17,fitness,population_persistence,20,5,25,5000,1.0,100,500000,500000,True,100,99,1980,16.740342685325338,15.931684493851344,0.21317935710677488,208.32480380599736
F3,23,fitness,population_persistence,20,5,25,5000,1.0,100,500000,500000,True,100,99,1980,15.065313117255275,14.19016219881033,0.2414881384363589,175.21645478799473
F3,22,fitness,population_persistence,20,5,25,5000,1.0,100,500000,500000,True,100,99,1980,13.943826566191383,13.32299446352992,0.179492109742288,177.0123348670022
F3,20,fitness,population_persistence,20,5,25,5000,1.0,100,500000,500000,True,100,99,1980,11.924200375816262,11.506912132263649,0.13485479249090096,187.09677364899835
F3,18,fitness,population_persistence,20,5,25,5000,1.0,100,500000,500000,True,100,99,1980,13.578202279218182,12.672463374798577,0.21508247544183948,207.35477829098818
F3,19,fitness,population_persistence,20,5,25,5000,1.0,100,500000,500000,True,100,99,1980,14.93543853958612,14.425321167954932,0.22341565837231972,191.86125819999143
F3,30,fitness,population_persistence,20,5,25,5000,1.0,100,500000,500000,True,100,99,1980,14.213362613483916,13.486912253814813,0.17340733424322105,166.50230616801127
F3,26,fitness,population_persistence,20,5,25,5000,1.0,100,500000,500000,True,100,99,1980,20.435955305013923,19.061378968115438,0.2707474252021207,190.33747433200188
F3,21,fitness,population_persistence,20,5,25,5000,1.0,100,500000,500000,True,100,99,1980,17.207620507212198,16.55452994432905,0.23088835519247278,203.20695112700923
F3,25,fitness,population_persistence,20,5,25,5000,1.0,100,500000,500000,True,100,99,1980,15.849796196269049,14.532650715723399,0.1982363490466614,194.6314218250045
F3,29,fitness,population_persistence,20,5,25,5000,1.0,100,500000,500000,True,100,99,1980,14.104971694745466,13.207041711377155,0.16719336627076772,192.42668218100152
F3,28,fitness,population_persistence,20,5,25,5000,1.0,100,500000,500000,True,100,99,1980,15.126340282520301,14.48314095037945,0.21619240685295682,196.41623240700574
F3,27,fitness,population_persistence,20,5,25,5000,1.0,100,500000,500000,True,100,99,1980,16.192615263933675,15.269064305349005,0.22222865116433874,199.13294183100516
F3,24,fitness,population_persistence,20,5,25,5000,1.0,100,500000,500000,True,100,99,1980,16.605169967723576,15.97842073280354,0.22914324212054907,204.5443188319914
F3,31,fitness,population_persistence,20,5,25,5000,1.0,100,500000,500000,True,100,99,1980,14.83394301342566,14.170797182487979,0.2384601397289071,215.39174582499254
F4,1,fitness,population_persistence,20,5,50,5000,1.0,100,500000,500000,True,100,99,1980,14.175975009534772,13.166705259914785,0.2246497602956903,235.841293518999
F4,2,fitness,population_persistence,20,5,50,5000,1.0,100,500000,500000,True,100,99,1980,16.781052938624764,15.785199118758245,0.22218618193103923,242.14622732899443
F4,4,fitness,population_persistence,20,5,50,5000,1.0,100,500000,500000,True,100,99,1980,16.728485899055144,15.8306282431546,0.25317819104677,245.06968521900126
F4,5,fitness,population_persistence,20,5,50,5000,1.0,100,500000,500000,True,100,99,1980,15.176988259609221,14.079219920725224,0.24993543399907245,249.52193853299832
F4,3,fitness,population_persistence,20,5,50,5000,1.0,100,500000,500000,True,100,99,1980,13.920046189223234,13.063124446109269,0.2324722804916858,273.0538330220006
F4,19,fitness,population_persistence,20,5,50,5000,1.0,100,500000,500000,True,100,99,1980,14.819511694192682,13.899503208217311,0.2207199919872052,167.86359574300877
F4,9,fitness,population_persistence,20,5,50,5000,1.0,100,500000,500000,True,100,99,1980,13.034060767158431,12.481664482299053,0.22175538840711762,174.27656413600198
F4,25,fitness,population_persistence,20,5,50,5000,1.0,100,500000,500000,True,100,99,1980,13.257144323007491,12.59654697691413,0.2657759352881583,174.93281001900323
F4,11,fitness,population_persistence,20,5,50,5000,1.0,100,500000,500000,True,100,99,1980,14.781590496870745,13.688739255158966,0.22885942813903593,175.33181823899213
F4,21,fitness,population_persistence,20,5,50,5000,1.0,100,500000,500000,True,100,99,1980,14.942571450431197,14.075341560150626,0.25214393211439495,175.65648691999377
F4,6,fitness,population_persistence,20,5,50,5000,1.0,100,500000,500000,True,100,99,1980,13.932359331742946,13.170764093776558,0.23603586283221378,176.49705377200735
F4,24,fitness,population_persistence,20,5,50,5000,1.0,100,500000,500000,True,100,99,1980,14.945175689160004,14.037275343142865,0.25066930478078764,176.6037043260003
F4,12,fitness,population_persistence,20,5,50,5000,1.0,100,500000,500000,True,100,99,1980,13.028350781568738,12.198612787114117,0.1987813996684509,177.40225488800206
F4,23,fitness,population_persistence,20,5,50,5000,1.0,100,500000,500000,True,100,99,1980,15.276032717264448,14.258196197942203,0.24314851678969113,177.30355322400283
F4,10,fitness,population_persistence,20,5,50,5000,1.0,100,500000,500000,True,100,99,1980,14.747213640393706,14.079154152447565,0.25072993173143326,177.89363454100385
F4,7,fitness,population_persistence,20,5,50,5000,1.0,100,500000,500000,True,100,99,1980,14.941429313238228,13.92288356200483,0.24310972606353312,178.58978993499477
F4,15,fitness,population_persistence,20,5,50,5000,1.0,100,500000,500000,True,100,99,1980,14.553541402200398,13.80094780493923,0.2424486079852773,181.88870956300525
F4,18,fitness,population_persistence,20,5,50,5000,1.0,100,500000,500000,True,100,99,1980,15.422110894609142,14.168840571968783,0.25671691875933617,183.2300279750052
F4,14,fitness,population_persistence,20,5,50,5000,1.0,100,500000,500000,True,100,99,1980,15.63705569099071,14.287121749645484,0.25482915553756996,186.01079580899386
F4,20,fitness,population_persistence,20,5,50,5000,1.0,100,500000,500000,True,100,99,1980,14.658681212963325,13.859805618908574,0.22100285455631374,186.48004056399805
F4,13,fitness,population_persistence,20,5,50,5000,1.0,100,500000,500000,True,100,99,1980,15.078209720176162,13.977058361984938,0.23932795431965742,188.057799703005
F4,22,fitness,population_persistence,20,5,50,5000,1.0,100,500000,500000,True,100,99,1980,13.29602747804476,12.414061823003065,0.19374740173021207,190.46264598799462
F4,17,fitness,population_persistence,20,5,50,5000,1.0,100,500000,500000,True,100,99,1980,12.941247380831571,12.175735293951877,0.23132506551167048,192.92969004700717
F4,16,fitness,population_persistence,20,5,50,5000,1.0,100,500000,500000,True,100,99,1980,13.628951426249914,12.98754888074925,0.23580656860310634,199.80133926100098
F4,8,fitness,population_persistence,20,5,50,5000,1.0,100,500000,500000,True,100,99,1980,13.741304593336267,13.079139149667439,0.20959620095121279,203.34200509999937
F4,26,fitness,population_persistence,20,5,50,5000,1.0,100,500000,500000,True,100,99,1980,16.443439389449598,15.754613289113243,0.215726772192774,115.66968628999894
F4,29,fitness,population_persistence,20,5,50,5000,1.0,100,500000,500000,True,100,99,1980,14.161428257344264,13.24247498008036,0.22712670390354828,117.34760239699972
F4,27,fitness,population_persistence,20,5,50,5000,1.0,100,500000,500000,True,100,99,1980,14.420729409058277,13.393351103817231,0.21455456935421208,118.65131507000478
F4,31,fitness,population_persistence,20,5,50,5000,1.0,100,500000,500000,True,100,99,1980,13.797799589651964,13.019132517377395,0.23494493300169178,118.32398128199566
F4,28,fitness,population_persistence,20,5,50,5000,1.0,100,500000,500000,True,100,99,1980,13.833771943071861,12.93523962024646,0.22999992587693036,122.61727649999375
F4,30,fitness,population_persistence,20,5,50,5000,1.0,100,500000,500000,True,100,99,1980,14.466613915955786,13.645768597374454,0.21890142686847006,122.63700423800037
F5,3,fitness,population_persistence,20,5,100,5000,1.0,100,500000,500000,True,100,99,1980,13.7641335519724,12.835319569441715,0.24053775193075744,145.21556798501115
F5,6,fitness,population_persistence,20,5,100,5000,1.0,100,500000,500000,True,100,99,1980,13.924393492319378,13.078954551570565,0.24764759300995695,146.19392747498932
F5,4,fitness,population_persistence,20,5,100,5000,1.0,100,500000,500000,True,100,99,1980,14.061257073497117,13.233088295980032,0.23139885169268512,155.41527426800167
F5,1,fitness,population_persistence,20,5,100,5000,1.0,100,500000,500000,True,100,99,1980,13.640865977690458,12.547063856914178,0.24138165596652483,157.80245952600671
F5,5,fitness,population_persistence,20,5,100,5000,1.0,100,500000,500000,True,100,99,1980,12.385364485816039,11.688114544976761,0.21297127389117118,158.89013216100284
F5,8,fitness,population_persistence,20,5,100,5000,1.0,100,500000,500000,True,100,99,1980,12.084214675213893,11.328791015438208,0.20414221524354692,153.19600943299884
F5,2,fitness,population_persistence,20,5,100,5000,1.0,100,500000,500000,True,100,99,1980,13.958703010417377,12.611784505822834,0.24397632808288672,161.94932041599532
F5,11,fitness,population_persistence,20,5,100,5000,1.0,100,500000,500000,True,100,99,1980,13.968590741644302,13.349535226845008,0.25209602382068613,152.2774772260018
F5,12,fitness,population_persistence,20,5,100,5000,1.0,100,500000,500000,True,100,99,1980,13.212423300510286,12.212643277398389,0.24433989791775193,151.55370478899567
F5,7,fitness,population_persistence,20,5,100,5000,1.0,100,500000,500000,True,100,99,1980,13.193481733179976,12.371182905046373,0.25906525276359904,162.45074400100566
F5,9,fitness,population_persistence,20,5,100,5000,1.0,100,500000,500000,True,100,99,1980,13.828987010896162,12.831514440894601,0.23630287534328293,159.23499646500568
F5,13,fitness,population_persistence,20,5,100,5000,1.0,100,500000,500000,True,100,99,1980,13.654474984370397,12.611765657159424,0.24165819431993615,150.3084929179895
F5,10,fitness,population_persistence,20,5,100,5000,1.0,100,500000,500000,True,100,99,1980,14.910953757469233,13.844242730810121,0.2673039701378279,162.13154128599854
F5,14,fitness,population_persistence,20,5,100,5000,1.0,100,500000,500000,True,100,99,1980,13.032591745927473,12.3001064600863,0.2592644703783047,149.4513762199931
F6,3,fitness,population_persistence,20,5,10,2500,1.0,100,250000,250000,True,100,99,1980,15.227907509106137,14.467462129365009,0.20228792763324865,39.295402128002024
F6,1,fitness,population_persistence,20,5,10,2500,1.0,100,250000,250000,True,100,99,1980,15.982483184448668,15.257749977723199,0.1864559366983455,51.669416409000405
F6,2,fitness,population_persistence,20,5,10,2500,1.0,100,250000,250000,True,100,99,1980,19.716448040102534,18.671310704145,0.1860177733935923,52.54417474899674
F6,4,fitness,population_persistence,20,5,10,2500,1.0,100,250000,250000,True,100,99,1980,15.370140434290759,14.707262685492438,0.25960282159301834,39.383890060998965
F5,19,fitness,population_persistence,20,5,100,5000,1.0,100,500000,500000,True,100,99,1980,11.86935457486785,11.050751159686145,0.2356287880788754,143.78239106200635
F5,17,fitness,population_persistence,20,5,100,5000,1.0,100,500000,500000,True,100,99,1980,13.634738717711079,12.88575500830191,0.24635589885464113,149.96900207799627
F6,5,fitness,population_persistence,20,5,10,2500,1.0,100,250000,250000,True,100,99,1980,16.3399170496964,15.363340418086425,0.1304390669029802,41.45621453599597
F5,16,fitness,population_persistence,20,5,100,5000,1.0,100,500000,500000,True,100,99,1980,13.62446978180314,12.939273956832578,0.2494730708383619,151.25332659800188
F6,6,fitness,population_persistence,20,5,10,2500,1.0,100,250000,250000,True,100,99,1980,20.18554528960746,19.25637128155263,0.21197451603444956,41.6417097980011
F5,18,fitness,population_persistence,20,5,100,5000,1.0,100,500000,500000,True,100,99,1980,13.43942678664612,12.538800721879335,0.22249484117169516,151.22640900799888
F5,15,fitness,population_persistence,20,5,100,5000,1.0,100,500000,500000,True,100,99,1980,13.16880032081448,12.34101277179517,0.24574416189149156,165.50041299800796
F5,20,fitness,population_persistence,20,5,100,5000,1.0,100,500000,500000,True,100,99,1980,15.21859052587121,13.938043412389918,0.26320066194160036,155.35405972300214
F6,7,fitness,population_persistence,20,5,10,2500,1.0,100,250000,250000,True,100,99,1980,17.73422408949296,16.52127767911747,0.18596842351245843,40.452393639003276
F5,22,fitness,population_persistence,20,5,100,5000,1.0,100,500000,500000,True,100,99,1980,12.77335956079456,11.978561484925095,0.23575413783827726,148.7615635330003
F5,25,fitness,population_persistence,20,5,100,5000,1.0,100,500000,500000,True,100,99,1980,14.298174810711696,13.231259045798787,0.2556831123120394,140.90006762300618
F5,21,fitness,population_persistence,20,5,100,5000,1.0,100,500000,500000,True,100,99,1980,12.660417128165074,12.015701514795651,0.23917450019683656,158.1272009920067
F6,9,fitness,population_persistence,20,5,10,2500,1.0,100,250000,250000,True,100,99,1980,17.176514123334794,16.403052866389142,0.23937072941223558,38.23452528899361
F6,12,fitness,population_persistence,20,5,10,2500,1.0,100,250000,250000,True,100,99,1980,19.43070825395797,18.408118959638788,0.18207549757462052,38.245720065999194
F5,28,fitness,population_persistence,20,5,100,5000,1.0,100,500000,500000,True,100,99,1980,13.85131389501865,12.785961646664205,0.24673048231166425,141.13617212200188
F6,8,fitness,population_persistence,20,5,10,2500,1.0,100,250000,250000,True,100,99,1980,17.357186565546364,16.415669505910213,0.2305042047052817,42.89567229899694
F5,27,fitness,population_persistence,20,5,100,5000,1.0,100,500000,500000,True,100,99,1980,13.092823929820465,12.024834182796294,0.23140177684394259,147.14619230099197
F5,26,fitness,population_persistence,20,5,100,5000,1.0,100,500000,500000,True,100,99,1980,14.025903581193466,13.047356461241227,0.2529576530718827,148.28630818700185
F6,11,fitness,population_persistence,20,5,10,2500,1.0,100,250000,250000,True,100,99,1980,26.539580508955485,25.737358490071095,0.1205145477319625,43.914751592004905
F5,24,fitness,population_persistence,20,5,100,5000,1.0,100,500000,500000,True,100,99,1980,14.083740624236555,12.822039188391663,0.2422720221566731,154.00521570000274
F5,23,fitness,population_persistence,20,5,100,5000,1.0,100,500000,500000,True,100,99,1980,13.608861181087732,12.794082566919673,0.24968521423265733,155.50636114399822
F6,10,fitness,population_persistence,20,5,10,2500,1.0,100,250000,250000,True,100,99,1980,20.651475286316877,19.640117939052857,0.18685429903022843,45.529029327997705
F5,31,fitness,population_persistence,20,5,100,5000,1.0,100,500000,500000,True,100,99,1980,15.342389812458936,14.398828332000484,0.2472352589488474,143.66100044100313
F6,14,fitness,population_persistence,20,5,10,2500,1.0,100,250000,250000,True,100,99,1980,16.306799072669197,15.625699654064503,0.20417568281605117,45.30205495299015
F5,30,fitness,population_persistence,20,5,100,5000,1.0,100,500000,500000,True,100,99,1980,14.106366583960932,13.397673325681092,0.22661683355953569,149.42342711599485
F6,13,fitness,population_persistence,20,5,10,2500,1.0,100,250000,250000,True,100,99,1980,17.275354552609706,16.600157856785565,0.21298687369216715,52.32245012599742
F6,15,fitness,population_persistence,20,5,10,2500,1.0,100,250000,250000,True,100,99,1980,14.881295334658454,13.965470644938716,0.1921995216526681,46.11077661298623
F5,29,fitness,population_persistence,20,5,100,5000,1.0,100,500000,500000,True,100,99,1980,13.246521569787227,12.535641761173517,0.23636646220872498,156.9987531270017
F7,1,fitness,population_persistence,20,5,10,1000,1.0,100,100000,100000,True,100,99,1980,20.96599844819811,19.763346801078704,0.2262395173483704,15.771731681990786
F6,17,fitness,population_persistence,20,5,10,2500,1.0,100,250000,250000,True,100,99,1980,22.571672951604516,21.673744992818346,0.2536802610367768,38.657719387992984
F7,3,fitness,population_persistence,20,5,10,1000,1.0,100,100000,100000,True,100,99,1980,18.289024098456185,17.246203796990397,0.25946342417302837,15.757254409007146
F6,16,fitness,population_persistence,20,5,10,2500,1.0,100,250000,250000,True,100,99,1980,16.002037983937896,15.493989447557356,0.20128325657689844,44.20098383000004
F7,2,fitness,population_persistence,20,5,10,1000,1.0,100,100000,100000,True,100,99,1980,24.715846280390444,23.15164682247918,0.2100957261845565,18.684431841000332
F6,18,fitness,population_persistence,20,5,10,2500,1.0,100,250000,250000,True,100,99,1980,21.86356813889402,20.782534272181397,0.20180813197110223,40.32360942500236
F6,21,fitness,population_persistence,20,5,10,2500,1.0,100,250000,250000,True,100,99,1980,23.327029433406157,22.627030956618363,0.3263575491103098,38.47343161600293
F7,4,fitness,population_persistence,20,5,10,1000,1.0,100,100000,100000,True,100,99,1980,21.427445997720202,19.890347802913247,0.21777955683279426,19.75041322800098
F6,20,fitness,population_persistence,20,5,10,2500,1.0,100,250000,250000,True,100,99,1980,14.491914608640887,13.551104668631774,0.14213354861686456,41.32731556300132
F6,22,fitness,population_persistence,20,5,10,2500,1.0,100,250000,250000,True,100,99,1980,19.065096552457188,17.549763808948857,0.1716646475538492,42.93104264700378
F6,30,fitness,population_persistence,20,5,10,2500,1.0,100,250000,250000,True,100,99,1980,15.455888259944306,14.347716010748204,0.19252312455232673,39.203519253002014
F6,26,fitness,population_persistence,20,5,10,2500,1.0,100,250000,250000,True,100,99,1980,19.36778806010509,18.66642211939949,0.19372100199183567,41.242956685993704
F7,7,fitness,population_persistence,20,5,10,1000,1.0,100,100000,100000,True,100,99,1980,20.792304356836844,18.822518127291854,0.1819251064996971,15.82640363900282
F7,5,fitness,population_persistence,20,5,10,1000,1.0,100,100000,100000,True,100,99,1980,18.783703808940658,17.31038008539139,0.16047520727460218,20.917161032004515
F6,31,fitness,population_persistence,20,5,10,2500,1.0,100,250000,250000,True,100,99,1980,17.77164339833694,17.02368147905647,0.275701147794102,38.98451405600645
F6,29,fitness,population_persistence,20,5,10,2500,1.0,100,250000,250000,True,100,99,1980,11.460256928737905,10.957762666247675,0.12039915907533802,45.2298679559899
F7,6,fitness,population_persistence,20,5,10,1000,1.0,100,100000,100000,True,100,99,1980,21.502678169261493,20.097799877031417,0.21608310692659302,19.134249946990167
F6,24,fitness,population_persistence,20,5,10,2500,1.0,100,250000,250000,True,100,99,1980,26.646240705105445,25.622717860275426,0.15042088209935128,48.34621713899833
F7,9,fitness,population_persistence,20,5,10,1000,1.0,100,100000,100000,True,100,99,1980,20.71795886898141,19.703584337298874,0.2199092831077208,17.95765152700187
F6,19,fitness,population_persistence,20,5,10,2500,1.0,100,250000,250000,True,100,99,1980,13.43280697553879,12.882612697950153,0.16037282048280474,54.79847334600345
F6,23,fitness,population_persistence,20,5,10,2500,1.0,100,250000,250000,True,100,99,1980,17.547737120943083,16.57732009344469,0.1563854191888619,51.71579652700166
F6,27,fitness,population_persistence,20,5,10,2500,1.0,100,250000,250000,True,100,99,1980,19.923137566931636,18.894604495266293,0.1749847851182021,49.52980124000169
F7,11,fitness,population_persistence,20,5,10,1000,1.0,100,100000,100000,True,100,99,1980,21.480743996186824,20.530478552849043,0.1958428456351894,17.21955248300219
F7,13,fitness,population_persistence,20,5,10,1000,1.0,100,100000,100000,True,100,99,1980,20.664608096211165,19.318816986679423,0.15394495974567582,17.237024873000337
F7,8,fitness,population_persistence,20,5,10,1000,1.0,100,100000,100000,True,100,99,1980,21.749068551407923,20.704697460095698,0.1815272058879312,23.552858911003568
F7,10,fitness,population_persistence,20,5,10,1000,1.0,100,100000,100000,True,100,99,1980,24.242389770318837,22.760459327577202,0.19228314897724508,21.56705210301152
F6,28,fitness,population_persistence,20,5,10,2500,1.0,100,250000,250000,True,100,99,1980,13.034689308486241,12.44834700635158,0.18862617709527968,52.11142814200139
F6,25,fitness,population_persistence,20,5,10,2500,1.0,100,250000,250000,True,100,99,1980,13.361737725221518,12.698201379751124,0.18559235580133587,53.65464490899467
F7,12,fitness,population_persistence,20,5,10,1000,1.0,100,100000,100000,True,100,99,1980,21.205723627080786,20.05028733015296,0.20595451426879025,19.980753834999632
F8,1,fitness,population_persistence,20,5,10,500,1.0,100,50000,50000,True,100,99,1980,20.28893275582389,19.0615393877832,0.14636776713742441,6.822100092002074
F8,2,fitness,population_persistence,20,5,10,500,1.0,100,50000,50000,True,100,99,1980,23.41241359784537,21.52823568838651,0.1824644925179997,8.49827589999768
F8,3,fitness,population_persistence,20,5,10,500,1.0,100,50000,50000,True,100,99,1980,19.916044646305817,18.586197516402375,0.22465465048352315,7.623246438000933
F7,18,fitness,population_persistence,20,5,10,1000,1.0,100,100000,100000,True,100,99,1980,21.825426605478228,20.743189116665576,0.19402174268709163,15.07860183599405
F7,27,fitness,population_persistence,20,5,10,1000,1.0,100,100000,100000,True,100,99,1980,22.0478725705789,21.20068287245747,0.1968382642922397,15.276373765009339
F7,31,fitness,population_persistence,20,5,10,1000,1.0,100,100000,100000,True,100,99,1980,21.48707841031681,19.94014925176205,0.25147745243636777,15.27405035799893
F7,26,fitness,population_persistence,20,5,10,1000,1.0,100,100000,100000,True,100,99,1980,16.89072582160635,15.873319173936205,0.25592743637936144,15.316670622996753
F7,20,fitness,population_persistence,20,5,10,1000,1.0,100,100000,100000,True,100,99,1980,18.875243308369964,17.645928938361543,0.19341584103544543,15.373921550009982
F7,24,fitness,population_persistence,20,5,10,1000,1.0,100,100000,100000,True,100,99,1980,27.42294799904333,26.147740716998573,0.1754358749559011,15.634757127991179
F7,29,fitness,population_persistence,20,5,10,1000,1.0,100,100000,100000,True,100,99,1980,12.755315678424216,11.684713163866972,0.09548961124074475,15.954351763008162
F7,19,fitness,population_persistence,20,5,10,1000,1.0,100,100000,100000,True,100,99,1980,20.420195496805093,19.376783084288615,0.11904820307854039,16.060144134011352
F7,14,fitness,population_persistence,20,5,10,1000,1.0,100,100000,100000,True,100,99,1980,16.988278398208188,16.62244506324557,0.2175254013366333,16.200078912996105
F7,28,fitness,population_persistence,20,5,10,1000,1.0,100,100000,100000,True,100,99,1980,15.238831151411077,13.903875933464917,0.20622419012251839,16.90948764300265
F7,16,fitness,population_persistence,20,5,10,1000,1.0,100,100000,100000,True,100,99,1980,21.994487456221442,20.89731766759239,0.2060111269062909,17.19331444898853
F8,4,fitness,population_persistence,20,5,10,500,1.0,100,50000,50000,True,100,99,1980,22.28863897484197,20.69646693121736,0.17255254259203048,8.960460028989473
F7,17,fitness,population_persistence,20,5,10,1000,1.0,100,100000,100000,True,100,99,1980,21.10740898886316,20.12219759798608,0.26157751535684354,17.49554899499344
F7,25,fitness,population_persistence,20,5,10,1000,1.0,100,100000,100000,True,100,99,1980,18.643248820215383,17.567311522069243,0.18610138700908155,18.199360701997648
F7,23,fitness,population_persistence,20,5,10,1000,1.0,100,100000,100000,True,100,99,1980,18.493086596727412,17.205294989764717,0.15855491804617958,18.20604042899504
F7,21,fitness,population_persistence,20,5,10,1000,1.0,100,100000,100000,True,100,99,1980,26.635523137191253,25.13039886760833,0.339012363207646,18.391982834000373
F7,15,fitness,population_persistence,20,5,10,1000,1.0,100,100000,100000,True,100,99,1980,18.410445314317986,17.476550507138207,0.21818453999424645,19.15511414599314
F7,30,fitness,population_persistence,20,5,10,1000,1.0,100,100000,100000,True,100,99,1980,18.653065380146355,16.96622122703033,0.22124224875313375,19.621625536005013
F7,22,fitness,population_persistence,20,5,10,1000,1.0,100,100000,100000,True,100,99,1980,23.651243759120657,22.731753315509426,0.15816330676820511,20.88250220300688
F8,5,fitness,population_persistence,20,5,10,500,1.0,100,50000,50000,True,100,99,1980,17.44582368066147,16.585696487492633,0.10797063387334727,8.005307759012794
F8,6,fitness,population_persistence,20,5,10,500,1.0,100,50000,50000,True,100,99,1980,24.341309007090608,22.977689251380053,0.21284703028398644,7.709842666998156
F8,7,fitness,population_persistence,20,5,10,500,1.0,100,50000,50000,True,100,99,1980,27.10522363579707,25.138817791841962,0.20399618897437513,7.950882563993218
F8,11,fitness,population_persistence,20,5,10,500,1.0,100,50000,50000,True,100,99,1980,24.278895262498892,22.87914377499793,0.18434865515108503,7.682032741999137
F8,12,fitness,population_persistence,20,5,10,500,1.0,100,50000,50000,True,100,99,1980,23.603779684767947,22.12205110502594,0.18824405452314075,7.747964630005299
F8,8,fitness,population_persistence,20,5,10,500,1.0,100,50000,50000,True,100,99,1980,21.880977052274346,20.51287720100772,0.22279166634683756,8.88723748200573
F8,9,fitness,population_persistence,20,5,10,500,1.0,100,50000,50000,True,100,99,1980,20.861007020001733,19.42520157238572,0.21884837805146656,9.452573114002007
F8,10,fitness,population_persistence,20,5,10,500,1.0,100,50000,50000,True,100,99,1980,23.65999541826527,22.14130986938957,0.20093385011786247,9.551692388005904
F8,16,fitness,population_persistence,20,5,10,500,1.0,100,50000,50000,True,100,99,1980,24.368845452326763,22.700644542008998,0.2167378754812397,8.214356668991968
F8,14,fitness,population_persistence,20,5,10,500,1.0,100,50000,50000,True,100,99,1980,22.55645990727306,20.992827283325706,0.229220894354762,9.249703470995883
F8,15,fitness,population_persistence,20,5,10,500,1.0,100,50000,50000,True,100,99,1980,22.31011962736165,20.737532307789593,0.19519083154951952,8.882554001000244
F8,19,fitness,population_persistence,20,5,10,500,1.0,100,50000,50000,True,100,99,1980,20.40429706269143,19.095240876789266,0.19218302235509194,7.729691585991532
F8,18,fitness,population_persistence,20,5,10,500,1.0,100,50000,50000,True,100,99,1980,20.34217307734085,19.15879193134918,0.20656851986240707,8.459543967997888
F8,21,fitness,population_persistence,20,5,10,500,1.0,100,50000,50000,True,100,99,1980,28.975797603846566,27.108759235764964,0.32562674612904313,7.8183928380021825
F8,17,fitness,population_persistence,20,5,10,500,1.0,100,50000,50000,True,100,99,1980,31.938842161770648,29.406524915174135,0.27446539367712985,8.914566349005327
F8,13,fitness,population_persistence,20,5,10,500,1.0,100,50000,50000,True,100,99,1980,24.45118056141432,22.71068260712739,0.15267414193206563,10.715072306993534
F8,22,fitness,population_persistence,20,5,10,500,1.0,100,50000,50000,True,100,99,1980,24.1134825974542,22.76228655443793,0.25650297377465725,8.68792781799857
F8,20,fitness,population_persistence,20,5,10,500,1.0,100,50000,50000,True,100,99,1980,24.20297434276142,22.60776948459206,0.18201138548968984,10.097126588996616
F8,23,fitness,population_persistence,20,5,10,500,1.0,100,50000,50000,True,100,99,1980,25.33729755681365,23.644952331752958,0.17706733622186255,9.772419742002967
F8,24,fitness,population_persistence,20,5,10,500,1.0,100,50000,50000,True,100,99,1980,33.68686004940221,32.01502523688937,0.2269505904012696,8.694586400000844
F8,25,fitness,population_persistence,20,5,10,500,1.0,100,50000,50000,True,100,99,1980,20.70378962974625,19.58418171627759,0.17955676584722968,7.390122244003578
F8,26,fitness,population_persistence,20,5,10,500,1.0,100,50000,50000,True,100,99,1980,20.34309369743223,19.221786975826035,0.28728921170087096,8.23005167300289
F8,27,fitness,population_persistence,20,5,10,500,1.0,100,50000,50000,True,100,99,1980,23.465917141257158,22.111179737410865,0.19905515050160716,8.108289210998919
F8,28,fitness,population_persistence,20,5,10,500,1.0,100,50000,50000,True,100,99,1980,21.363318102001585,20.034214656870937,0.13312994732093683,8.69661836400337
F8,29,fitness,population_persistence,20,5,10,500,1.0,100,50000,50000,True,100,99,1980,17.567214534218184,16.367181594964766,0.16169791533110886,8.572882088003098
F8,31,fitness,population_persistence,20,5,10,500,1.0,100,50000,50000,True,100,99,1980,24.387636809270074,22.77375874024126,0.2643860047353236,8.817894726002123
F8,30,fitness,population_persistence,20,5,10,500,1.0,100,50000,50000,True,100,99,1980,18.100235771163085,16.8240859440104,0.2030512599049527,9.604493645994808
F9,10,fitness,population_persistence,20,10,10,5000,1.0,100,500000,500000,True,100,99,1980,49.344720402367194,46.082617571966914,0.1725386496804,117.4197627639951
F9,6,fitness,population_persistence,20,10,10,5000,1.0,100,500000,500000,True,100,99,1980,47.5342883845603,45.330541256344766,0.19409622927144377,123.3942134789977
F9,5,fitness,population_persistence,20,10,10,5000,1.0,100,500000,500000,True,100,99,1980,44.15575097253114,42.37427713085793,0.1357194665135872,124.77292802200827
F9,14,fitness,population_persistence,20,10,10,5000,1.0,100,500000,500000,True,100,99,1980,36.74916105759949,35.650246380966884,0.13009017284984362,122.97493197501171
F9,12,fitness,population_persistence,20,10,10,5000,1.0,100,500000,500000,True,100,99,1980,45.525089896227044,42.96302256775502,0.1564429974590369,123.66692572699685
F9,3,fitness,population_persistence,20,10,10,5000,1.0,100,500000,500000,True,100,99,1980,44.837298623512545,43.14044020570828,0.20358178872666344,128.34388036900782
F9,13,fitness,population_persistence,20,10,10,5000,1.0,100,500000,500000,True,100,99,1980,26.922303604215802,25.414084197458525,0.0932822877421607,125.32776899798773
F9,8,fitness,population_persistence,20,10,10,5000,1.0,100,500000,500000,True,100,99,1980,39.979138625744746,36.82151857563782,0.14518566018381757,133.8809542950039
F9,1,fitness,population_persistence,20,10,10,5000,1.0,100,500000,500000,True,100,99,1980,38.96242927225016,37.21400000222289,0.1728764547020476,139.16083256500133
F9,15,fitness,population_persistence,20,10,10,5000,1.0,100,500000,500000,True,100,99,1980,38.23167404161248,35.93254734788313,0.11121371449500451,135.62218989999383
F9,16,fitness,population_persistence,20,10,10,5000,1.0,100,500000,500000,True,100,99,1980,41.84174486201922,40.235318764180796,0.10352097421491584,136.11713058900204
F9,4,fitness,population_persistence,20,10,10,5000,1.0,100,500000,500000,True,100,99,1980,39.9113843069289,38.644491889089366,0.1488274458198527,141.81079526100075
F9,20,fitness,population_persistence,20,10,10,5000,1.0,100,500000,500000,True,100,99,1980,37.11736413460806,35.786958725597295,0.08186921296842463,134.7270190690033
F9,9,fitness,population_persistence,20,10,10,5000,1.0,100,500000,500000,True,100,99,1980,37.91700838031617,36.934930375722075,0.23218961583947273,142.5226922980073
F9,7,fitness,population_persistence,20,10,10,5000,1.0,100,500000,500000,True,100,99,1980,30.197894853772954,28.09493945922336,0.1285772680297441,143.50439835600264
F9,17,fitness,population_persistence,20,10,10,5000,1.0,100,500000,500000,True,100,99,1980,37.58128914665728,35.59022293121275,0.24037520954321492,139.07296186299936
F9,11,fitness,population_persistence,20,10,10,5000,1.0,100,500000,500000,True,100,99,1980,46.06692603835843,43.01789569270718,0.21340280368741277,149.84843692999857
F9,19,fitness,population_persistence,20,10,10,5000,1.0,100,500000,500000,True,100,99,1980,25.83231824206399,24.84836507091744,0.04544129250497112,147.75764923800307
F9,2,fitness,population_persistence,20,10,10,5000,1.0,100,500000,500000,True,100,99,1980,48.704991072242585,45.663686511852745,0.13928334332680553,158.33430806700198
F9,18,fitness,population_persistence,20,10,10,5000,1.0,100,500000,500000,True,100,99,1980,41.63122313390945,39.57052292184869,0.16593259814417713,152.6266337220004
F9,28,fitness,population_persistence,20,10,10,5000,1.0,100,500000,500000,True,100,99,1980,36.446515514163636,35.09802525429791,0.13849657855173145,150.4106567550043
F9,27,fitness,population_persistence,20,10,10,5000,1.0,100,500000,500000,True,100,99,1980,46.38586422168352,43.63583246723114,0.17382630664558904,166.4713755470002
F9,29,fitness,population_persistence,20,10,10,5000,1.0,100,500000,500000,True,100,99,1980,41.83492027260856,40.583856846923815,0.16536299305655153,158.59719462499197
F9,24,fitness,population_persistence,20,10,10,5000,1.0,100,500000,500000,True,100,99,1980,39.45014842216167,37.28972169570968,0.12182228411082108,169.96405588799098
F9,26,fitness,population_persistence,20,10,10,5000,1.0,100,500000,500000,True,100,99,1980,40.11178481066818,38.81031894085391,0.18076480760937183,173.66781290399376
F9,23,fitness,population_persistence,20,10,10,5000,1.0,100,500000,500000,True,100,99,1980,42.64729320570324,40.562265557099806,0.22405316363506228,178.75650431599934
F9,21,fitness,population_persistence,20,10,10,5000,1.0,100,500000,500000,True,100,99,1980,34.516035546094514,33.174566914219874,0.13834766186000377,184.80176945899439
F9,30,fitness,population_persistence,20,10,10,5000,1.0,100,500000,500000,True,100,99,1980,38.507991359173545,37.183179578851544,0.18071542026329532,163.62970132600458
F9,22,fitness,population_persistence,20,10,10,5000,1.0,100,500000,500000,True,100,99,1980,29.391201863989387,28.211882129424975,0.11637334132189224,188.1300594589993
F9,25,fitness,population_persistence,20,10,10,5000,1.0,100,500000,500000,True,100,99,1980,44.44843320291105,42.63169034441209,0.177832540688789,189.31613677900168
F9,31,fitness,population_persistence,20,10,10,5000,1.0,100,500000,500000,True,100,99,1980,30.55789158648705,29.35751849330191,0.16478737886406142,193.16402901800757
F10,5,fitness,population_persistence,20,20,10,5000,1.0,100,500000,500000,True,100,99,1980,149.07610696946074,141.00268225007162,0.15025475870395882,198.9274458370055
F10,8,fitness,population_persistence,20,20,10,5000,1.0,100,500000,500000,True,100,99,1980,120.95995264148772,113.97795819963268,0.1965449113428406,201.8944061860093
F10,9,fitness,population_persistence,20,20,10,5000,1.0,100,500000,500000,True,100,99,1980,106.35244134536106,100.65504702143129,0.15312839975581385,206.37415521200455
F10,1,fitness,population_persistence,20,20,10,5000,1.0,100,500000,500000,True,100,99,1980,117.56798885368438,111.48570514668472,0.17197979903923324,223.73207368899602
F10,3,fitness,population_persistence,20,20,10,5000,1.0,100,500000,500000,True,100,99,1980,91.00298254113922,85.06774711250613,0.09502217126636976,224.52149424199888
F10,4,fitness,population_persistence,20,20,10,5000,1.0,100,500000,500000,True,100,99,1980,136.4444820454634,129.59256500394696,0.1421325667336134,225.23425268399296
F10,2,fitness,population_persistence,20,20,10,5000,1.0,100,500000,500000,True,100,99,1980,109.04059965533398,104.1250361258462,0.10387870508668913,234.3511594320007
F10,6,fitness,population_persistence,20,20,10,5000,1.0,100,500000,500000,True,100,99,1980,101.42139289584858,97.21820180761965,0.12879107817811683,227.64643547000014
F10,7,fitness,population_persistence,20,20,10,5000,1.0,100,500000,500000,True,100,99,1980,79.88257660159795,76.03869298538707,0.08585006166771826,238.60578121099388
F10,11,fitness,population_persistence,20,20,10,5000,1.0,100,500000,500000,True,100,99,1980,119.71615952661747,113.28940907253528,0.10369149468007878,143.89645330600615
F10,12,fitness,population_persistence,20,20,10,5000,1.0,100,500000,500000,True,100,99,1980,119.51216494555825,114.1956695671301,0.15446938494078713,177.09997789599583
F10,18,fitness,population_persistence,20,20,10,5000,1.0,100,500000,500000,True,100,99,1980,109.97987458844165,103.89689653278965,0.1509604735360397,192.03987841500202
F10,14,fitness,population_persistence,20,20,10,5000,1.0,100,500000,500000,True,100,99,1980,88.5149899735065,83.661739169332,0.141262044471075,203.00529684399953
F10,17,fitness,population_persistence,20,20,10,5000,1.0,100,500000,500000,True,100,99,1980,98.16250889400855,93.5641012475441,0.07949328864636007,201.89437241600535
F10,13,fitness,population_persistence,20,20,10,5000,1.0,100,500000,500000,True,100,99,1980,111.68444270740426,106.32051213323128,0.1539349950669921,211.58294398100406
F10,15,fitness,population_persistence,20,20,10,5000,1.0,100,500000,500000,True,100,99,1980,102.84150528345214,96.60004746151668,0.10032475976747005,208.798934698003
F10,16,fitness,population_persistence,20,20,10,5000,1.0,100,500000,500000,True,100,99,1980,139.7021457134895,131.94982165667957,0.14355816267200563,210.6510289729922
F11,4,fitness,population_persistence,20,5,10,5000,2.0,100,500000,500000,True,100,99,1980,16.09569879143514,15.1858517210848,0.282010559178584,140.2606478809903
F10,26,fitness,population_persistence,20,20,10,5000,1.0,100,500000,500000,True,100,99,1980,120.27477635162232,113.62175016369966,0.1356358469373151,152.81649871099216
F11,2,fitness,population_persistence,20,5,10,5000,2.0,100,500000,500000,True,100,99,1980,20.733570335045478,19.482202315034797,0.2236574272989815,153.31606788201316
F11,3,fitness,population_persistence,20,5,10,5000,2.0,100,500000,500000,True,100,99,1980,15.992949204183802,14.93831110181846,0.2227016175804554,154.93153132300358
F11,6,fitness,population_persistence,20,5,10,5000,2.0,100,500000,500000,True,100,99,1980,17.857241059443474,16.66175265434404,0.20976375014045345,160.09702324699902
F11,5,fitness,population_persistence,20,5,10,5000,2.0,100,500000,500000,True,100,99,1980,14.712101344119288,13.900752129818125,0.14844015084484946,160.7400962600077
F11,1,fitness,population_persistence,20,5,10,5000,2.0,100,500000,500000,True,100,99,1980,15.406936206460312,14.372002172129962,0.17414970302167618,174.3845880459994
F10,20,fitness,population_persistence,20,20,10,5000,1.0,100,500000,500000,True,100,99,1980,142.05486257232332,133.34715000826222,0.14422127174999,189.48555480899813
F10,30,fitness,population_persistence,20,20,10,5000,1.0,100,500000,500000,True,100,99,1980,104.30976231112464,98.01352979150694,0.14814946438369647,193.1814025670028
F10,25,fitness,population_persistence,20,20,10,5000,1.0,100,500000,500000,True,100,99,1980,92.76084219130789,88.83328284960302,0.1206501669845038,194.1477542490029
F10,21,fitness,population_persistence,20,20,10,5000,1.0,100,500000,500000,True,100,99,1980,126.51067389921229,119.08515004439901,0.11759974462952771,197.66755925500183
F10,29,fitness,population_persistence,20,20,10,5000,1.0,100,500000,500000,True,100,99,1980,101.30033469576743,96.55318078712307,0.19574041045500906,201.03942326900142
F10,31,fitness,population_persistence,20,20,10,5000,1.0,100,500000,500000,True,100,99,1980,119.61681722603433,112.4851981876879,0.2237852610879777,202.59144436501083
F10,24,fitness,population_persistence,20,20,10,5000,1.0,100,500000,500000,True,100,99,1980,99.64927636622345,93.75562524385329,0.15371927303353256,206.4093879610009
F10,22,fitness,population_persistence,20,20,10,5000,1.0,100,500000,500000,True,100,99,1980,115.11900334221963,107.26424307800049,0.145533388135969,207.1367631739995
F10,28,fitness,population_persistence,20,20,10,5000,1.0,100,500000,500000,True,100,99,1980,100.14524386506442,95.86398849452993,0.12853732311123028,207.43165791399952
F10,27,fitness,population_persistence,20,20,10,5000,1.0,100,500000,500000,True,100,99,1980,107.66548119458677,101.20116787096285,0.10019451454923264,208.46166659799928
F10,10,fitness,population_persistence,20,20,10,5000,1.0,100,500000,500000,True,100,99,1980,102.97180639347314,97.4667226486535,0.10065990120396029,211.41626096901018
F10,23,fitness,population_persistence,20,20,10,5000,1.0,100,500000,500000,True,100,99,1980,104.90314030880793,99.33390744249056,0.09063393739424477,224.0105033120053
F10,19,fitness,population_persistence,20,20,10,5000,1.0,100,500000,500000,True,100,99,1980,95.21927019605522,89.33700121843576,0.11097302478660093,254.31843598400883
F11,7,fitness,population_persistence,20,5,10,5000,2.0,100,500000,500000,True,100,99,1980,15.421695503268603,13.983135983476009,0.17622731640762176,157.67061776800256
F11,10,fitness,population_persistence,20,5,10,5000,2.0,100,500000,500000,True,100,99,1980,19.4509256012028,18.54864223569942,0.19526033349838234,157.93471022800077
F11,9,fitness,population_persistence,20,5,10,5000,2.0,100,500000,500000,True,100,99,1980,19.202944854236772,18.394763567335502,0.19020811576860297,162.5495740979968
F11,8,fitness,population_persistence,20,5,10,5000,2.0,100,500000,500000,True,100,99,1980,17.70721387637211,16.965861528880545,0.17676604964494813,166.3077214549994
F11,13,fitness,population_persistence,20,5,10,5000,2.0,100,500000,500000,True,100,99,1980,16.984596636136565,15.987022854960669,0.17898304782999577,156.15192145400215
F11,15,fitness,population_persistence,20,5,10,5000,2.0,100,500000,500000,True,100,99,1980,16.10536521496018,15.157134884710583,0.22293262785667828,144.87178613500146
F11,17,fitness,population_persistence,20,5,10,5000,2.0,100,500000,500000,True,100,99,1980,19.757047851884927,19.26734183269826,0.24718037362194634,141.00934056700498
F11,11,fitness,population_persistence,20,5,10,5000,2.0,100,500000,500000,True,100,99,1980,17.950909785856688,17.08170091417409,0.21831567119562914,181.74464646799606
F11,12,fitness,population_persistence,20,5,10,5000,2.0,100,500000,500000,True,100,99,1980,18.53637380170122,17.200485451566326,0.17882703994654253,183.15806995298772
F11,14,fitness,population_persistence,20,5,10,5000,2.0,100,500000,500000,True,100,99,1980,13.149750438852841,12.653398177643558,0.2180163919795994,162.78517540800385
F11,25,fitness,population_persistence,20,5,10,5000,2.0,100,500000,500000,True,100,99,1980,17.204615101803036,16.352465538990337,0.1647092050394687,129.92901480999717
F11,20,fitness,population_persistence,20,5,10,5000,2.0,100,500000,500000,True,100,99,1980,13.618763059458724,12.789818123051043,0.1682836716919422,147.8348498080013
F11,18,fitness,population_persistence,20,5,10,5000,2.0,100,500000,500000,True,100,99,1980,19.636257182906224,18.658316926848585,0.20895954390467128,154.6682990410045
F11,23,fitness,population_persistence,20,5,10,5000,2.0,100,500000,500000,True,100,99,1980,14.913686113193835,14.161219634918933,0.1389953360291067,157.3059830209968
F11,21,fitness,population_persistence,20,5,10,5000,2.0,100,500000,500000,True,100,99,1980,22.825015929448,21.956033245136236,0.31296000503707766,163.37734574699425
F11,16,fitness,population_persistence,20,5,10,5000,2.0,100,500000,500000,True,100,99,1980,17.887376448937914,16.986285521910478,0.2135329959724297,178.3701847689954
F11,24,fitness,population_persistence,20,5,10,5000,2.0,100,500000,500000,True,100,99,1980,21.332852054660478,20.266153307525773,0.17096265847023534,173.10961638900335
F11,19,fitness,population_persistence,20,5,10,5000,2.0,100,500000,500000,True,100,99,1980,14.334788643177658,13.436296258643017,0.1581286539726062,189.10290802999225
F11,26,fitness,population_persistence,20,5,10,5000,2.0,100,500000,500000,True,100,99,1980,19.576940507368274,18.87193824119022,0.17886830567004008,147.02192026400007
F11,22,fitness,population_persistence,20,5,10,5000,2.0,100,500000,500000,True,100,99,1980,16.341037522665488,15.463058625186552,0.24757697346137106,198.89001591299893
F11,27,fitness,population_persistence,20,5,10,5000,2.0,100,500000,500000,True,100,99,1980,17.236847598146902,16.324201525469306,0.16869220215376346,158.89356690501154
F11,28,fitness,population_persistence,20,5,10,5000,2.0,100,500000,500000,True,100,99,1980,15.275709648839037,14.4797200584173,0.12030210725140136,152.79906884500815
F11,29,fitness,population_persistence,20,5,10,5000,2.0,100,500000,500000,True,100,99,1980,10.930053544996177,10.0584770724369,0.12672303282430517,160.0515314390068
F11,30,fitness,population_persistence,20,5,10,5000,2.0,100,500000,500000,True,100,99,1980,12.36267406937883,11.578743532817553,0.17111490940192195,165.35269214199798
F11,31,fitness,population_persistence,20,5,10,5000,2.0,100,500000,500000,True,100,99,1980,16.217106232661887,15.329526447206936,0.26446696633798217,157.169150850008
F12,1,fitness,population_persistence,20,5,10,5000,5.0,100,500000,500000,True,100,99,1980,18.896023915871254,17.522394958814903,0.17398634061144216,149.76902885599702
F12,9,fitness,population_persistence,20,5,10,5000,5.0,100,500000,500000,True,100,99,1980,18.77707366013328,17.85244652828054,0.2537801217867789,139.58851950200915
F12,2,fitness,population_persistence,20,5,10,5000,5.0,100,500000,500000,True,100,99,1980,19.33975635141039,17.963154478416538,0.21850909122019954,170.29384295899945
F12,3,fitness,population_persistence,20,5,10,5000,5.0,100,500000,500000,True,100,99,1980,16.926398087922163,15.266611761341869,0.20859931214491043,173.11272263899446
F12,7,fitness,population_persistence,20,5,10,5000,5.0,100,500000,500000,True,100,99,1980,16.871145931551762,15.358514789095103,0.1786598088714089,166.3292872239981
F12,8,fitness,population_persistence,20,5,10,5000,5.0,100,500000,500000,True,100,99,1980,16.21439994086467,14.886387464556917,0.16568929401934732,166.34178215100837
F12,5,fitness,population_persistence,20,5,10,5000,5.0,100,500000,500000,True,100,99,1980,19.53723733597923,18.22193219936152,0.1138605594303023,170.43135497899493
F12,4,fitness,population_persistence,20,5,10,5000,5.0,100,500000,500000,True,100,99,1980,17.38913558749759,16.306910142581287,0.230222619064673,179.2233830759942
F12,6,fitness,population_persistence,20,5,10,5000,5.0,100,500000,500000,True,100,99,1980,20.131227527196057,18.500426352254827,0.21502674391177737,177.61666284799867
F12,10,fitness,population_persistence,20,5,10,5000,5.0,100,500000,500000,True,100,99,1980,19.669432416764916,18.31769400767937,0.21444554214455325,161.92724430200178
F12,11,fitness,population_persistence,20,5,10,5000,5.0,100,500000,500000,True,100,99,1980,16.52259128857579,15.140463384929644,0.17516232656604047,136.14886327300337
F12,22,fitness,population_persistence,20,5,10,5000,5.0,100,500000,500000,True,100,99,1980,18.279133277102762,16.784290085272584,0.17604683160540563,143.17403328299406
F12,13,fitness,population_persistence,20,5,10,5000,5.0,100,500000,500000,True,100,99,1980,18.060607433692027,16.816427176435553,0.17176151832942957,148.4453530109895
F12,19,fitness,population_persistence,20,5,10,5000,5.0,100,500000,500000,True,100,99,1980,15.168113017994095,14.000291290642362,0.13506145709096132,150.8022575530049
F12,29,fitness,population_persistence,20,5,10,5000,5.0,100,500000,500000,True,100,99,1980,15.072230844930656,14.047003852709937,0.17278747439858522,152.71150552699692
F12,14,fitness,population_persistence,20,5,10,5000,5.0,100,500000,500000,True,100,99,1980,21.113467494417304,19.782542384101813,0.2273691346764652,154.6017002449953
F12,15,fitness,population_persistence,20,5,10,5000,5.0,100,500000,500000,True,100,99,1980,21.39158239427481,20.337885181430842,0.2174694774317518,154.64254503899429
F12,28,fitness,population_persistence,20,5,10,5000,5.0,100,500000,500000,True,100,99,1980,18.500927256636373,17.07344343463001,0.15850290914870563,158.0846060729964
F12,21,fitness,population_persistence,20,5,10,5000,5.0,100,500000,500000,True,100,99,1980,19.676308478919584,18.03496540916028,0.25263912451809545,162.70465681698988
F12,20,fitness,population_persistence,20,5,10,5000,5.0,100,500000,500000,True,100,99,1980,15.441151073371604,14.148968201449806,0.1332491003039704,163.7104773040046
F12,12,fitness,population_persistence,20,5,10,5000,5.0,100,500000,500000,True,100,99,1980,19.13430444060525,17.714107398703533,0.17548216857314067,164.167851487
F12,18,fitness,population_persistence,20,5,10,5000,5.0,100,500000,500000,True,100,99,1980,22.059178936917537,20.810997463556358,0.210336190919026,166.8537499540107
F12,17,fitness,population_persistence,20,5,10,5000,5.0,100,500000,500000,True,100,99,1980,21.741438472160606,19.953636329343556,0.2272019160037908,167.07931947500037
F12,16,fitness,population_persistence,20,5,10,5000,5.0,100,500000,500000,True,100,99,1980,18.16093455373762,17.00115326692502,0.20274484471779738,167.33048080699518
F12,24,fitness,population_persistence,20,5,10,5000,5.0,100,500000,500000,True,100,99,1980,23.41808950486122,21.987948813224545,0.26100317266435913,167.48501537299308
F12,27,fitness,population_persistence,20,5,10,5000,5.0,100,500000,500000,True,100,99,1980,19.204795493563463,18.139591671342362,0.21971919882180393,172.11432002500806
F12,26,fitness,population_persistence,20,5,10,5000,5.0,100,500000,500000,True,100,99,1980,21.426095274116186,20.201260486615496,0.19742005229574813,173.00643225500244
F12,25,fitness,population_persistence,20,5,10,5000,5.0,100,500000,500000,True,100,99,1980,16.429981437860533,14.947425710186701,0.1408093267242252,174.1530322119943
F12,23,fitness,population_persistence,20,5,10,5000,5.0,100,500000,500000,True,100,99,1980,14.483491059901672,12.77107822289777,0.12916898874043486,175.4565070420067
F12,30,fitness,population_persistence,20,5,10,5000,5.0,100,500000,500000,True,100,99,1980,14.516113587772706,13.236639465844103,0.16182194770240427,178.31688755299547
F12,31,fitness,population_persistence,20,5,10,5000,5.0,100,500000,500000,True,100,99,1980,19.85222710772586,18.558542621057438,0.23998031498469385,111.9325507950125
