case,seed,alg,mode,NP,dimension,peaks,change_frequency,shift_severity,environments,max_evals,realized_FE,budget_exact,environments_completed,changes_seen,reevaluation_FE,offline_error,best_error_before_change,mean_population_diversity,wall_seconds
F2,5,SGO,population_persistence,20,5,10,5000,1.0,100,500000,500000,True,100,99,1980,29.520928011165093,28.543794325718505,0.10225959351390061,64.95142530600424
F2,3,SGO,cold_restart,20,5,10,5000,1.0,100,500000,500000,True,100,99,1980,22.66231657804463,19.948654291495703,0.2777408187902094,65.86206171198864
F2,6,SGO,cold_restart,20,5,10,5000,1.0,100,500000,500000,True,100,99,1980,26.49318479862705,23.634787862652107,0.27765632914252414,66.32430297200335
F2,4,SGO,cold_restart,20,5,10,5000,1.0,100,500000,500000,True,100,99,1980,25.52082534536008,22.654768608255008,0.28084464956693395,66.53991548001068
F2,3,SGO,population_persistence,20,5,10,5000,1.0,100,500000,500000,True,100,99,1980,44.33317747114542,42.63857998779804,0.07350226673371847,70.68425415999081
F2,1,SGO,population_persistence,20,5,10,5000,1.0,100,500000,500000,True,100,99,1980,29.97411703011027,28.735382653256842,0.1030163592364208,72.41141003899975
F2,2,SGO,population_persistence,20,5,10,5000,1.0,100,500000,500000,True,100,99,1980,20.13393062636535,19.4856020643898,0.08358014492503861,72.52215196398902
F2,2,SGO,previous_best_seeded,20,5,10,5000,1.0,100,500000,500000,True,100,99,1980,16.956406631659718,14.78128911850109,0.27801014788189377,72.85458579800616
F2,5,SGO,cold_restart,20,5,10,5000,1.0,100,500000,500000,True,100,99,1980,26.39916722740462,23.438063029571158,0.2812204814838542,73.08381987598841
F2,1,SGO,previous_best_seeded,20,5,10,5000,1.0,100,500000,500000,True,100,99,1980,24.49587463633979,22.43345853928469,0.2797597364483392,74.51769065699773
F2,7,SGO,cold_restart,20,5,10,5000,1.0,100,500000,500000,True,100,99,1980,24.02670186461556,21.206887297648873,0.2800337325851905,76.12589768100588
F2,7,SGO,previous_best_seeded,20,5,10,5000,1.0,100,500000,500000,True,100,99,1980,16.78298471907421,14.603335854741234,0.2750170807646666,76.87620583300304
F2,4,SGO,previous_best_seeded,20,5,10,5000,1.0,100,500000,500000,True,100,99,1980,20.353783664645537,18.172857390821147,0.2786227732190213,77.44502904800174
F2,4,SGO,population_persistence,20,5,10,5000,1.0,100,500000,500000,True,100,99,1980,32.8984310529814,31.87162198776991,0.05671380846467732,78.43393443099922
F2,6,SGO,population_persistence,20,5,10,5000,1.0,100,500000,500000,True,100,99,1980,36.60451148717292,35.14624944509711,0.076074685041982,78.72533289100102
F2,5,SGO,previous_best_seeded,20,5,10,5000,1.0,100,500000,500000,True,100,99,1980,19.295456699103894,17.49835777829269,0.2855688813659544,78.9950799060025
F2,3,SGO,previous_best_seeded,20,5,10,5000,1.0,100,500000,500000,True,100,99,1980,18.632566853112294,16.485204013258276,0.2761963357268826,82.09622304300137
F2,6,SGO,previous_best_seeded,20,5,10,5000,1.0,100,500000,500000,True,100,99,1980,22.813702002853518,20.771988381341334,0.27917858166179293,86.57699038699502
F2,1,SGO,cold_restart,20,5,10,5000,1.0,100,500000,500000,True,100,99,1980,26.489218166392103,23.610884623550845,0.28144035271804135,90.58094257600897
F2,2,SGO,cold_restart,20,5,10,5000,1.0,100,500000,500000,True,100,99,1980,25.376380449389092,22.406038375133093,0.27878026689956636,92.89906187800807
F2,8,SGO,cold_restart,20,5,10,5000,1.0,100,500000,500000,True,100,99,1980,24.162164207583718,21.30565534394699,0.2842641794361276,69.52496102401346
F2,9,SGO,cold_restart,20,5,10,5000,1.0,100,500000,500000,True,100,99,1980,23.4699683279154,20.369598612009096,0.27997573777454915,68.18223165700329
F2,7,SGO,population_persistence,20,5,10,5000,1.0,100,500000,500000,True,100,99,1980,32.11133752938617,31.692252875574418,0.07081076471803242,76.94620946199575
F2,11,SGO,population_persistence,20,5,10,5000,1.0,100,500000,500000,True,100,99,1980,56.8578324117121,55.155628166885066,0.07572741103562142,68.60986564400082
F2,11,SGO,previous_best_seeded,20,5,10,5000,1.0,100,500000,500000,True,100,99,1980,26.111251604178563,23.04521528671112,0.2772658025675931,71.23666669399245
F2,12,SGO,previous_best_seeded,20,5,10,5000,1.0,100,500000,500000,True,100,99,1980,19.487333089489496,17.352865516589247,0.2783533054409472,69.60403154800588
F2,11,SGO,cold_restart,20,5,10,5000,1.0,100,500000,500000,True,100,99,1980,29.546223130934774,26.40821554183283,0.2797764744006321,72.31552448199363
F2,9,SGO,previous_best_seeded,20,5,10,5000,1.0,100,500000,500000,True,100,99,1980,16.09971866611269,14.113188693722112,0.2769568202751175,77.42728160599654
F2,13,SGO,cold_restart,20,5,10,5000,1.0,100,500000,500000,True,100,99,1980,24.54802981739998,21.62575655118026,0.28181917579804855,68.81140686699655
F2,10,SGO,population_persistence,20,5,10,5000,1.0,100,500000,500000,True,100,99,1980,51.96566190203485,50.2527615422496,0.041286859201927796,76.77029514900642
F2,8,SGO,population_persistence,20,5,10,5000,1.0,100,500000,500000,True,100,99,1980,59.919521770205286,57.55594539143508,0.05374525698916938,86.17220593299135
F2,10,SGO,cold_restart,20,5,10,5000,1.0,100,500000,500000,True,100,99,1980,27.11555878438443,24.795929794576573,0.2797724165533843,81.52733510899998
F2,12,SGO,cold_restart,20,5,10,5000,1.0,100,500000,500000,True,100,99,1980,25.767574815118536,23.330562663794826,0.278594095751895,76.20573634799803
F2,8,SGO,previous_best_seeded,20,5,10,5000,1.0,100,500000,500000,True,100,99,1980,21.414255845110112,19.213832870795162,0.2838897321581433,91.48471710599551
F2,13,SGO,previous_best_seeded,20,5,10,5000,1.0,100,500000,500000,True,100,99,1980,22.041591640270703,18.932857507659463,0.279106372253435,73.48095647100126
F2,10,SGO,previous_best_seeded,20,5,10,5000,1.0,100,500000,500000,True,100,99,1980,23.42474834947913,21.330236901612093,0.27712019476607036,91.08385280900984
F2,9,SGO,population_persistence,20,5,10,5000,1.0,100,500000,500000,True,100,99,1980,39.1252636794063,38.308664987675286,0.08204628471305828,92.80000820000714
F2,14,SGO,cold_restart,20,5,10,5000,1.0,100,500000,500000,True,100,99,1980,27.804986536107865,24.947858709064562,0.27663877271380444,73.98722328299482
F2,12,SGO,population_persistence,20,5,10,5000,1.0,100,500000,500000,True,100,99,1980,57.04473014118059,55.8331522789049,0.03096658249375105,92.78713004699966
F2,13,SGO,population_persistence,20,5,10,5000,1.0,100,500000,500000,True,100,99,1980,41.72268069044754,40.25058795997611,0.08459620283055674,91.06376396099222
F2,14,SGO,previous_best_seeded,20,5,10,5000,1.0,100,500000,500000,True,100,99,1980,18.184747894409426,15.794941078912373,0.27688651382435364,75.96366863900039
F2,15,SGO,cold_restart,20,5,10,5000,1.0,100,500000,500000,True,100,99,1980,26.988644179341247,23.825554770757616,0.2781855277501495,69.71670644599362
F2,14,SGO,population_persistence,20,5,10,5000,1.0,100,500000,500000,True,100,99,1980,25.402463331328594,24.082662330010574,0.1701863469417709,74.40127374599979
F2,17,SGO,cold_restart,20,5,10,5000,1.0,100,500000,500000,True,100,99,1980,30.278892112696347,26.483808982910453,0.27945550271695957,69.09797886799788
F2,15,SGO,population_persistence,20,5,10,5000,1.0,100,500000,500000,True,100,99,1980,40.53148998420766,39.03296341507968,0.11602333477271122,72.0565647570038
F2,16,SGO,population_persistence,20,5,10,5000,1.0,100,500000,500000,True,100,99,1980,31.07746693922989,29.585284018814505,0.11200923326713327,73.16577331000008
F2,18,SGO,previous_best_seeded,20,5,10,5000,1.0,100,500000,500000,True,100,99,1980,18.61120490515703,16.37824577929426,0.27586920003784576,68.48969272099202
F2,16,SGO,previous_best_seeded,20,5,10,5000,1.0,100,500000,500000,True,100,99,1980,22.583044671851688,20.18007172680059,0.27760853361325716,80.29012972599594
F2,15,SGO,previous_best_seeded,20,5,10,5000,1.0,100,500000,500000,True,100,99,1980,19.147437014444545,16.644128170439075,0.27986114823526276,83.72318258500309
F2,16,SGO,cold_restart,20,5,10,5000,1.0,100,500000,500000,True,100,99,1980,25.194203624872333,21.818013791221986,0.2799002753889478,81.44609547599975
F2,17,SGO,population_persistence,20,5,10,5000,1.0,100,500000,500000,True,100,99,1980,40.03559050584953,39.224940250159904,0.20642061233549652,78.6643029130064
F2,18,SGO,cold_restart,20,5,10,5000,1.0,100,500000,500000,True,100,99,1980,23.78671803181254,20.607587356387135,0.2809545856031592,81.27897382900119
F2,17,SGO,previous_best_seeded,20,5,10,5000,1.0,100,500000,500000,True,100,99,1980,22.030081997059305,19.72887011449651,0.2852723197767003,85.05748459899041
F2,19,SGO,population_persistence,20,5,10,5000,1.0,100,500000,500000,True,100,99,1980,19.085881515054815,18.31806385572517,0.1281005019286186,72.48454339000455
F2,19,SGO,cold_restart,20,5,10,5000,1.0,100,500000,500000,True,100,99,1980,25.475352762609212,22.790495430053667,0.2781590189958979,77.88893744099187
F2,19,SGO,previous_best_seeded,20,5,10,5000,1.0,100,500000,500000,True,100,99,1980,15.873933320648739,14.30183503408369,0.27886386416126896,74.08056596700044
F2,18,SGO,population_persistence,20,5,10,5000,1.0,100,500000,500000,True,100,99,1980,38.569134760552586,38.15902537710771,0.08556637782311456,81.82735111800139
F2,20,SGO,previous_best_seeded,20,5,10,5000,1.0,100,500000,500000,True,100,99,1980,20.207425135770936,17.684569749387943,0.2770015710239591,72.0342390119913
F2,20,SGO,cold_restart,20,5,10,5000,1.0,100,500000,500000,True,100,99,1980,24.66194979063464,21.684237895439654,0.27967612146726845,81.38697149000654
F2,20,SGO,population_persistence,20,5,10,5000,1.0,100,500000,500000,True,100,99,1980,34.6640652608853,33.125471564681355,0.11380155011398745,81.25026978200185
F2,21,SGO,previous_best_seeded,20,5,10,5000,1.0,100,500000,500000,True,100,99,1980,24.786523578126253,21.438933168977133,0.28223521123912115,69.50391303100332
F2,21,SGO,population_persistence,20,5,10,5000,1.0,100,500000,500000,True,100,99,1980,52.05501296087636,50.26885460013281,0.15941747675832968,79.08872451800562
F2,23,SGO,cold_restart,20,5,10,5000,1.0,100,500000,500000,True,100,99,1980,19.54522999813406,16.96061384263635,0.2782097018048997,69.39949233501102
F2,21,SGO,cold_restart,20,5,10,5000,1.0,100,500000,500000,True,100,99,1980,26.278737195801877,22.26369159331885,0.2797579386662579,81.96689089300344
F2,23,SGO,population_persistence,20,5,10,5000,1.0,100,500000,500000,True,100,99,1980,47.98270542970045,46.69193373679004,0.02909834115888137,70.42189177399268
F2,24,SGO,previous_best_seeded,20,5,10,5000,1.0,100,500000,500000,True,100,99,1980,24.850594751467266,21.85375645749004,0.2808277288145228,69.34676633200434
F2,22,SGO,cold_restart,20,5,10,5000,1.0,100,500000,500000,True,100,99,1980,26.271660779137306,22.617236290854144,0.28005911682695145,82.52234351501102
F2,23,SGO,previous_best_seeded,20,5,10,5000,1.0,100,500000,500000,True,100,99,1980,18.1446835283935,16.40015347426935,0.27355607429291107,74.94954199399217
F2,22,SGO,previous_best_seeded,20,5,10,5000,1.0,100,500000,500000,True,100,99,1980,20.61214694009734,18.73376990136333,0.27961740914707084,83.96253487600188
F2,25,SGO,previous_best_seeded,20,5,10,5000,1.0,100,500000,500000,True,100,99,1980,18.128268275048036,16.74893838521652,0.2730373995166794,72.00344121099624
F2,22,SGO,population_persistence,20,5,10,5000,1.0,100,500000,500000,True,100,99,1980,50.514855681684416,49.08837697242534,0.14883905015366047,91.43106250099663
F2,26,SGO,population_persistence,20,5,10,5000,1.0,100,500000,500000,True,100,99,1980,33.180533214097025,31.70902354499394,0.14025969572351152,70.9691636350035
F2,27,SGO,cold_restart,20,5,10,5000,1.0,100,500000,500000,True,100,99,1980,26.912728912724237,23.864378304260086,0.27802965378991845,68.13765205400705
F2,26,SGO,cold_restart,20,5,10,5000,1.0,100,500000,500000,True,100,99,1980,27.22083624166438,23.67208399696044,0.2787917243994792,78.94277471699752
F2,25,SGO,cold_restart,20,5,10,5000,1.0,100,500000,500000,True,100,99,1980,23.131060448100147,20.738071433776398,0.2810952235279809,81.06674385200313
F2,24,SGO,cold_restart,20,5,10,5000,1.0,100,500000,500000,True,100,99,1980,29.4528410895782,25.86989412676285,0.28097082682607977,89.26697734800109
F2,25,SGO,population_persistence,20,5,10,5000,1.0,100,500000,500000,True,100,99,1980,29.30730802229764,28.856628568413285,0.04414643540375419,87.34731170699524
F8,1,SGO,cold_restart,20,5,10,500,1.0,100,50000,50000,True,100,99,1980,39.67669182225543,30.707119064557368,0.27955196986458175,9.000238453998463
F8,1,SGO,previous_best_seeded,20,5,10,500,1.0,100,50000,50000,True,100,99,1980,29.039644161394676,23.775075791068197,0.27853826574462315,8.976410430987016
F8,1,SGO,population_persistence,20,5,10,500,1.0,100,50000,50000,True,100,99,1980,34.930494466652654,32.76538882737029,0.10410782060661643,9.155261174993939
F8,2,SGO,cold_restart,20,5,10,500,1.0,100,50000,50000,True,100,99,1980,41.403720067105,31.793517223168188,0.28135982873464344,6.647535897005582
F2,24,SGO,population_persistence,20,5,10,5000,1.0,100,500000,500000,True,100,99,1980,71.66971452051249,70.16923910668979,0.06263838847003465,96.41274670700659
F2,27,SGO,previous_best_seeded,20,5,10,5000,1.0,100,500000,500000,True,100,99,1980,21.135404368924185,19.07736185893568,0.2817243426515417,69.43061925699294
F8,2,SGO,previous_best_seeded,20,5,10,500,1.0,100,50000,50000,True,100,99,1980,33.2344534101698,27.12685047181978,0.27399328123135896,7.654435567004839
F2,26,SGO,previous_best_seeded,20,5,10,5000,1.0,100,500000,500000,True,100,99,1980,17.914746477247323,15.477647824094612,0.28089881484007434,95.75967121998838
F8,2,SGO,population_persistence,20,5,10,500,1.0,100,50000,50000,True,100,99,1980,23.42071405142833,22.120209286177133,0.07861638260407525,9.044094459997723
F8,3,SGO,cold_restart,20,5,10,500,1.0,100,50000,50000,True,100,99,1980,36.64078755787108,27.84247433494953,0.280287866083778,8.847815314991749
F8,3,SGO,population_persistence,20,5,10,500,1.0,100,50000,50000,True,100,99,1980,31.31226364511853,29.524813060729453,0.18158635180150826,7.5996896700089565
F8,3,SGO,previous_best_seeded,20,5,10,500,1.0,100,50000,50000,True,100,99,1980,26.87646978315236,22.519966951104312,0.28014244087683776,7.891193941992242
F8,4,SGO,previous_best_seeded,20,5,10,500,1.0,100,50000,50000,True,100,99,1980,31.340034701479617,25.381977295276837,0.27934316164803086,6.583197397005279
F8,4,SGO,cold_restart,20,5,10,500,1.0,100,50000,50000,True,100,99,1980,39.62540482900396,30.789770546012516,0.27995476287823523,8.318983687000582
F8,5,SGO,cold_restart,20,5,10,500,1.0,100,50000,50000,True,100,99,1980,41.78630209468616,31.837534208001493,0.2794813044347831,7.1877867199946195
F8,4,SGO,population_persistence,20,5,10,500,1.0,100,50000,50000,True,100,99,1980,30.12186394518266,28.284846149285432,0.05461588772636095,9.722033551995992
F8,5,SGO,previous_best_seeded,20,5,10,500,1.0,100,50000,50000,True,100,99,1980,29.697746647745994,25.038810691334085,0.2735580774549656,9.273118416997022
F8,5,SGO,population_persistence,20,5,10,500,1.0,100,50000,50000,True,100,99,1980,72.72118875673706,69.64166998753502,0.029277092826170165,6.8233294380042935
F8,6,SGO,previous_best_seeded,20,5,10,500,1.0,100,50000,50000,True,100,99,1980,35.08496653927057,29.46850906459641,0.2804248740001734,6.644731160005904
F8,6,SGO,cold_restart,20,5,10,500,1.0,100,50000,50000,True,100,99,1980,41.7810233441907,33.134919639636735,0.28000480524994015,8.969938880996779
F8,7,SGO,cold_restart,20,5,10,500,1.0,100,50000,50000,True,100,99,1980,38.085106088548855,28.82225743274869,0.2795115497164375,6.7693671909946715
F8,6,SGO,population_persistence,20,5,10,500,1.0,100,50000,50000,True,100,99,1980,46.11895617754574,44.26317494551242,0.09549305765514281,9.235462630007532
F2,27,SGO,population_persistence,20,5,10,5000,1.0,100,500000,500000,True,100,99,1980,55.355712925956624,53.795475319435916,0.0829108306713402,69.12333286801004
F8,8,SGO,cold_restart,20,5,10,500,1.0,100,50000,50000,True,100,99,1980,39.74223119403135,30.62996265116694,0.28035884285358315,6.680835236009443
F8,7,SGO,previous_best_seeded,20,5,10,500,1.0,100,50000,50000,True,100,99,1980,31.895955050823204,24.763244345250506,0.2781431413177888,8.611652906009112
F8,8,SGO,previous_best_seeded,20,5,10,500,1.0,100,50000,50000,True,100,99,1980,37.354792543172174,28.73522727420485,0.2739986375393067,6.732570464009768
F8,9,SGO,cold_restart,20,5,10,500,1.0,100,50000,50000,True,100,99,1980,39.56582740480338,29.732064657333225,0.2802857065903283,6.558619274001103
F8,7,SGO,population_persistence,20,5,10,500,1.0,100,50000,50000,True,100,99,1980,35.46069283699696,33.94276158143507,0.06854440259319931,10.200598784009344
F8,9,SGO,population_persistence,20,5,10,500,1.0,100,50000,50000,True,100,99,1980,56.14650728219155,53.22687740825517,0.0392197042829322,7.490294378003455
F8,8,SGO,population_persistence,20,5,10,500,1.0,100,50000,50000,True,100,99,1980,64.64484695600763,61.12415818054234,0.03619344859327003,9.007896969007561
F8,9,SGO,previous_best_seeded,20,5,10,500,1.0,100,50000,50000,True,100,99,1980,31.308986998707155,25.569162257054565,0.27723548472647735,8.853578534006374
F8,10,SGO,cold_restart,20,5,10,500,1.0,100,50000,50000,True,100,99,1980,38.35803721108878,29.683340359710783,0.2808565040101852,6.537715362996096
F8,10,SGO,previous_best_seeded,20,5,10,500,1.0,100,50000,50000,True,100,99,1980,26.862411335384678,23.038282480432173,0.27986357470212514,6.651479840002139
F8,10,SGO,population_persistence,20,5,10,500,1.0,100,50000,50000,True,100,99,1980,52.985263708427475,49.859182024084014,0.06530483493083943,6.773927215006552
F8,11,SGO,cold_restart,20,5,10,500,1.0,100,50000,50000,True,100,99,1980,43.66212012198745,33.12416958184415,0.2802051122444548,6.684294687001966
F2,28,SGO,cold_restart,20,5,10,5000,1.0,100,500000,500000,True,100,99,1980,26.360047622810363,23.05370834995178,0.2806965853774861,70.8746246649971
F8,11,SGO,previous_best_seeded,20,5,10,500,1.0,100,50000,50000,True,100,99,1980,36.4925005277998,32.402077813223514,0.2766265788717705,9.183062784999493
F8,11,SGO,population_persistence,20,5,10,500,1.0,100,50000,50000,True,100,99,1980,71.16172656962976,67.35501439277238,0.04067853369954466,8.04108940900187
F8,12,SGO,population_persistence,20,5,10,500,1.0,100,50000,50000,True,100,99,1980,61.47175626709422,58.41337896099218,0.02801290909803808,6.645918977999827
F8,12,SGO,previous_best_seeded,20,5,10,500,1.0,100,50000,50000,True,100,99,1980,26.44713133456018,22.28879740307524,0.27983134275727994,7.759826352994423
F8,13,SGO,cold_restart,20,5,10,500,1.0,100,50000,50000,True,100,99,1980,41.57750278139951,32.09788499850642,0.2807270585437474,6.6358778860012535
F8,12,SGO,cold_restart,20,5,10,500,1.0,100,50000,50000,True,100,99,1980,38.14159042694775,28.968423367384798,0.28021547004303604,9.256268008000916
F8,13,SGO,previous_best_seeded,20,5,10,500,1.0,100,50000,50000,True,100,99,1980,34.879777061015,28.061897200920434,0.27670873029366766,6.599034902988933
F2,28,SGO,population_persistence,20,5,10,5000,1.0,100,500000,500000,True,100,99,1980,50.46576879837303,48.77957975152702,0.10309496807089166,75.32839798201167
F8,13,SGO,population_persistence,20,5,10,500,1.0,100,50000,50000,True,100,99,1980,39.84329600946579,37.54542905371167,0.09324222129723095,6.6938206820050254
F8,14,SGO,cold_restart,20,5,10,500,1.0,100,50000,50000,True,100,99,1980,42.87098931785882,32.966056726611924,0.28160102943404697,6.71718371399038
F2,30,SGO,cold_restart,20,5,10,5000,1.0,100,500000,500000,True,100,99,1980,22.64252817733598,19.585258940064197,0.2793827295059965,67.73558551899623
F2,29,SGO,previous_best_seeded,20,5,10,5000,1.0,100,500000,500000,True,100,99,1980,15.064875278113046,13.185312737185697,0.273476881533105,71.25840751400392
F8,14,SGO,population_persistence,20,5,10,500,1.0,100,50000,50000,True,100,99,1980,24.31097250086659,22.708902551439955,0.16033408799900858,6.764908769997419
F2,29,SGO,cold_restart,20,5,10,5000,1.0,100,500000,500000,True,100,99,1980,18.21586638069243,15.875164382361238,0.28098382851293563,72.493145016997
F8,15,SGO,cold_restart,20,5,10,500,1.0,100,50000,50000,True,100,99,1980,43.38075664646124,33.253590612815636,0.27991480696641824,6.68331313499948
F2,28,SGO,previous_best_seeded,20,5,10,5000,1.0,100,500000,500000,True,100,99,1980,21.522711128789812,18.896891812734978,0.2804659505573897,80.69441465799173
F8,15,SGO,population_persistence,20,5,10,500,1.0,100,50000,50000,True,100,99,1980,24.66154567703103,23.004285794196694,0.14947918639885036,6.587608700996498
F8,14,SGO,previous_best_seeded,20,5,10,500,1.0,100,50000,50000,True,100,99,1980,37.84724151716903,29.28970816781559,0.2810148796620811,8.710252279997803
F8,16,SGO,cold_restart,20,5,10,500,1.0,100,50000,50000,True,100,99,1980,40.597145807163365,30.933817471438314,0.27917447703136583,7.731660830002511
F8,16,SGO,population_persistence,20,5,10,500,1.0,100,50000,50000,True,100,99,1980,49.51677605659429,46.44461512766526,0.08247127021515492,6.5773486659891205
F8,16,SGO,previous_best_seeded,20,5,10,500,1.0,100,50000,50000,True,100,99,1980,30.93842416444855,26.798975232429825,0.27557352158233933,8.358966493004118
F8,17,SGO,cold_restart,20,5,10,500,1.0,100,50000,50000,True,100,99,1980,44.92963414333483,34.43380602354876,0.2794447760351941,6.433541461999994
F8,15,SGO,previous_best_seeded,20,5,10,500,1.0,100,50000,50000,True,100,99,1980,27.081514566849947,24.17661622369583,0.277905184177142,9.402913270998397
F2,29,SGO,population_persistence,20,5,10,5000,1.0,100,500000,500000,True,100,99,1980,35.37454248720315,34.612518677085006,0.04557369955513902,73.94605612599116
F8,17,SGO,population_persistence,20,5,10,500,1.0,100,50000,50000,True,100,99,1980,26.033193191881775,24.803536628465853,0.22092174902121078,6.648657201993046
F8,17,SGO,previous_best_seeded,20,5,10,500,1.0,100,50000,50000,True,100,99,1980,39.362061289857756,33.55267183743652,0.2790493953189881,8.403997911998886
F2,30,SGO,population_persistence,20,5,10,5000,1.0,100,500000,500000,True,100,99,1980,55.59108697563315,53.67799090352752,0.06622124624414093,69.03381202698802
F8,18,SGO,cold_restart,20,5,10,500,1.0,100,50000,50000,True,100,99,1980,38.67330809215381,28.455476267655925,0.2802158546316942,7.3173598749999655
F8,18,SGO,previous_best_seeded,20,5,10,500,1.0,100,50000,50000,True,100,99,1980,29.02044556562712,23.75426361678251,0.275655091389335,6.766375702994992
F8,19,SGO,cold_restart,20,5,10,500,1.0,100,50000,50000,True,100,99,1980,38.779350419488146,28.901171787701728,0.2794017272180567,6.725122914998792
F8,18,SGO,population_persistence,20,5,10,500,1.0,100,50000,50000,True,100,99,1980,41.05356487956506,38.36901843582953,0.11295527430823597,7.79941998400318
F8,20,SGO,cold_restart,20,5,10,500,1.0,100,50000,50000,True,100,99,1980,39.06293962783039,29.91436865258952,0.2812789720387016,6.65632027600077
F8,20,SGO,previous_best_seeded,20,5,10,500,1.0,100,50000,50000,True,100,99,1980,32.59422375320858,26.14114718075393,0.2779334390756342,6.700666365999496
F8,20,SGO,population_persistence,20,5,10,500,1.0,100,50000,50000,True,100,99,1980,55.251014695785294,52.523974584542565,0.07861197879904915,6.741139509002096
F8,19,SGO,previous_best_seeded,20,5,10,500,1.0,100,50000,50000,True,100,99,1980,32.401160382002416,27.836945720450984,0.2760707612801804,8.927942091002478
F8,19,SGO,population_persistence,20,5,10,500,1.0,100,50000,50000,True,100,99,1980,27.951759596724163,26.397956875146637,0.13833279445618016,8.600910578999901
F8,22,SGO,cold_restart,20,5,10,500,1.0,100,50000,50000,True,100,99,1980,43.25909799162167,33.695141062121536,0.2814110346962346,6.748907091998262
F8,21,SGO,previous_best_seeded,20,5,10,500,1.0,100,50000,50000,True,100,99,1980,32.555561498107586,27.369173771572783,0.28052975763906873,7.485928879992571
F8,21,SGO,cold_restart,20,5,10,500,1.0,100,50000,50000,True,100,99,1980,43.15580696535302,33.07993517036924,0.28265035716768405,8.838107764997403
F8,21,SGO,population_persistence,20,5,10,500,1.0,100,50000,50000,True,100,99,1980,48.51919500220609,44.715557123806846,0.19556530094263683,9.103386733011575
F8,22,SGO,previous_best_seeded,20,5,10,500,1.0,100,50000,50000,True,100,99,1980,31.316981070307662,27.10102699977355,0.2769362094121607,7.1421910709905205
F8,23,SGO,cold_restart,20,5,10,500,1.0,100,50000,50000,True,100,99,1980,34.941454346390486,25.478963190857215,0.2779968495135804,6.64765903200896
F8,23,SGO,population_persistence,20,5,10,500,1.0,100,50000,50000,True,100,99,1980,53.54499278654258,50.69987127406896,0.01596698994995218,6.477206631985609
F8,23,SGO,previous_best_seeded,20,5,10,500,1.0,100,50000,50000,True,100,99,1980,32.56789079053782,24.701732640841197,0.27266133223817707,6.913602930988418
F8,24,SGO,cold_restart,20,5,10,500,1.0,100,50000,50000,True,100,99,1980,46.55720440148801,35.11954944896907,0.2805389436363329,7.046382420012378
F8,22,SGO,population_persistence,20,5,10,500,1.0,100,50000,50000,True,100,99,1980,34.78365019691205,32.657914904180785,0.11856790673076036,8.74235032199067
F8,24,SGO,previous_best_seeded,20,5,10,500,1.0,100,50000,50000,True,100,99,1980,38.90489774602553,33.31118071059303,0.2819829319727095,6.99982845899649
F8,24,SGO,population_persistence,20,5,10,500,1.0,100,50000,50000,True,100,99,1980,51.0288950103331,47.72166666807886,0.13350123201683065,6.724118680998799
F8,25,SGO,cold_restart,20,5,10,500,1.0,100,50000,50000,True,100,99,1980,36.59195360505889,26.254559101703247,0.2813912561123903,6.713094602993806
F8,26,SGO,previous_best_seeded,20,5,10,500,1.0,100,50000,50000,True,100,99,1980,34.264363472368856,27.70618508204961,0.27678666736055546,6.68076079399907
F8,26,SGO,population_persistence,20,5,10,500,1.0,100,50000,50000,True,100,99,1980,22.95964242503834,21.8307070996501,0.15541998946183003,6.897946470999159
F2,31,SGO,population_persistence,20,5,10,5000,1.0,100,500000,500000,True,100,99,1980,51.353879731067344,49.87302273054768,0.06829491108060197,73.81667279200337
F8,25,SGO,previous_best_seeded,20,5,10,500,1.0,100,50000,50000,True,100,99,1980,25.311707121329214,21.57444003935858,0.2708068776475969,8.231920915000956
F8,26,SGO,cold_restart,20,5,10,500,1.0,100,50000,50000,True,100,99,1980,41.71370142189843,31.819159904272748,0.27923719404958397,8.295887230997323
F8,25,SGO,population_persistence,20,5,10,500,1.0,100,50000,50000,True,100,99,1980,34.754568633092696,33.48353137892695,0.035757060665420684,9.014079020009376
F8,27,SGO,population_persistence,20,5,10,500,1.0,100,50000,50000,True,100,99,1980,76.50729536788705,73.65280509712507,0.024946865351700098,6.478765983993071
F8,28,SGO,cold_restart,20,5,10,500,1.0,100,50000,50000,True,100,99,1980,41.93597386996851,32.27733478827311,0.27865752436886637,6.646645508008078
F8,28,SGO,previous_best_seeded,20,5,10,500,1.0,100,50000,50000,True,100,99,1980,30.08707364190926,25.247517908064495,0.2764818663420163,6.7401322389923735
F8,28,SGO,population_persistence,20,5,10,500,1.0,100,50000,50000,True,100,99,1980,55.013156347189366,51.40602088076141,0.11516040093189885,6.469123000992113
F8,27,SGO,cold_restart,20,5,10,500,1.0,100,50000,50000,True,100,99,1980,42.12279632659646,31.516214403695475,0.27932639942496923,8.971411506994627
F8,29,SGO,population_persistence,20,5,10,500,1.0,100,50000,50000,True,100,99,1980,46.29318287484748,43.77679660426403,0.029840665455579583,6.58668989900616
F8,29,SGO,cold_restart,20,5,10,500,1.0,100,50000,50000,True,100,99,1980,31.294922163414824,21.760532169144327,0.2787925181212554,7.494681506999768
F8,27,SGO,previous_best_seeded,20,5,10,500,1.0,100,50000,50000,True,100,99,1980,32.00696309720472,26.384109359711466,0.27625734485152204,9.393177780002588
F8,29,SGO,previous_best_seeded,20,5,10,500,1.0,100,50000,50000,True,100,99,1980,23.701729393598093,18.801198572959052,0.2746937333135833,7.460754510000697
F8,30,SGO,cold_restart,20,5,10,500,1.0,100,50000,50000,True,100,99,1980,36.753967781465576,28.29596973781088,0.2805462898508674,6.931350983999437
F8,30,SGO,previous_best_seeded,20,5,10,500,1.0,100,50000,50000,True,100,99,1980,32.36137449225047,24.590300485553435,0.2796096853496348,6.817276052999659
F2,30,SGO,previous_best_seeded,20,5,10,5000,1.0,100,500000,500000,True,100,99,1980,14.828278292538895,12.856085142460342,0.2783397844371806,91.61104346999491
F8,30,SGO,population_persistence,20,5,10,500,1.0,100,50000,50000,True,100,99,1980,67.62230482004367,64.17324886291465,0.02450530070060846,6.671666451002238
F2,31,SGO,previous_best_seeded,20,5,10,5000,1.0,100,500000,500000,True,100,99,1980,23.01795778464436,20.193466786373133,0.2797951864300885,83.87730650100275
F8,31,SGO,cold_restart,20,5,10,500,1.0,100,50000,50000,True,100,99,1980,43.65697734832186,34.257706303483204,0.2790465764605631,8.93385156999284
F8,31,SGO,previous_best_seeded,20,5,10,500,1.0,100,50000,50000,True,100,99,1980,30.124821242855056,26.138153151832054,0.2782311920848416,9.029472098991391
F8,31,SGO,population_persistence,20,5,10,500,1.0,100,50000,50000,True,100,99,1980,52.750234912574186,48.6721471789541,0.062266510224854146,9.145575069996994
F2,31,SGO,cold_restart,20,5,10,5000,1.0,100,500000,500000,True,100,99,1980,26.684955682314232,23.598557262667203,0.27851004052518946,92.58823650200793
F10,2,SGO,cold_restart,20,20,10,5000,1.0,100,500000,500000,True,100,99,1980,168.96931311150735,159.82558668342338,0.27895388038224034,87.58453803499287
F10,4,SGO,population_persistence,20,20,10,5000,1.0,100,500000,500000,True,100,99,1980,257.3383650465203,253.67076571394998,0.040007549582301655,87.90608569599863
F10,5,SGO,previous_best_seeded,20,20,10,5000,1.0,100,500000,500000,True,100,99,1980,94.82820117140956,87.45009935863109,0.2765234027184991,87.73593426999287
F10,2,SGO,population_persistence,20,20,10,5000,1.0,100,500000,500000,True,100,99,1980,234.69290285390622,230.6185576501509,0.03364025683011044,91.52962560899323
F10,1,SGO,population_persistence,20,20,10,5000,1.0,100,500000,500000,True,100,99,1980,216.0440300819286,211.03658972175867,0.034893488940486266,92.64381199100171
F10,5,SGO,cold_restart,20,20,10,5000,1.0,100,500000,500000,True,100,99,1980,168.2227093694824,158.58995777000456,0.2789353402466592,90.35872442300024
F10,6,SGO,cold_restart,20,20,10,5000,1.0,100,500000,500000,True,100,99,1980,179.56434105819937,170.33270004555638,0.27930426896955607,88.27089747300488
F10,5,SGO,population_persistence,20,20,10,5000,1.0,100,500000,500000,True,100,99,1980,242.3338468065913,240.45616352641642,0.0297403299333037,91.15783133200603
F10,1,SGO,cold_restart,20,20,10,5000,1.0,100,500000,500000,True,100,99,1980,160.23778900607323,151.50158458133004,0.2809877010953927,101.23802883000462
F10,4,SGO,cold_restart,20,20,10,5000,1.0,100,500000,500000,True,100,99,1980,183.9031868630787,174.1746609365513,0.28066514901614936,98.57928972500667
F10,6,SGO,population_persistence,20,20,10,5000,1.0,100,500000,500000,True,100,99,1980,244.0190574765583,241.44374286221836,0.02733701867404334,94.56536013600999
F10,3,SGO,population_persistence,20,20,10,5000,1.0,100,500000,500000,True,100,99,1980,209.37400754218717,205.99971279526238,0.04271273280253259,100.84862119900936
F10,4,SGO,previous_best_seeded,20,20,10,5000,1.0,100,500000,500000,True,100,99,1980,182.84271163509038,172.60506773467813,0.2722523160951232,103.92677395899955
F10,1,SGO,previous_best_seeded,20,20,10,5000,1.0,100,500000,500000,True,100,99,1980,160.03934350490354,150.79953966123253,0.27326456526882253,108.00639971799683
F10,3,SGO,cold_restart,20,20,10,5000,1.0,100,500000,500000,True,100,99,1980,163.43862447919386,155.4550210632516,0.2787126807444886,106.09105685500253
F10,2,SGO,previous_best_seeded,20,20,10,5000,1.0,100,500000,500000,True,100,99,1980,150.795793866328,142.30487414779338,0.2742572625103132,108.92439483600901
F10,3,SGO,previous_best_seeded,20,20,10,5000,1.0,100,500000,500000,True,100,99,1980,162.53684299626335,154.54577602364355,0.27243839309919726,107.98191309100366
F10,7,SGO,previous_best_seeded,20,20,10,5000,1.0,100,500000,500000,True,100,99,1980,110.95580702262119,103.85978376579673,0.27786010648878173,102.9386090659973
F10,6,SGO,previous_best_seeded,20,20,10,5000,1.0,100,500000,500000,True,100,99,1980,117.74727343312496,110.12171095151514,0.27746678906755745,111.11492993299908
F10,7,SGO,cold_restart,20,20,10,5000,1.0,100,500000,500000,True,100,99,1980,172.98517522050673,164.04244427144346,0.2802548927960444,113.91018551400339
F10,11,SGO,population_persistence,20,20,10,5000,1.0,100,500000,500000,True,100,99,1980,245.94839904665517,243.7858327914008,0.03200237913230616,85.42390065800282
F10,13,SGO,population_persistence,20,20,10,5000,1.0,100,500000,500000,True,100,99,1980,234.4745775519403,231.3369801978689,0.0202989433426814,86.66222141199978
F10,13,SGO,previous_best_seeded,20,20,10,5000,1.0,100,500000,500000,True,100,99,1980,140.33844537339246,131.3531400567005,0.2782219402325662,87.12161832599668
F10,10,SGO,previous_best_seeded,20,20,10,5000,1.0,100,500000,500000,True,100,99,1980,153.69508987983676,145.29858732124708,0.27613156207687006,88.84073536698997
F10,12,SGO,cold_restart,20,20,10,5000,1.0,100,500000,500000,True,100,99,1980,170.24099052260777,160.78704646932385,0.2793197277687062,90.05604351499642
F10,14,SGO,cold_restart,20,20,10,5000,1.0,100,500000,500000,True,100,99,1980,163.69760535806196,154.23962194512885,0.2788835274443238,92.69519340700936
F10,8,SGO,previous_best_seeded,20,20,10,5000,1.0,100,500000,500000,True,100,99,1980,165.7226504027246,157.0489738564621,0.2720875916912293,94.09221624900238
F10,10,SGO,population_persistence,20,20,10,5000,1.0,100,500000,500000,True,100,99,1980,214.7394992917317,213.1990758296718,0.023186241379141465,94.84405434799555
F10,8,SGO,cold_restart,20,20,10,5000,1.0,100,500000,500000,True,100,99,1980,168.9921221953954,159.99915532054797,0.280149765804469,95.45576900200103
F10,12,SGO,previous_best_seeded,20,20,10,5000,1.0,100,500000,500000,True,100,99,1980,170.09007977976756,161.82685159980437,0.2734526303975302,98.71305552800186
F10,10,SGO,cold_restart,20,20,10,5000,1.0,100,500000,500000,True,100,99,1980,157.03980616829247,148.72292961373398,0.280241858498806,99.16078886399919
F10,11,SGO,cold_restart,20,20,10,5000,1.0,100,500000,500000,True,100,99,1980,175.14193425556326,165.54178721125092,0.2801580665383008,100.18814027200278
F10,12,SGO,population_persistence,20,20,10,5000,1.0,100,500000,500000,True,100,99,1980,240.01851916285935,236.89300057488964,0.03338542687884206,100.20542016600666
F10,13,SGO,cold_restart,20,20,10,5000,1.0,100,500000,500000,True,100,99,1980,164.20503765358097,155.02361149514155,0.2799292280001373,100.25214442799916
F10,9,SGO,population_persistence,20,20,10,5000,1.0,100,500000,500000,True,100,99,1980,246.85077270983112,244.12588590354218,0.02887310975002255,102.7672897260054
F10,9,SGO,cold_restart,20,20,10,5000,1.0,100,500000,500000,True,100,99,1980,170.74488907253286,161.77751717812941,0.2778040410814031,102.8336274829926
F10,7,SGO,population_persistence,20,20,10,5000,1.0,100,500000,500000,True,100,99,1980,232.88692114128054,229.68170729370286,0.029050328755649984,102.99329551699338
F10,9,SGO,previous_best_seeded,20,20,10,5000,1.0,100,500000,500000,True,100,99,1980,168.87173065244318,158.89953670156103,0.273002414972567,105.0957567239966
F10,11,SGO,previous_best_seeded,20,20,10,5000,1.0,100,500000,500000,True,100,99,1980,144.99231780083193,136.87243961646564,0.2765729311480813,107.19065065900213
F10,8,SGO,population_persistence,20,20,10,5000,1.0,100,500000,500000,True,100,99,1980,241.56213520399183,240.25777972065367,0.026215369205394863,108.80111505500099
F10,15,SGO,cold_restart,20,20,10,5000,1.0,100,500000,500000,True,100,99,1980,167.0485225934821,157.95143043394614,0.2797702129356798,91.0271247389901
F10,14,SGO,previous_best_seeded,20,20,10,5000,1.0,100,500000,500000,True,100,99,1980,159.70052570241702,150.23342396579665,0.27346692741810974,92.94707874499727
F10,15,SGO,population_persistence,20,20,10,5000,1.0,100,500000,500000,True,100,99,1980,226.0155676224857,222.5478413156686,0.03909080860857344,90.50918771899887
F10,16,SGO,previous_best_seeded,20,20,10,5000,1.0,100,500000,500000,True,100,99,1980,145.0103796117911,136.49448514394467,0.2738727186379577,88.6934277840046
F10,14,SGO,population_persistence,20,20,10,5000,1.0,100,500000,500000,True,100,99,1980,225.66303112920718,222.93408698316253,0.03759046710085754,103.29001980299654
F10,17,SGO,previous_best_seeded,20,20,10,5000,1.0,100,500000,500000,True,100,99,1980,156.337858477457,147.7692594192764,0.27226968642121113,91.8600804930029
F10,16,SGO,cold_restart,20,20,10,5000,1.0,100,500000,500000,True,100,99,1980,158.33710648625288,149.09353203239615,0.2790415059430153,98.40147133400023
F10,15,SGO,previous_best_seeded,20,20,10,5000,1.0,100,500000,500000,True,100,99,1980,166.29239614696345,157.41799054241372,0.2738740879951339,102.30646274499304
F10,17,SGO,population_persistence,20,20,10,5000,1.0,100,500000,500000,True,100,99,1980,204.91163005919262,202.49925392448873,0.04795132604839691,93.92857709000236
F10,19,SGO,previous_best_seeded,20,20,10,5000,1.0,100,500000,500000,True,100,99,1980,150.67421091876616,143.35505814214622,0.2746692852728236,91.14568486499775
F10,18,SGO,cold_restart,20,20,10,5000,1.0,100,500000,500000,True,100,99,1980,150.29161249256055,140.66889560467325,0.2791895398579321,96.64137009100523
F10,19,SGO,population_persistence,20,20,10,5000,1.0,100,500000,500000,True,100,99,1980,229.6647460119956,227.8655642343977,0.022615840482667484,94.17646991400397
F10,16,SGO,population_persistence,20,20,10,5000,1.0,100,500000,500000,True,100,99,1980,224.44124991337623,222.74223528883914,0.043023888473155386,102.36702810700808
F10,20,SGO,previous_best_seeded,20,20,10,5000,1.0,100,500000,500000,True,100,99,1980,129.9972354630754,120.66343465620606,0.2763256390236516,95.15521771500062
F10,18,SGO,population_persistence,20,20,10,5000,1.0,100,500000,500000,True,100,99,1980,217.86239749923806,214.3355881731639,0.02278022950245167,102.4051048830006
F10,18,SGO,previous_best_seeded,20,20,10,5000,1.0,100,500000,500000,True,100,99,1980,147.31982135229362,138.44293435435787,0.2750248655933878,104.1007395110064
F10,19,SGO,cold_restart,20,20,10,5000,1.0,100,500000,500000,True,100,99,1980,162.15261937293116,153.03646423310005,0.2791922181276423,105.03920741500042
F10,17,SGO,cold_restart,20,20,10,5000,1.0,100,500000,500000,True,100,99,1980,162.4503868571253,153.59294877747112,0.2810818470575313,115.43153775999963
F10,20,SGO,population_persistence,20,20,10,5000,1.0,100,500000,500000,True,100,99,1980,248.59682642966956,246.43173493031642,0.029823535009385373,103.8959420129977
F10,20,SGO,cold_restart,20,20,10,5000,1.0,100,500000,500000,True,100,99,1980,170.95171501847835,161.039122628126,0.2791806954684095,111.67687263801054
F10,21,SGO,previous_best_seeded,20,20,10,5000,1.0,100,500000,500000,True,100,99,1980,122.34569068743056,114.11114741236233,0.27814170986834813,90.26832129099057
F10,21,SGO,population_persistence,20,20,10,5000,1.0,100,500000,500000,True,100,99,1980,220.10041695453822,216.01278517357798,0.044086236895019476,91.78255407398683
F10,21,SGO,cold_restart,20,20,10,5000,1.0,100,500000,500000,True,100,99,1980,177.89787515729248,169.01051608824307,0.28032310318663817,96.28826278500492
F10,23,SGO,previous_best_seeded,20,20,10,5000,1.0,100,500000,500000,True,100,99,1980,158.54593260683237,150.57317674279074,0.27470298490890727,90.20389844299643
F10,23,SGO,population_persistence,20,20,10,5000,1.0,100,500000,500000,True,100,99,1980,229.20128435102387,226.4832880505271,0.0272422381273179,88.9814906870015
F10,23,SGO,cold_restart,20,20,10,5000,1.0,100,500000,500000,True,100,99,1980,166.890652935916,158.38209610141422,0.27958187693340697,91.0792201400036
F10,24,SGO,previous_best_seeded,20,20,10,5000,1.0,100,500000,500000,True,100,99,1980,170.9800785823961,161.73133183608846,0.27497918070878796,91.58098048399552
F10,22,SGO,cold_restart,20,20,10,5000,1.0,100,500000,500000,True,100,99,1980,171.93186355700075,161.99774862884678,0.2806438377383538,106.91707277699606
F10,25,SGO,cold_restart,20,20,10,5000,1.0,100,500000,500000,True,100,99,1980,169.13726925918715,159.38116513821151,0.27896367083505574,92.75996802600275
F10,22,SGO,previous_best_seeded,20,20,10,5000,1.0,100,500000,500000,True,100,99,1980,170.0275826071523,160.16651185447262,0.2754548342239678,101.5724189360044
F10,24,SGO,population_persistence,20,20,10,5000,1.0,100,500000,500000,True,100,99,1980,234.13021369765636,231.5820233041023,0.0333306422627982,99.68684717100405
F10,24,SGO,cold_restart,20,20,10,5000,1.0,100,500000,500000,True,100,99,1980,172.05330982273017,162.72472941008826,0.27933665268258523,104.23940619200584
F10,25,SGO,previous_best_seeded,20,20,10,5000,1.0,100,500000,500000,True,100,99,1980,163.86327957707542,154.29496804433396,0.27583139438625975,95.8886011440045
F10,26,SGO,cold_restart,20,20,10,5000,1.0,100,500000,500000,True,100,99,1980,186.88414839583885,177.22761998945603,0.28068848412544495,98.16059397898789
F10,22,SGO,population_persistence,20,20,10,5000,1.0,100,500000,500000,True,100,99,1980,244.2435906549524,242.4544674824561,0.03145598423678948,112.24681973499537
F10,25,SGO,population_persistence,20,20,10,5000,1.0,100,500000,500000,True,100,99,1980,211.7915339227255,208.98450709616608,0.060279999816601634,105.4705973980017
F10,26,SGO,previous_best_seeded,20,20,10,5000,1.0,100,500000,500000,True,100,99,1980,187.7126851276565,179.39664174173814,0.27307707541029086,103.94713039399358
F10,27,SGO,cold_restart,20,20,10,5000,1.0,100,500000,500000,True,100,99,1980,164.86656560662362,156.5662616658007,0.27900682138577604,100.56441136400099
F10,26,SGO,population_persistence,20,20,10,5000,1.0,100,500000,500000,True,100,99,1980,255.18018943135823,251.88501358246288,0.03488239600662649,103.03934213600587
F10,27,SGO,previous_best_seeded,20,20,10,5000,1.0,100,500000,500000,True,100,99,1980,163.88961111932488,155.66665836718508,0.2763700861683488,97.83190367399948
F10,27,SGO,population_persistence,20,20,10,5000,1.0,100,500000,500000,True,100,99,1980,228.2089421331098,226.1819198759986,0.026190377919569616,88.59820567799034
F10,28,SGO,previous_best_seeded,20,20,10,5000,1.0,100,500000,500000,True,100,99,1980,97.65981185458067,89.98052703112099,0.2755409260946904,91.18720118599595
F10,29,SGO,previous_best_seeded,20,20,10,5000,1.0,100,500000,500000,True,100,99,1980,159.84267504969887,149.81711587759418,0.27729295863464826,95.35065947299881
F10,28,SGO,population_persistence,20,20,10,5000,1.0,100,500000,500000,True,100,99,1980,229.20712499081404,226.78050890849465,0.025307955987356783,96.44217929900333
F12,1,SGO,previous_best_seeded,20,5,10,5000,5.0,100,500000,500000,True,100,99,1980,22.413987375437248,19.758985541083906,0.2783976772590729,76.77311676899262
F10,30,SGO,cold_restart,20,20,10,5000,1.0,100,500000,500000,True,100,99,1980,154.16379478060642,144.94248175067005,0.28010527582094386,91.23836188399582
F12,2,SGO,population_persistence,20,5,10,5000,5.0,100,500000,500000,True,100,99,1980,53.13727087558999,51.58138364015596,0.04817651794119116,67.55621516899555
F10,28,SGO,cold_restart,20,20,10,5000,1.0,100,500000,500000,True,100,99,1980,163.6636314309548,154.11345675378766,0.2803402717518366,110.01082138200582
F10,30,SGO,population_persistence,20,20,10,5000,1.0,100,500000,500000,True,100,99,1980,214.96045064864182,212.64559628838717,0.02834993780275394,92.28727970999898
F10,29,SGO,cold_restart,20,20,10,5000,1.0,100,500000,500000,True,100,99,1980,161.51275100982642,151.22035024801778,0.2796381713329566,103.9086706550006
F12,1,SGO,cold_restart,20,5,10,5000,5.0,100,500000,500000,True,100,99,1980,25.698404408376163,22.4913289740525,0.27883923703536123,83.60868388898962
F10,31,SGO,cold_restart,20,20,10,5000,1.0,100,500000,500000,True,100,99,1980,170.13824504920257,160.62653923999596,0.2798827660327482,89.47079776199826
F12,2,SGO,previous_best_seeded,20,5,10,5000,5.0,100,500000,500000,True,100,99,1980,23.113882877841494,20.090606078698876,0.28363571201598525,73.83546134800417
F10,29,SGO,population_persistence,20,20,10,5000,1.0,100,500000,500000,True,100,99,1980,229.71117270166522,226.83624960458548,0.02786731388805086,101.89820358200814
F12,2,SGO,cold_restart,20,5,10,5000,5.0,100,500000,500000,True,100,99,1980,24.990622653810277,21.925773971084272,0.28097346627458625,80.63475063101214
F12,1,SGO,population_persistence,20,5,10,5000,5.0,100,500000,500000,True,100,99,1980,52.18354354872675,50.71115817489985,0.06781664825621861,86.20504547400924
F10,30,SGO,previous_best_seeded,20,20,10,5000,1.0,100,500000,500000,True,100,99,1980,151.6445256188776,142.12683020357804,0.27249928188858996,106.91135706099158
F10,31,SGO,population_persistence,20,20,10,5000,1.0,100,500000,500000,True,100,99,1980,228.95430186758128,225.73616065210578,0.04243990462169745,102.79116447799606
F10,31,SGO,previous_best_seeded,20,20,10,5000,1.0,100,500000,500000,True,100,99,1980,171.4558180237044,162.39276394614666,0.2728466308055901,103.72549998399336
F12,3,SGO,cold_restart,20,5,10,5000,5.0,100,500000,500000,True,100,99,1980,23.328842774494742,20.638361424099426,0.27994708694886483,88.71293997099565
F12,3,SGO,previous_best_seeded,20,5,10,5000,5.0,100,500000,500000,True,100,99,1980,22.12105581001962,19.439320440486384,0.28086604845131125,73.69536119399709
F12,4,SGO,cold_restart,20,5,10,5000,5.0,100,500000,500000,True,100,99,1980,26.05599777849624,23.106318337955518,0.2817882884044354,69.4493421369989
F12,3,SGO,population_persistence,20,5,10,5000,5.0,100,500000,500000,True,100,99,1980,46.54091255080442,45.34835291009783,0.06164155082571898,86.65681275600218
F12,4,SGO,previous_best_seeded,20,5,10,5000,5.0,100,500000,500000,True,100,99,1980,20.875570383700467,18.23282993147802,0.28549466077520913,77.69173995000892
F12,6,SGO,population_persistence,20,5,10,5000,5.0,100,500000,500000,True,100,99,1980,61.73746891183823,60.16716652933005,0.03607772086369016,71.2434969409951
F12,5,SGO,cold_restart,20,5,10,5000,5.0,100,500000,500000,True,100,99,1980,25.702856110829632,22.06915781626011,0.28047650968231147,76.97981442099262
F12,7,SGO,previous_best_seeded,20,5,10,5000,5.0,100,500000,500000,True,100,99,1980,22.044371853767284,19.49225453911804,0.27875988978245253,72.18079051699897
F12,4,SGO,population_persistence,20,5,10,5000,5.0,100,500000,500000,True,100,99,1980,48.3264205907012,47.10398464553569,0.046416929867932846,80.14443421000033
F12,8,SGO,previous_best_seeded,20,5,10,5000,5.0,100,500000,500000,True,100,99,1980,20.856846800336623,18.134607491851387,0.2811620069966945,68.69585562900465
F12,5,SGO,population_persistence,20,5,10,5000,5.0,100,500000,500000,True,100,99,1980,55.125403186445475,53.54234487351536,0.05933832891121302,81.78783097100677
F12,7,SGO,cold_restart,20,5,10,5000,5.0,100,500000,500000,True,100,99,1980,21.358755830439673,18.62998667418589,0.2807247222902608,78.96574284900271
F12,5,SGO,previous_best_seeded,20,5,10,5000,5.0,100,500000,500000,True,100,99,1980,25.700675207501302,22.856252286137778,0.2819841296614867,86.07015437498922
F12,8,SGO,cold_restart,20,5,10,5000,5.0,100,500000,500000,True,100,99,1980,22.513873923149188,19.79238220292456,0.28321844426276155,78.05012025500764
F12,6,SGO,previous_best_seeded,20,5,10,5000,5.0,100,500000,500000,True,100,99,1980,24.306522535017145,21.40582758580691,0.2751394830488877,84.46193994500209
F12,8,SGO,population_persistence,20,5,10,5000,5.0,100,500000,500000,True,100,99,1980,41.86614161946187,40.84954288052562,0.10518335793546109,76.04069871400134
F12,7,SGO,population_persistence,20,5,10,5000,5.0,100,500000,500000,True,100,99,1980,44.277927872001484,43.310577420426235,0.06550509302143845,84.10434411700408
F12,9,SGO,cold_restart,20,5,10,5000,5.0,100,500000,500000,True,100,99,1980,24.66698674354367,21.249806131787977,0.27813448662967494,74.06588745600311
F12,9,SGO,previous_best_seeded,20,5,10,5000,5.0,100,500000,500000,True,100,99,1980,23.823547750346815,20.7492329391371,0.27776938213507046,73.54367298999568
F12,6,SGO,cold_restart,20,5,10,5000,5.0,100,500000,500000,True,100,99,1980,26.439858654848315,23.428492082767388,0.2780964815992819,93.31423889899452
F12,9,SGO,population_persistence,20,5,10,5000,5.0,100,500000,500000,True,100,99,1980,59.235135118628314,57.90278040026462,0.0638867093502412,77.19929108199722
F12,10,SGO,cold_restart,20,5,10,5000,5.0,100,500000,500000,True,100,99,1980,24.563103127900597,21.734326590198883,0.281174515253392,73.32529575300578
F12,10,SGO,previous_best_seeded,20,5,10,5000,5.0,100,500000,500000,True,100,99,1980,21.269369567273287,18.635845538625837,0.27977785951242784,73.20013724399905
F12,11,SGO,previous_best_seeded,20,5,10,5000,5.0,100,500000,500000,True,100,99,1980,21.725831663156033,18.876757572910527,0.2773249346965627,69.89710325399938
F12,12,SGO,previous_best_seeded,20,5,10,5000,5.0,100,500000,500000,True,100,99,1980,24.496957998596542,21.78530119657103,0.27729532111898086,68.60987730699708
F12,11,SGO,cold_restart,20,5,10,5000,5.0,100,500000,500000,True,100,99,1980,24.889524862093925,21.927834865145627,0.2794119044204673,76.44381676199555
F12,12,SGO,cold_restart,20,5,10,5000,5.0,100,500000,500000,True,100,99,1980,26.403026399701425,23.749127572901244,0.280376594765053,72.72505865999847
F12,10,SGO,population_persistence,20,5,10,5000,5.0,100,500000,500000,True,100,99,1980,47.71746103384292,45.77791464554892,0.06817148003436789,83.36043982600677
F12,11,SGO,population_persistence,20,5,10,5000,5.0,100,500000,500000,True,100,99,1980,58.53801741738759,57.24583263928132,0.043767309980264145,80.26099321400397
F12,12,SGO,population_persistence,20,5,10,5000,5.0,100,500000,500000,True,100,99,1980,49.198790914613696,48.081045152656536,0.049633226903213985,77.46993013701285
F12,14,SGO,population_persistence,20,5,10,5000,5.0,100,500000,500000,True,100,99,1980,38.535323432905884,37.18361999451394,0.12647398770623347,69.818614644013
F12,13,SGO,population_persistence,20,5,10,5000,5.0,100,500000,500000,True,100,99,1980,65.24668748865808,63.42440091101229,0.046642967956242204,75.81296090700198
F12,13,SGO,cold_restart,20,5,10,5000,5.0,100,500000,500000,True,100,99,1980,28.439119212458024,25.283153888635493,0.2787786948754974,81.11563206999563
F12,13,SGO,previous_best_seeded,20,5,10,5000,5.0,100,500000,500000,True,100,99,1980,25.130944973249278,22.179825417591577,0.279589921239136,81.52094910200685
F12,14,SGO,cold_restart,20,5,10,5000,5.0,100,500000,500000,True,100,99,1980,25.109087238104888,21.923910862631434,0.27796318432162814,76.47264515601273
F12,20,SGO,population_persistence,20,5,10,5000,5.0,100,500000,500000,True,100,99,1980,59.63251618397209,57.445701653394934,0.05878020917677066,67.60313365499314
F12,18,SGO,previous_best_seeded,20,5,10,5000,5.0,100,500000,500000,True,100,99,1980,22.281233857083716,19.011757889854202,0.27675298553043487,68.46725593200244
F12,19,SGO,previous_best_seeded,20,5,10,5000,5.0,100,500000,500000,True,100,99,1980,23.91520776491185,21.4057048796087,0.27726916005525964,68.81592893500056
F12,20,SGO,previous_best_seeded,20,5,10,5000,5.0,100,500000,500000,True,100,99,1980,22.879615863843274,19.662343366477646,0.28369658123308267,69.21726859299815
F12,19,SGO,cold_restart,20,5,10,5000,5.0,100,500000,500000,True,100,99,1980,23.642549552699705,20.833523645960916,0.27762845372420064,69.68233674899966
F12,19,SGO,population_persistence,20,5,10,5000,5.0,100,500000,500000,True,100,99,1980,35.933631281438345,34.77636923787889,0.09722629249465473,71.62812355600181
F12,15,SGO,population_persistence,20,5,10,5000,5.0,100,500000,500000,True,100,99,1980,49.72491744230408,47.59506481405776,0.1114475332760227,72.64836515100615
F12,20,SGO,cold_restart,20,5,10,5000,5.0,100,500000,500000,True,100,99,1980,27.36691105273628,24.10491308395352,0.2797974168825068,74.7409252619982
F12,16,SGO,previous_best_seeded,20,5,10,5000,5.0,100,500000,500000,True,100,99,1980,23.57785026475487,20.53320437274402,0.28075999040870847,76.3173355050094
F12,14,SGO,previous_best_seeded,20,5,10,5000,5.0,100,500000,500000,True,100,99,1980,25.425902890130534,22.372002026265523,0.2775103812567638,76.47925350800506
F12,17,SGO,population_persistence,20,5,10,5000,5.0,100,500000,500000,True,100,99,1980,65.25334321629173,63.40835519373358,0.09405984753216258,76.94467680899834
F12,16,SGO,cold_restart,20,5,10,5000,5.0,100,500000,500000,True,100,99,1980,25.259434452559578,22.074381175874752,0.27855707074500613,78.49650401200051
F12,15,SGO,cold_restart,20,5,10,5000,5.0,100,500000,500000,True,100,99,1980,25.428480329851784,22.121829839449614,0.28053334409047836,78.52963963498769
F12,21,SGO,cold_restart,20,5,10,5000,5.0,100,500000,500000,True,100,99,1980,27.952691016338516,24.37507277325424,0.2781722405972663,80.40978888199606
F12,18,SGO,cold_restart,20,5,10,5000,5.0,100,500000,500000,True,100,99,1980,27.107650181991218,23.947466379414813,0.280157897975072,81.0422755049949
F12,16,SGO,population_persistence,20,5,10,5000,5.0,100,500000,500000,True,100,99,1980,50.15647706719781,48.61530152133903,0.0870658972489313,82.29146784500335
F12,18,SGO,population_persistence,20,5,10,5000,5.0,100,500000,500000,True,100,99,1980,63.08396620424623,61.58195698362219,0.05819843404419283,83.77958525500435
F12,17,SGO,previous_best_seeded,20,5,10,5000,5.0,100,500000,500000,True,100,99,1980,21.592249167955014,18.47518506435592,0.2852260184594724,87.28109911701176
F12,17,SGO,cold_restart,20,5,10,5000,5.0,100,500000,500000,True,100,99,1980,28.864587059659943,25.231619927808648,0.2779747488415349,89.33662816800643
F12,15,SGO,previous_best_seeded,20,5,10,5000,5.0,100,500000,500000,True,100,99,1980,24.160566258026503,21.082594910256788,0.2780263271496264,90.65126289300679
F12,21,SGO,population_persistence,20,5,10,5000,5.0,100,500000,500000,True,100,99,1980,44.68572565874244,42.72962072942003,0.17619782928106711,68.85104421300639
F12,21,SGO,previous_best_seeded,20,5,10,5000,5.0,100,500000,500000,True,100,99,1980,25.740676110999324,22.291168904489858,0.2814931136635361,69.74734532900038
F12,23,SGO,previous_best_seeded,20,5,10,5000,5.0,100,500000,500000,True,100,99,1980,20.050928638082564,17.888660407716937,0.2719312877932046,68.49765032700088
F12,22,SGO,cold_restart,20,5,10,5000,5.0,100,500000,500000,True,100,99,1980,25.431275760866345,22.144868146397638,0.2814989637563781,73.7531408710056
F12,23,SGO,population_persistence,20,5,10,5000,5.0,100,500000,500000,True,100,99,1980,37.8685507623661,36.14808235508819,0.048719504632680766,71.79798108700197
F12,22,SGO,previous_best_seeded,20,5,10,5000,5.0,100,500000,500000,True,100,99,1980,24.150798472345084,21.33028600556278,0.28162795281958003,79.32801972200105
F12,24,SGO,cold_restart,20,5,10,5000,5.0,100,500000,500000,True,100,99,1980,28.993985354800035,25.168890555548256,0.2801326988893296,74.42319562299235
F12,23,SGO,cold_restart,20,5,10,5000,5.0,100,500000,500000,True,100,99,1980,20.350647833891752,18.062096286888416,0.2786897781544663,81.52598330500768
F12,26,SGO,cold_restart,20,5,10,5000,5.0,100,500000,500000,True,100,99,1980,25.850635002785616,22.318267498438267,0.28007323901284303,72.80282898200676
F12,22,SGO,population_persistence,20,5,10,5000,5.0,100,500000,500000,True,100,99,1980,52.40350738268354,50.60829561892588,0.1242763708607844,85.00397208399954
F12,24,SGO,previous_best_seeded,20,5,10,5000,5.0,100,500000,500000,True,100,99,1980,25.47746813748143,22.23850144294148,0.28543599089158833,80.25755836599274
F12,27,SGO,cold_restart,20,5,10,5000,5.0,100,500000,500000,True,100,99,1980,26.64068359213171,23.461717186639085,0.2798908242612504,70.59945242899994
F12,27,SGO,previous_best_seeded,20,5,10,5000,5.0,100,500000,500000,True,100,99,1980,23.050284205169245,20.325442279170645,0.2766040394367367,69.48096959400573
F12,25,SGO,previous_best_seeded,20,5,10,5000,5.0,100,500000,500000,True,100,99,1980,23.846385747600987,21.264570471357125,0.2723059787425928,84.99036117301148
F12,27,SGO,population_persistence,20,5,10,5000,5.0,100,500000,500000,True,100,99,1980,68.31739781851351,66.67472106186803,0.050099983171022336,72.98616239200055
F12,25,SGO,cold_restart,20,5,10,5000,5.0,100,500000,500000,True,100,99,1980,24.087840807472357,21.359469351104057,0.27978586381943843,85.80640268299612
F12,24,SGO,population_persistence,20,5,10,5000,5.0,100,500000,500000,True,100,99,1980,74.29619029350218,71.88119047233398,0.05007431260154,91.79611834399111
F12,25,SGO,population_persistence,20,5,10,5000,5.0,100,500000,500000,True,100,99,1980,45.62387524830332,43.81375694385745,0.04979941113224434,88.7669319659908
F12,26,SGO,population_persistence,20,5,10,5000,5.0,100,500000,500000,True,100,99,1980,64.75876249904854,62.740334674171756,0.05289958443627648,86.19818104698788
F12,26,SGO,previous_best_seeded,20,5,10,5000,5.0,100,500000,500000,True,100,99,1980,24.574542300695793,21.563542640981424,0.2768038544819071,93.36141592799686
F12,28,SGO,previous_best_seeded,20,5,10,5000,5.0,100,500000,500000,True,100,99,1980,23.3896219648289,20.520631536307437,0.2795428723080283,48.54674950399203
F12,28,SGO,cold_restart,20,5,10,5000,5.0,100,500000,500000,True,100,99,1980,25.266508606874346,22.214416777943125,0.2781604808993579,53.30742221399851
F12,29,SGO,population_persistence,20,5,10,5000,5.0,100,500000,500000,True,100,99,1980,39.99235876565473,38.644671120425805,0.06541094630365246,45.124873977998504
F12,30,SGO,previous_best_seeded,20,5,10,5000,5.0,100,500000,500000,True,100,99,1980,21.083988235862208,18.268084406615944,0.2803075917242573,44.02501570999448
F12,31,SGO,cold_restart,20,5,10,5000,5.0,100,500000,500000,True,100,99,1980,27.0284664236088,23.921010462643224,0.2803176891604151,46.27298086800147
F12,29,SGO,previous_best_seeded,20,5,10,5000,5.0,100,500000,500000,True,100,99,1980,21.165519038756603,18.624248709144222,0.27466078699766877,55.598737207008526
F12,30,SGO,population_persistence,20,5,10,5000,5.0,100,500000,500000,True,100,99,1980,57.45033578687781,55.36439033177149,0.04493408364463527,52.149817851997796
F12,31,SGO,previous_best_seeded,20,5,10,5000,5.0,100,500000,500000,True,100,99,1980,24.918924359554087,21.93903638165615,0.2801172791482101,49.35305340499326
F12,29,SGO,cold_restart,20,5,10,5000,5.0,100,500000,500000,True,100,99,1980,21.02147274963071,18.14705949466646,0.28296895482872186,64.75630395999178
F12,28,SGO,population_persistence,20,5,10,5000,5.0,100,500000,500000,True,100,99,1980,50.140179882606,48.50148811518508,0.09047272786113772,66.19346307299566
F12,31,SGO,population_persistence,20,5,10,5000,5.0,100,500000,500000,True,100,99,1980,53.755898694095,52.181986865960624,0.0760083522748071,50.626498206998804
F12,30,SGO,cold_restart,20,5,10,5000,5.0,100,500000,500000,True,100,99,1980,24.617352094136702,21.904135054629386,0.27838441279282927,63.377741610995145
