case,seed,GWO,PSO,SGO,WOA
F1,1,13.807133645573932,96.24283526519864,71.69469041712613,35.96976246323119
F1,2,21.958246402159567,11.070068454195992,26.015867796530895,30.860210973394853
F1,3,13.87072482453522,9.622246707122503,30.126153729101954,24.87382805239006
F1,4,16.888874681864188,4.885686890447663,27.853650196778013,20.10309367535003
F1,5,35.921519476182105,15.917260059624594,38.65548904956942,20.093412200329947
F1,6,53.83599315209757,171.95970816946834,32.91440729891699,37.28739531342123
F1,7,15.29455136215732,22.54125944924628,69.61090132069575,22.24519916344937
F1,8,16.4260911060661,18.18783739795238,45.88635524388946,26.880734638090733
F1,9,49.402368420916126,18.026137930009757,73.4604782092682,21.353066269722028
F1,10,41.056581790631896,14.15438021402092,48.74752173826028,29.671561404292248
F1,11,13.133909569035094,9.542255975615335,34.63850025590667,16.332362809435008
F1,12,26.86174148395881,15.43116897253396,53.5838833275346,41.87893506745017
F1,13,15.27360173424423,14.353781247810364,32.659232375590015,28.75739542631709
F1,14,28.02306942209964,9.233059964724768,41.91676735579284,19.602039717088516
F1,15,13.606887083722029,15.592933603097292,56.642817590172605,10.355660408398824
F1,16,47.81977392390476,12.661773212886482,33.34066349171208,25.96044819400717
F1,17,43.61950952887426,12.739016709435084,93.81034456746482,21.78625929352076
F1,18,48.82068497923792,15.237124723593205,35.85972888861828,56.9815283100049
F1,19,7.958303000026447,114.8080180041965,31.159025474427665,36.32693947777021
F1,20,21.95975185402988,13.861939706835896,50.23411369478513,23.74728593592084
F1,21,8.072916787120572,12.147216401198726,26.69890818079923,26.908930648237934
F1,22,13.877640936739356,9.99348396830329,22.625368496223743,30.39288609222079
F1,23,12.312560453168986,8.394794663764905,38.12664926653196,25.195008785199715
F1,24,31.84532361717256,72.75808212375404,31.36884943881534,16.235380289346768
F1,25,23.40633640526653,92.13612639485147,41.23806488990122,20.08088101666581
F1,26,12.453963576233797,11.303129796507497,23.86018694716898,21.978835211199677
F1,27,19.020351164376557,20.31485335977906,21.048972162513383,64.2870055000183
F1,28,17.41689814111211,7.861789498342746,15.86195585881153,19.28920886602635
F1,29,16.297996566283352,9.152739033283948,20.088248636459948,22.099678434607
F1,30,12.343559684124177,11.918043382129367,51.23860732074599,53.67251569755903
F1,31,4.749757809849728,3.649231198374778,37.67807936249733,31.74482669080381
F2,1,56.5750744466611,9.77654400528828,29.97411703011027,24.97348906611486
F2,2,20.01821338306245,16.39602189183353,20.13393062636535,34.41743872424512
F2,3,24.841303766060747,12.54766059299356,44.33317747114542,37.29260912521171
F2,4,15.14407296907602,23.62941984431948,32.8984310529814,34.553051817894385
F2,5,24.41926704831636,59.57017470532952,29.520928011165093,35.217553931834765
F2,6,29.662517826575872,18.62390993714861,36.60451148717292,34.29916465420861
F2,7,42.83376171991258,15.916027808540576,32.11133752938617,27.568606362826
F2,8,12.94550440639173,11.626351842794378,59.919521770205286,43.913367321053926
F2,9,26.84659523685682,16.89710840652504,39.1252636794063,53.61191505080348
F2,10,29.399867918589965,14.378952738439777,51.96566190203485,39.17560209681656
F2,11,21.875289079182096,23.725843676436003,56.8578324117121,36.26566598953769
F2,12,37.46199674090905,30.05487702013085,57.04473014118059,31.59771711954848
F2,13,28.435494584917453,121.88210912927072,41.72268069044754,31.860567757685384
F2,14,15.708513661572251,17.176030955833934,25.402463331328597,25.116345742999417
F2,15,14.961820728546536,15.236216476076114,40.53148998420766,40.35049676653932
F2,16,29.33700461902239,16.049224783263043,31.07746693922989,20.11763902604327
F2,17,21.334467303465058,17.120264883914967,40.03559050584953,51.28485380287135
F2,18,20.070598415783497,15.573858049402164,38.569134760552586,37.59109133202149
F2,19,23.057498481495426,98.86644811927889,19.085881515054812,26.41459521296465
F2,20,41.80261269378666,14.970264687596789,34.6640652608853,28.19329734244001
F2,21,22.784103769240986,15.672611802213089,52.05501296087636,30.20709229246013
F2,22,10.624434596058626,8.281143449455458,50.514855681684416,34.19543606202178
F2,23,21.58852996076665,14.19977537892471,47.98270542970045,24.58777186463967
F2,24,36.08954129494522,31.059939145859623,71.66971452051249,41.45976480030989
F2,25,29.744052775893906,19.70901936052786,29.30730802229764,18.28419665121506
F2,26,16.468039659101365,26.275155190883016,33.180533214097025,20.554760216807303
F2,27,17.79470526673968,20.320898185228685,55.355712925956624,26.583511600747396
F2,28,24.501794089835705,28.270193556324585,50.46576879837303,28.17421141594614
F2,29,18.74968865362886,10.977861177193006,35.37454248720315,20.40600229162511
F2,30,29.230620554974408,10.996170391845066,55.59108697563315,31.914236728430275
F2,31,16.005976369471746,21.27227552493356,51.353879731067344,30.77136522338552
F3,1,27.80574993056512,21.773280767342893,56.8823886356541,38.484714395058376
F3,2,32.602692191095194,14.032213565244255,23.984582926912136,30.335357453633065
F3,3,16.263672128108446,89.84360580941129,48.73192703960413,33.850404620154734
F3,4,36.2017301269155,20.86733928444993,21.75612706733235,31.057143470678785
F3,5,17.871023293887273,12.959624965055838,71.91127482117774,23.26209320271235
F3,6,28.5902367562646,13.478494343128204,48.52333205910538,23.41441421487335
F3,7,20.48787896613277,50.715418704587655,45.46195423681949,23.29441626662776
F3,8,9.04357595002681,21.085113411852173,43.79280266387662,21.150732303679884
F3,9,35.38254745737282,16.71856558769127,29.479444263727487,34.54193626096129
F3,10,16.67986055411306,18.91144580270825,37.88290869797857,14.407919666178593
F3,11,26.8607860650278,46.66295575681483,41.17923219114949,27.456754073997228
F3,12,22.97865756632804,25.63236765703321,41.574151786564286,26.13322279003577
F3,13,14.26303628389876,67.8688223762088,50.53573568451316,25.35361748649542
F3,14,31.5142496167,65.52908042887675,30.85912899694853,18.56298164315242
F3,15,15.171495735726904,15.745708917328534,25.794065871522275,30.53822171580325
F3,16,18.38746689794936,16.176130295762732,31.106586060143947,30.92785539745992
F3,17,19.213354653197825,12.395838681380656,20.32818811730661,36.983522659995735
F3,18,21.99682333583622,13.302104566536435,36.4461678318016,29.50427908256151
F3,19,43.62920511764805,33.60791370799446,40.43750446166232,18.648473172625668
F3,20,10.914872378519084,18.38146268083452,42.62267916162191,38.88985403354247
F3,21,36.53868707585263,16.652333641057243,31.94630764688156,24.46825228058262
F3,22,22.43746137267301,12.583762350681653,47.70910740575042,33.281035972609324
F3,23,38.479304428373176,22.293934991062343,33.33707998869696,26.556694243282983
F3,24,41.13943257894455,28.23979012095448,56.67693968587846,35.70515902562484
F3,25,35.503887951530906,13.236028855911098,50.94836309002532,17.5481748506632
F3,26,17.66425604548361,19.41756116788009,30.70989520825128,21.532114989039822
F3,27,31.730722556762352,45.693447123607136,48.44091492474632,27.55383944956252
F3,28,13.267771551046222,15.054722588932188,45.49889306139191,20.34098870374901
F3,29,28.87170740598552,13.330335133665509,30.780869330526954,31.80916364073777
F3,30,24.294831579486903,20.216329360346503,35.092141283977256,24.559733963165293
F3,31,33.708696171900215,63.21188628887174,49.29676968689233,31.57940108149181
F4,1,20.37412981817524,24.12807282569928,34.78338765960108,28.230894830663534
F4,2,25.30614530964778,21.033543453658297,40.26559523600238,20.218420458800743
F4,3,24.098949129179346,36.39843926581668,41.507579866435655,34.5589275790097
F4,4,36.76576338023661,25.39994813075047,42.21898250550884,25.18633358111457
F4,5,10.7791841658132,14.344425539004414,46.906354533919725,31.861296232081973
F4,6,12.670289040727964,18.70232365071772,41.45013789060916,27.45338396976946
F4,7,25.70373477707874,20.83343342462432,44.45510536805791,20.09057170616572
F4,8,36.87619712172141,26.242209034549845,39.625111994662426,27.87221878765601
F4,9,19.536786636860924,21.288615284196037,43.31323787533695,31.358943821243457
F4,10,27.75090441861345,17.303011466160118,40.03161384978448,30.71229208285272
F4,11,20.177975930076208,15.474508578015948,44.6826879078454,26.889095636203034
F4,12,31.65313367047265,18.00192972393307,31.238725400589125,22.18995285793581
F4,13,14.52951752256989,16.594260494496677,32.75067904021913,23.26869444237053
F4,14,27.246217640677852,15.32152182592888,36.42097109780545,29.71912441045789
F4,15,30.271520788672262,18.770403226256057,35.9380867361525,28.10313922932241
F4,16,30.0781616532284,96.38178754166655,46.96724181539885,26.81489885527836
F4,17,17.155085023460984,9.88338322759322,42.742755445521134,28.105703539126136
F4,18,24.37440073008901,36.69589295635951,44.89446659995928,23.482434430114683
F4,19,21.41771570737066,15.763943889576316,26.49391014050551,27.437082398592583
F4,20,25.18152078239406,34.10288295052022,31.1235018148124,27.112438131132983
F4,21,28.048070251904345,18.3117674048103,25.64785878802121,21.88986189289529
F4,22,13.723470489431763,42.56697013539022,42.84189497920018,22.92067425001207
F4,23,33.12593334180317,15.670484581612644,43.52102620818357,32.69001368514034
F4,24,27.461569212913155,23.981911056944465,36.20265963577694,36.0582936713971
F4,25,29.028667317534637,26.84969197786813,41.51016959613624,24.63540155939223
F4,26,38.13261738780576,16.70142449951675,44.552831392830434,34.91290744495757
F4,27,29.330544657259853,16.63554820541929,42.73489100266703,25.660728052517687
F4,28,22.49516542298087,12.663181634961898,31.27020206212694,25.980925702065235
F4,29,13.05806901892674,15.98194055643248,48.00591260930096,24.251846115055837
F4,30,23.11366131480357,17.653724312544444,38.56217935932242,25.93983463388133
F4,31,37.1294952200922,25.980003732825057,46.0436601549068,29.847986303203623
F5,1,22.642447941932016,15.474713232238196,39.97338197163148,21.65381756290724
F5,2,24.624008082541017,15.531089593451556,30.20213937010889,26.68861787172115
F5,3,34.16107073238745,38.8321172289561,38.65728473202724,24.754272702770194
F5,4,26.296029728793933,12.878561061438443,44.02623643499514,24.817493611119037
F5,5,34.50803037372802,19.246995304070435,34.56759515311907,25.82197420132941
F5,6,30.898589608267415,51.52948792861097,39.05385816147488,23.55386428910779
F5,7,21.29516421742773,32.016622842024034,33.15256098639128,22.0098020039985
F5,8,23.36336885320016,61.082285317783935,30.67129879924909,22.14063163514
F5,9,16.624879464189064,14.666618765231997,31.01800291975072,20.31557617329944
F5,10,32.2232543549726,15.129483168385994,34.65888913029294,19.701226404321083
F5,11,14.09965920298842,21.48391000490182,42.36581711752542,33.38828932568767
F5,12,19.503343899084754,10.906464250497418,26.934551638315813,24.664465726271334
F5,13,27.87258809908789,19.167260180103757,39.38781965157359,20.84855860452253
F5,14,13.085523896073484,12.263058781315843,31.92941496801777,20.507355024145344
F5,15,32.18537498069022,12.847817577394462,28.73452348486892,28.91085316743633
F5,16,20.906296125766577,10.522735524710738,46.311432930754975,16.80329643296299
F5,17,32.27833423354433,9.724178373457413,38.20552715322995,21.428108896837585
F5,18,19.4861995248005,13.009101984735608,27.459754374461237,24.70873340882034
F5,19,23.700601432146527,23.40537992236395,39.3338693465828,30.16939773628369
F5,20,25.87078641025706,14.952752481423282,21.92755729335644,19.68339092757425
F5,21,28.468460986967923,15.792442519930765,36.43221764786192,25.990472063833465
F5,22,23.4655675334508,68.01390741353386,27.02659694668388,22.436838982986743
F5,23,39.45705085697185,14.155318367596626,30.935799431769244,24.57117168563988
F5,24,23.105989567706608,90.30332842462506,39.11391974114901,19.96569145472995
F5,25,22.512418838031845,18.61052599746893,38.94714802437979,17.464657269527414
F5,26,22.89750901024358,22.192231360459363,36.16545725723198,28.02005796792248
F5,27,29.121739489963915,11.915519043258392,30.964028713402325,20.704674058764333
F5,28,13.172222202819825,13.79221722975458,39.23533960870161,25.906208419060587
F5,29,20.57910277527781,68.50710371274164,33.5429472759188,22.14529547608976
F5,30,15.751220324965772,30.964961574728893,21.322236248501063,22.550388502773536
F5,31,13.553649837421023,22.702620356513275,37.221671624914926,26.493075569015573
F6,1,63.27623022850288,9.91839341326731,39.37620016908642,23.56616069371925
F6,2,48.85857926126832,24.70308116057946,18.86158276775217,43.92609716644409
F6,3,25.247388155955843,13.263736102299914,41.76887445430968,38.08764184941135
F6,4,27.99183960557477,22.77577683041308,32.25669660105203,23.65152219709325
F6,5,23.12921869939623,18.43429229371593,49.31256287441498,18.48970405798244
F6,6,26.51278671004371,18.644119157782413,52.640625474186095,24.259020283175403
F6,7,43.63388962383311,24.484649943783825,37.313445830087936,35.9298868317068
F6,8,18.50211890296056,21.4514386353822,52.409440646881656,30.67245283178373
F6,9,18.23675571404827,17.03741405995983,41.42777816085742,33.688809108254624
F6,10,23.836498513916712,13.397424697455271,51.52443785756169,40.14391056215438
F6,11,50.7935345130413,27.13343172241558,60.985051236063896,40.59308573603061
F6,12,50.80674478874704,30.659069514796265,58.862103659909714,26.228929205887813
F6,13,19.810828757742524,81.55210605311649,42.77374075205569,56.04439173510451
F6,14,23.97262634341225,19.287893018990903,22.55910723494982,23.212733036163925
F6,15,17.566900222040868,15.42818765170544,44.46396616408455,22.64652201466736
F6,16,36.7320027430695,15.991736044997346,26.474894324260497,20.04259663754589
F6,17,49.765454939734575,17.10888673154084,34.56485438450239,64.96233065844046
F6,18,21.30489137082364,15.688331369193596,39.29464920934583,24.45139672560008
F6,19,9.706618583123694,15.847129941078869,18.31989939789348,34.259556695761056
F6,20,29.034139136942432,15.148374904830863,37.22266002864061,34.05950309895711
F6,21,22.0930591886964,15.989670505176685,41.44743659496631,38.34364462531992
F6,22,15.944418196190677,10.53236431124132,34.070755994046294,38.194614222803146
F6,23,36.67643273595482,14.273070258789552,47.98710381430218,26.4768236466415
F6,24,21.75550194134152,88.17930013024197,77.61149356148545,36.94303853842518
F6,25,15.106040434595416,19.434241715810785,30.50679299133844,19.555847823376684
F6,26,13.533408469099648,27.7135557718973,44.247411825276224,25.20792433864985
F6,27,53.19239117984164,20.54559773226137,70.89373281080398,18.484258108681583
F6,28,17.150916820371307,24.99129689718393,49.70545504466632,28.913277054048866
F6,29,16.37854634904404,10.973570570935005,34.58425405653456,24.47288949631439
F6,30,20.36649150183528,6.843216036598838,54.33729446283123,38.78604397498828
F6,31,15.960520976126904,18.95921988118987,47.56948300231634,31.371119027444177
F7,1,63.22963751495648,15.055003102171357,21.84288405219782,24.17293345755968
F7,2,52.00242670912467,21.3332512410298,24.363540305789943,39.619227123148136
F7,3,28.66036312831724,11.213554387293316,55.78676478044342,34.18369651968851
F7,4,19.785692319973244,29.06749487601932,29.62890744710891,36.55382817370427
F7,5,14.945343240404618,18.44463817862037,31.92322118713383,49.08598057431392
F7,6,13.80408514112306,18.86499483555702,62.621655964435504,49.53058352526762
F7,7,58.87407451266712,29.025978463315404,39.73782510616642,40.59023318588677
F7,8,13.835399695042614,22.05226284123702,68.52172303651768,33.95863860391341
F7,9,15.753574510697122,17.28362602121001,44.436060737981386,46.85881012519034
F7,10,16.27665286336271,14.738964610686208,54.07116526931533,46.72931936939643
F7,11,45.928401196889446,24.12188260041342,55.2221588153385,39.78450505330041
F7,12,17.884124330180445,28.4130291958018,58.32621696166074,32.32332182151136
F7,13,21.119071798468568,25.32367871782758,48.486280134865794,53.23279303680455
F7,14,26.809240783762228,25.98792673662429,18.73941709336128,43.1784940573077
F7,15,18.022014355494203,15.7869410862258,34.33538386432587,22.170025471260164
F7,16,17.235773105505878,18.03188323999988,41.9509770526488,34.198287804811656
F7,17,32.95282322338722,17.38005482295525,43.17720180754706,63.08546074950614
F7,18,25.88286688794664,15.87547914795212,42.23595837545957,27.356440361291767
F7,19,21.413537588211163,16.399018103163367,19.747673879854965,36.654896212359866
F7,20,49.39685076429853,15.749555048653052,37.7302250786562,46.17598543588615
F7,21,22.73652118433604,51.273258325531984,42.40632557617849,62.09426787905561
F7,22,27.407516311649616,10.99191616809616,37.24127161812381,30.107357131301143
F7,23,16.069542516864274,14.725245405563337,54.48247032442421,33.380904208923745
F7,24,22.36966073120122,51.66036679367703,87.79658295325909,49.90338572932976
F7,25,15.305652895645672,12.612799490361152,28.4220099143087,28.72204653076667
F7,26,24.23652543700184,18.89662673448193,19.07193590316105,47.269216751152726
F7,27,18.048694670130825,27.372910838059745,75.86594370602654,47.71382337511453
F7,28,56.49429163310915,25.105260534841108,53.24013527301489,26.61464805810091
F7,29,16.697121952231385,18.788004231028182,33.36547103825279,25.44772006895069
F7,30,47.9418104257135,51.48588010288697,65.26227199713128,38.11432862318129
F7,31,16.157298925353107,19.391885993755967,53.41657088289395,38.43755928113359
F8,1,63.05833047327396,10.651859278742034,34.930494466652654,40.93823725818112
F8,2,64.8762356215564,20.341072084159634,23.42071405142833,59.34362743683719
F8,3,34.746216730474785,13.42351251105548,31.31226364511853,49.43059171774436
F8,4,22.39274603145947,20.136327951229877,30.12186394518266,23.256784692662823
F8,5,25.201896929949395,16.252376757966296,72.72118875673706,28.899823161485223
F8,6,61.04884813616235,19.476609789368677,46.11895617754574,53.90873150937325
F8,7,48.73974087579192,29.071867737393305,35.46069283699696,46.02985461100809
F8,8,70.70777143634135,23.078051372889558,64.64484695600763,39.40177675925993
F8,9,10.61438217695428,17.507781351471774,56.14650728219155,51.49749157378952
F8,10,50.128952029119496,15.250164933173831,52.98526370842748,36.06356612768875
F8,11,27.865188757263876,24.511490611643023,71.16172656962976,45.32688015012776
F8,12,56.68448022701152,26.24859483498223,61.47175626709422,47.36955031800132
F8,13,22.47151337144664,15.551458704806503,39.84329600946579,63.79735876531871
F8,14,27.868813718058625,14.878130447603986,24.31097250086659,30.70651008766096
F8,15,18.62801222326756,15.814860335976176,24.66154567703103,45.81779314763996
F8,16,27.16024567414177,36.45518759180031,49.51677605659429,23.398899133587378
F8,17,24.050728752994,17.560819259480922,26.03319319188177,68.4362110214739
F8,18,61.35245886260108,16.500265951954685,41.05356487956506,29.57077519744655
F8,19,21.50043830348412,16.7218169498409,27.951759596724163,36.27353048437506
F8,20,19.439540170747392,16.334454658947553,55.251014695785294,57.93800558628963
F8,21,20.353058918279608,16.50235304962196,48.51919500220609,75.59534668408874
F8,22,12.198369988673187,9.078639634473118,34.78365019691205,57.99912481763096
F8,23,21.87574838449413,15.244781963690958,53.54499278654258,36.22416374880645
F8,24,40.729618168970646,28.35783143607669,51.0288950103331,42.80033776139421
F8,25,15.404061320155234,20.20883335530128,34.754568633092696,22.3717298151225
F8,26,14.19529154833514,22.435328225794954,22.95964242503834,55.40543959078244
F8,27,35.03539216728942,27.84326598005602,76.50729536788705,56.91005264202308
F8,28,61.84248389383598,43.58334122599074,55.013156347189366,30.89128163088134
F8,29,44.00733810713102,12.01201082438392,46.29318287484748,28.78148716819886
F8,30,41.14070004172368,48.17874203940178,67.62230482004367,34.47563687073686
F8,31,16.449438546510923,19.69139393193317,52.750234912574186,46.7563619372972
F9,1,90.25558708867842,117.83997949465032,102.07794923472352,94.79519057516264
F9,2,36.83716703716254,179.53040503876412,116.57268677569176,90.36720177214904
F9,3,87.31534450532887,41.97606499715077,117.11259296545524,106.80052606614356
F9,4,28.02102204098844,107.54697395363868,114.36333172226976,77.74189769928158
F9,5,122.28633943595054,30.632575630044315,150.79151849426955,115.83550330165812
F9,6,46.35632805586122,61.40159611289941,125.79939543056884,100.41009288373375
F9,7,48.783241853646366,10.20043158521672,89.72514023812111,49.40028733042419
F9,8,33.1602320017256,37.89951273648994,128.28044548843485,92.29336596450642
F9,9,106.185416479354,66.07148921651002,95.23598982373356,88.11347099921917
F9,10,20.328728155431243,23.51534273368043,113.71269140115228,94.20408879073295
F9,11,21.604886475544426,45.85694663699945,121.76875703106695,92.81238788045034
F9,12,28.12161130317237,226.10397729399324,138.16584384929203,87.71589011134398
F9,13,34.630596172992824,37.81161238148859,107.29950522881416,93.98896520637447
F9,14,25.06408025661232,187.162477444247,95.34997137770046,95.15113550722424
F9,15,25.64825985767248,234.3017029741707,133.01471665237472,103.91370755004756
F9,16,23.182532742192425,38.71876627580899,131.31064082749967,88.93583763218783
F9,17,109.45017649485855,63.03905730538392,141.76856199075448,73.61733517035506
F9,18,26.654416339177192,45.35485790226283,113.41744615379184,57.615373421900735
F9,19,38.97874015851185,36.73794817899738,131.6827950279798,91.5185441309917
F9,20,82.55718396032074,44.7812174857665,120.35451011694576,80.20094518251682
F9,21,97.39511770853365,229.4596429198593,105.45746816132096,98.70217228796368
F9,22,105.9808196012124,34.316069516261564,75.27793174722039,58.69564220850776
F9,23,55.33274265373346,15.519960480460933,130.8776218663297,49.011825356467824
F9,24,29.69984244214923,20.51478282829105,129.57673187361615,34.280777679487464
F9,25,36.94845753713967,16.28030443841775,105.3373667261388,72.78841707825168
F9,26,19.209263526832228,33.361558426166475,137.81318151255448,107.8050878463014
F9,27,96.8548782529935,20.48558250055111,104.66703447839517,92.3120140017789
F9,28,113.23962661379475,42.66811938681015,134.36686856524017,90.60772517625018
F9,29,70.08430208576195,125.46004015361598,103.84581060497582,95.74045534682836
F9,30,98.02759488262552,68.88020647837499,127.64474521982198,94.13880148686476
F9,31,19.103967584792684,56.52088004020941,107.36091693480928,95.50600107780718
F10,1,159.3390583440491,175.40442428936103,216.0440300819286,186.902440322732
F10,2,181.3347908918583,91.21342603565624,234.69290285390625,186.9722982169985
F10,3,131.3599452235209,339.30959627852707,209.3740075421872,182.9934254288204
F10,4,123.91853160814873,72.9042802446084,257.3383650465203,215.3758682385833
F10,5,203.4945223670184,62.79655657335417,242.3338468065913,195.49525927723343
F10,6,190.06985466715736,132.91609533730906,244.0190574765583,212.5438904451688
F10,7,131.32398564256215,98.32062723305584,232.8869211412805,194.96836239804864
F10,8,184.21134914112463,334.33283045744207,241.56213520399183,193.5994134385738
F10,9,198.87663618687063,143.9334425581549,246.85077270983112,216.20750426107375
F10,10,118.28693560215538,418.8615456966665,214.7394992917317,189.0614658547233
F10,11,159.7750943329489,296.9593740853312,245.9483990466552,191.2578216443715
F10,12,189.5628783869361,346.41437568843844,240.01851916285932,193.61428799499552
F10,13,200.9148412099415,109.72555411057064,234.4745775519403,190.3494096478083
F10,14,156.34997954668688,412.9892116134103,225.6630311292072,204.57768806412065
F10,15,190.14640181866747,248.4470795526801,226.0155676224857,188.67385214381784
F10,16,195.91596964031567,260.30706029732426,224.44124991337625,179.154945043522
F10,17,165.11524008500615,312.2585175693746,204.91163005919265,182.18745789992215
F10,18,169.37166056562685,333.30927989299005,217.86239749923809,161.07586177781803
F10,19,199.06024689326696,359.1665942290965,229.6647460119956,172.29928116308062
F10,20,188.4185356458212,376.5299087956022,248.5968264296696,202.0017578882957
F10,21,201.43136644094847,281.0648411006369,220.10041695453825,215.7060481616253
F10,22,145.17247333678878,190.14248037742675,244.2435906549524,200.109999869698
F10,23,29.25035357969492,481.50012672344815,229.20128435102387,192.25086460832
F10,24,174.40860547231532,337.318740511222,234.1302136976564,179.74351497487092
F10,25,74.16294581561613,235.48475914368868,211.7915339227255,190.31281581102888
F10,26,193.60226326924408,232.51527893761772,255.18018943135823,213.99013195449703
F10,27,190.14386103050091,366.2356770050752,228.2089421331098,187.64055278582453
F10,28,131.925992627779,268.2092497958656,229.20712499081404,206.48909917721664
F10,29,139.51799108387257,361.4351712609424,229.7111727016652,190.41559406858
F10,30,180.2761217612676,287.1795399896644,214.96045064864185,176.2003800446027
F10,31,210.85970614855137,384.4535276186524,228.95430186758128,202.2806080656105
F11,1,40.14731187499124,10.20563181942172,36.77964150615526,37.51912805041034
F11,2,28.437251032302715,19.343153265604336,31.97484986373397,31.335279937647275
F11,3,38.11547669260538,25.19938788924411,36.79992978993386,31.80270679976905
F11,4,20.741547152066698,22.98296189766739,40.3417771437742,24.00174666928748
F11,5,26.72973887112993,62.39494046080444,35.88971976732279,31.49637820166628
F11,6,20.243510599138297,19.12476131707028,58.456148021247934,30.53554852868623
F11,7,42.76700724183987,16.23107711824332,36.76184845427148,29.698432325154897
F11,8,14.629796574631373,113.5285542432241,54.646335599326,25.823073995419048
F11,9,19.9307549159569,20.68575018148727,46.33328524940706,43.85086206327388
F11,10,32.01318570599719,15.862900120611634,49.728978683996935,35.75718976078199
F11,11,52.77297039852065,14.897261439479363,58.45677170986538,28.65534479638037
F11,12,44.06645096641736,40.20443324692226,53.98727935298115,26.25918745743686
F11,13,28.07705841341953,113.02611223469096,49.03687826935492,35.32231381186481
F11,14,31.59316729177052,20.804986364148125,49.04763920647315,27.86079976566884
F11,15,22.581263139474785,16.86037700266968,36.07874242828518,44.00533099038034
F11,16,31.136031120208017,19.38083629362111,44.55831138965633,22.76667945476788
F11,17,17.003638539963013,17.578681610392813,56.24248567563756,54.03343073415899
F11,18,28.59441495206577,15.06387099056432,48.84178911446716,39.03898650817207
F11,19,40.71979520849708,16.63419805427872,19.65706021597425,23.02587298713762
F11,20,12.782792597354373,17.056133708236732,37.47916335464215,39.02775934624025
F11,21,25.76718040479102,24.673712686066725,51.15416472814721,47.316263848440165
F11,22,14.196419199120548,11.348000619123894,29.277816126432626,18.736225646412883
F11,23,27.945553533605075,38.53360466565923,41.80077353838766,28.19280700898175
F11,24,18.27881336458148,82.1065105347369,68.55421221260252,42.67887527441492
F11,25,23.66134371759958,20.04578205440697,31.554329111635536,21.17452783192112
F11,26,16.967884571050305,34.00845885317934,36.49016662367865,27.21740205097221
F11,27,17.377799936968774,25.779974683005413,53.17922615882747,33.997642181761755
F11,28,38.62806282469606,31.977140381150736,58.295027452436926,23.231681425472622
F11,29,24.698510169398546,11.531231197595844,39.60805969654654,20.01701740794994
F11,30,25.73066445161321,7.959657820869562,51.567876187432304,39.26437336538109
F11,31,17.088071351263043,21.46459471613929,55.8852905342837,37.19563447977614
F12,1,50.50692575014708,11.48389723707709,52.18354354872675,35.18554945163988
F12,2,38.19364301907317,28.56973807756592,53.13727087558999,38.0162894493705
F12,3,22.576191804526413,16.0218686151663,46.54091255080442,35.04357394563785
F12,4,41.14471159330847,17.84134882075169,48.3264205907012,29.692680541092752
F12,5,32.17406419338309,47.76722050414281,55.12540318644548,33.65507477437781
F12,6,17.513546285331827,32.587734667279,61.73746891183823,36.67679589515616
F12,7,43.982257383332296,10.22508320683141,44.27792787200149,30.219379172003627
F12,8,32.216369343326576,135.0256758762166,41.86614161946187,25.13316881455471
F12,9,53.73363235528861,73.59535385653379,59.23513511862832,44.03946984102041
F12,10,28.080901874645186,18.724807846215587,47.71746103384292,36.10144758109193
F12,11,36.20917188885085,18.827958899906758,58.53801741738759,38.9235620076166
F12,12,43.12223055510297,88.63178610573107,49.198790914613696,33.32550241755016
F12,13,51.41978231539352,40.9006769188237,65.24668748865808,38.71166319109884
F12,14,37.61902634503959,41.50592777379546,38.53532343290589,30.272649104373624
F12,15,23.52571321271165,31.29027324738122,49.72491744230408,39.95774290863157
F12,16,39.9948336543653,18.146246303977943,50.15647706719781,23.461377300409147
F12,17,41.54258908793451,43.68848891381543,65.25334321629173,50.77075724295096
F12,18,14.284757248499004,20.25033716605295,63.08396620424623,41.50258806689124
F12,19,42.162218215914585,61.60498877573283,35.933631281438345,29.722408676036665
F12,20,27.65024201966979,84.9238294939859,59.63251618397209,33.04567396402131
F12,21,28.16657857182829,72.49823010055303,44.68572565874244,42.22505322777858
F12,22,20.79186701052477,25.752100906971823,52.40350738268354,48.18070571966804
F12,23,26.813521521480737,15.342204945041871,37.8685507623661,28.420037202686824
F12,24,34.78697013187846,102.25414576568404,74.29619029350218,33.89993358782828
F12,25,35.58613343946874,50.98578186950627,45.62387524830332,32.358130052605695
F12,26,24.956744796926102,105.31713927296668,64.75876249904854,29.02724956279013
F12,27,35.893769759221406,76.88218923300923,68.31739781851351,40.42888052802176
F12,28,38.83920488092486,58.82432339254314,50.140179882606,37.361776132563705
F12,29,38.45954906889562,96.79662119194704,39.99235876565473,24.01059145319537
F12,30,44.87482184615511,52.29491578789499,57.45033578687781,30.177674498938607
F12,31,26.26269234859617,50.5929300078727,53.755898694095,34.73311218165298
