system,Nc,dim,alg,n,median_gap,q1,q3,conv_rate,first_ctrl_err,cond_H,lambda_min,n_active_reference,time_ms,fe_exact
cstr,1,2,GWO,60,2.7937196428531766e-15,5.401489234765369e-16,4.755172745182765e-09,1.0,1.103944988027811e-07,8007.522777441203,0.11920134987966657,0.3333333333333333,13.551543495850638,True
cstr,1,2,PSO,60,5.288983502326315e-12,1.8546028562216822e-16,1.3246125312711794e-11,1.0,9.246221013677963e-06,8007.522777441203,0.11920134987966657,0.3333333333333333,4.544486524537206,True
cstr,1,2,SGO,60,1.3339427898867642e-11,1.3246125312711794e-11,2.0646719630260233e-06,0.8833333333333333,1.474408716596461e-05,8007.522777441203,0.11920134987966657,0.3333333333333333,11.819010484032333,True
cstr,1,2,WOA,60,1.2971428883560823e-11,1.292829647754451e-11,1.3060871857347032e-11,0.8666666666666667,1.4748188761371026e-05,8007.522777441203,0.11920134987966657,0.3333333333333333,8.013821992790326,True
cstr,2,4,GWO,60,7.841037362818089e-13,2.309889731834611e-13,3.959800044527248e-08,0.95,3.5852395440675333e-07,88127.96413002364,0.021445503460923172,1.0,21.52113348711282,True
cstr,2,4,PSO,60,1.3795027160822697e-11,5.167590586117477e-16,1.3889600443152457e-11,0.95,1.1628114284548035e-05,88127.96413002364,0.021445503460923172,1.0,4.568303527776152,True
cstr,2,4,SGO,60,1.3889600443152457e-11,1.3795027160822697e-11,0.01869745290675383,0.7,1.16413491235919e-05,88127.96413002364,0.021445503460923172,1.0,12.00006651924923,True
cstr,2,4,WOA,60,1.3127621255366967e-11,1.2900536660201788e-11,1.7731736166345607e-10,0.8,1.1655943395843898e-05,88127.96413002364,0.021445503460923172,1.0,7.958526985021308,True
cstr,3,6,GWO,60,4.434581686126615e-12,6.762543006257643e-13,0.000658083879522196,0.7333333333333333,1.0021471682373061e-06,130866.55959760725,0.02135629115282952,1.6666666666666667,29.42065999377519,True
cstr,3,6,PSO,60,1.3890675789005197e-11,1.3796100536281666e-11,1.3890675789005197e-11,0.8166666666666667,1.1621838248162983e-05,130866.55959760725,0.02135629115282952,1.6666666666666667,4.586871480569243,True
cstr,3,6,SGO,60,1.3890675789005197e-11,1.3796100536281666e-11,0.011501300484935853,0.6666666666666666,1.1635069396155134e-05,130866.55959760725,0.02135629115282952,1.6666666666666667,11.948349478188902,True
cstr,3,6,WOA,60,1.2910545809954672e-11,1.2670896631423464e-11,0.14284577788512054,0.6666666666666666,1.164913881201437e-05,130866.55959760725,0.02135629115282952,1.6666666666666667,7.967900019139051,True
cstr,5,10,GWO,60,5.514558052156215e-12,1.2078388301324767e-12,0.0134105241313889,0.6666666666666666,3.4560219251082833e-06,209860.10342288556,0.021307568140349623,2.0,44.40194150083698,True
cstr,5,10,PSO,60,1.389067642408316e-11,1.3796101170564074e-11,0.001106356021283198,0.7166666666666667,1.1621834393300004e-05,209860.10342288556,0.021307568140349623,2.0,4.607150505762547,True
cstr,5,10,SGO,60,1.389067642408316e-11,1.3796101170564074e-11,0.024608628816616657,0.6666666666666666,1.1635065541696746e-05,209860.10342288556,0.021307568140349623,2.0,11.957618989981711,True
cstr,5,10,WOA,60,1.2166990001907298e-11,1.1954402440618268e-11,0.13631175422708514,0.6666666666666666,1.1647506053732478e-05,209860.10342288556,0.021307568140349623,2.0,7.898287498392165,True
cstr,8,16,GWO,60,6.443253398566886e-12,5.311887652898316e-12,0.025484180819851866,0.6666666666666666,1.1453139405450339e-05,306579.7752409894,0.021291488205300357,2.0,68.12851299764588,True
cstr,8,16,PSO,60,1.3890676424085158e-11,1.3796101170566059e-11,0.006979515108551267,0.6666666666666666,1.162183439398472e-05,306579.7752409894,0.021291488205300357,2.0,4.688049026299268,True
cstr,8,16,SGO,60,1.3890676424085158e-11,1.3796101170566059e-11,0.07213894299215967,0.6666666666666666,1.1635065542384704e-05,306579.7752409894,0.021291488205300357,2.0,11.911144480109215,True
cstr,8,16,WOA,60,1.1304565615995553e-11,1.115829205703202e-11,0.230472913578671,0.6666666666666666,1.1644971522289103e-05,306579.7752409894,0.021291488205300357,2.0,7.991606486029923,True
flight,1,2,GWO,80,3.4996820337819805e-10,2.1099724895086844e-11,9.80744245300298e-08,0.95,0.0001351354832856977,7.241079690887331,0.03596684187208898,0.25,13.23545552440919,True
flight,1,2,PSO,80,1.7075167804861592e-07,7.368787564794466e-08,7.952508083460702e-06,0.975,0.002758050540219135,7.241079690887331,0.03596684187208898,0.25,3.5542975238058716,True
flight,1,2,SGO,80,9.960092185737939e-08,3.5667412064474543e-10,6.760637858920053e-05,0.75,0.0022770594390411833,7.241079690887331,0.03596684187208898,0.25,13.330544024938717,True
flight,1,2,WOA,80,3.6389884167663157e-10,2.9271436269547656e-12,4.2636232551534446e-08,0.9875,0.00011140483723623477,7.241079690887331,0.03596684187208898,0.25,7.826236978871748,True
flight,2,4,GWO,80,1.1051234127052866e-07,1.23177881593082e-09,6.161781308285081e-05,0.75,0.001344778866658244,23.480048514772996,0.020047519281786483,0.5,20.95290503348224,True
flight,2,4,PSO,80,1.1547099458313885e-05,2.6679280897886234e-07,8.916373877473433e-05,0.75,0.010054160819340234,23.480048514772996,0.020047519281786483,0.5,3.5927829740103334,True
flight,2,4,SGO,80,0.0007410029943510861,1.5339297794127436e-07,0.09172238432901239,0.5,0.15926576387735858,23.480048514772996,0.020047519281786483,0.5,13.434574997518212,True
flight,2,4,WOA,80,7.067008409822431e-05,3.39064379906158e-08,0.016051635472626776,0.5,0.13854542195494346,23.480048514772996,0.020047519281786483,0.5,7.824019034160301,True
flight,3,6,GWO,80,3.315932082696582e-05,9.314366458016143e-09,0.0007166216794130209,0.55,0.0183861557556296,32.657845221092394,0.02002775445071596,0.5,28.565097512910143,True
flight,3,6,PSO,80,1.7847808821634577e-05,7.179132993786416e-06,0.00237626140876172,0.675,0.012159556749329154,32.657845221092394,0.02002775445071596,0.5,3.65564099047333,True
flight,3,6,SGO,80,0.024416562054356467,5.599095223108117e-07,0.29685914621442533,0.5,0.29179166357679026,32.657845221092394,0.02002775445071596,0.5,13.316274504177272,True
flight,3,6,WOA,80,0.0027515044955984656,1.371553019110612e-06,0.03703117893722434,0.5,0.14003148535115367,32.657845221092394,0.02002775445071596,0.5,7.850633002817631,True
flight,5,10,GWO,80,0.0003161897778077886,1.64516450492577e-07,0.007190596056794226,0.5,0.01763402335683255,47.49269841387982,0.020022959327572417,0.0,44.17481098789722,True
flight,5,10,PSO,80,0.004495610822033912,3.18352981596144e-05,0.03467508396951452,0.5,0.22376632520758602,47.49269841387982,0.020022959327572417,0.0,3.7628409918397665,True
flight,5,10,SGO,80,0.054019611230100344,5.427671156069818e-06,0.48308694910353916,0.5,0.6308834112802221,47.49269841387982,0.020022959327572417,0.0,13.483070506481454,True
flight,5,10,WOA,80,0.007747816857839792,6.187574050091248e-06,0.05659042438117325,0.5,0.6479630942024683,47.49269841387982,0.020022959327572417,0.0,7.964435004396364,True
flight,8,16,GWO,80,0.0020356225757575345,1.61193043009925e-06,0.02264573004741058,0.5,0.07342311034389867,62.750618383560585,0.02002156762322977,0.0,66.8018470169045,True
flight,8,16,PSO,80,0.018636475137624113,6.914217149212689e-05,0.12410533557491604,0.5,0.3720855545530117,62.750618383560585,0.02002156762322977,0.0,3.816674492554739,True
flight,8,16,SGO,80,0.05874774212097522,1.6896857623703654e-05,0.48800233027518425,0.5,0.375189867412151,62.750618383560585,0.02002156762322977,0.0,13.446710479911417,True
flight,8,16,WOA,80,0.0049241380220773874,1.9797183580135604e-05,0.0683419231596353,0.5,0.3061032418381763,62.750618383560585,0.02002156762322977,0.0,7.922674994915724,True
hvac,1,3,GWO,80,2.346292989468049e-06,2.538030653715523e-07,9.140636602178504e-06,1.0,0.01525665154492104,1.0000000025254252,0.02015975703252567,0.75,17.116468981839716,True
hvac,1,3,PSO,80,1.9194245120396358e-08,1.214443910019236e-10,8.651014426344517e-06,1.0,0.0013793828524874315,1.0000000025254252,0.02015975703252567,0.75,4.439083015313372,True
hvac,1,3,SGO,80,2.301246209425164e-05,7.432515854539131e-06,0.00012178334885976517,0.725,0.11256672451511887,1.0000000025254252,0.02015975703252567,0.75,11.513301025843248,True
hvac,1,3,WOA,80,1.505407956747484e-06,8.031239006715542e-15,3.212713252331422e-05,0.8625,0.027462281221150547,1.0000000025254252,0.02015975703252567,0.75,7.679474510950968,True
hvac,2,6,GWO,80,2.970464243279465e-05,8.521458826782173e-06,0.00010284595688912197,0.7375,0.03563414688666486,1.0151791644297803,0.020003947617365566,1.5,29.175596486311406,True
hvac,2,6,PSO,80,0.00011749964314279257,2.9909197217055025e-06,0.000752850962234938,0.475,0.05247442662128522,1.0151791644297803,0.020003947617365566,1.5,4.637574485968798,True
hvac,2,6,SGO,80,0.002133444082842712,0.0009569572379752827,0.005060700790982796,0.15,0.35655781914363077,1.0151791644297803,0.020003947617365566,1.5,11.879515514010563,True
hvac,2,6,WOA,80,0.00030722771443932213,1.6691234950457398e-05,0.0006111379675823226,0.2875,0.13863167396270426,1.0151791644297803,0.020003947617365566,1.5,7.864114973926917,True
hvac,3,9,GWO,80,0.00011722722885004061,5.455912116431906e-05,0.0006787525857607868,0.4375,0.05024378992384525,1.0221092883013188,0.02000265849588253,2.25,40.69913650164381,True
hvac,3,9,PSO,80,0.0021749877215901624,0.0004640809169599233,0.004772751486575943,0.2375,0.2024185738162595,1.0221092883013188,0.02000265849588253,2.25,4.680870479205623,True
hvac,3,9,SGO,80,0.019321287929800788,0.010511923163344958,0.11138267269133126,0.0625,0.8911427649672514,1.0221092883013188,0.02000265849588253,2.25,12.020752008538693,True
hvac,3,9,WOA,80,0.0009008245853151103,0.000122506398215292,0.0017484060688266509,0.25,0.15309735582484446,1.0221092883013188,0.02000265849588253,2.25,7.851585978642106,True
hvac,5,15,GWO,80,0.0022638461777564523,0.0011679546243175522,0.0035697874754124998,0.0,0.09983539084143588,1.03429955735392,0.02000220982308542,3.75,64.10765700275078,True
hvac,5,15,PSO,80,0.01844859916575104,0.0069573250939528025,0.02470932672823025,0.225,0.762705180174876,1.03429955735392,0.02000220982308542,3.75,4.739215481095016,True
hvac,5,15,SGO,80,0.0858179824951393,0.03714199679757979,0.3506375892126319,0.0,1.236657522152416,1.03429955735392,0.02000220982308542,3.75,12.024402531096712,True
hvac,5,15,WOA,80,0.0017920354046455783,0.0006034578201011831,0.005052094028415008,0.25,0.18441519689565616,1.03429955735392,0.02000220982308542,3.75,7.817348989192396,True
hvac,8,24,GWO,80,0.009455000035645266,0.006144520073496753,0.02063578761969275,0.0,0.4402268749039351,1.0487318514720991,0.02000207888848934,3.0,99.05702900141478,True
hvac,8,24,PSO,80,0.05342605907432357,0.033282648789298895,0.07685032792656438,0.0,0.8755412544715659,1.0487318514720991,0.02000207888848934,3.0,5.001374025596306,True
hvac,8,24,SGO,80,0.1935322573786022,0.06789935903678215,0.5247105923485743,0.0,3.471072703263552,1.0487318514720991,0.02000207888848934,3.0,12.139614002080634,True
hvac,8,24,WOA,80,0.006159594743244828,0.003688416141681697,0.013303945274127909,0.0,0.2681947862510323,1.0487318514720991,0.02000207888848934,3.0,7.909698964795098,True
pendcart,1,1,GWO,80,1.2743340542524695e-15,4.355030238065642e-18,1.0467200336802926e-11,1.0,1.001066487148726e-07,1.0,0.253939042026306,0.25,34.42948151496239,True
pendcart,1,1,PSO,80,3.1176046226763586e-09,4.756369960116094e-12,1.6505416911642e-08,1.0,0.00015668233268877535,1.0,0.253939042026306,0.25,24.387284996919334,True
pendcart,1,1,SGO,80,1.3704885368447555e-12,1.4277958121948548e-16,3.304950109013133e-09,1.0,3.247426762101926e-06,1.0,0.253939042026306,0.25,40.10423200088553,True
pendcart,1,1,WOA,80,7.576794499202503e-18,1.8096643851128863e-21,2.2674512956252432e-14,1.0,7.725354373938165e-09,1.0,0.253939042026306,0.25,32.288536516716704,True
pendcart,2,2,GWO,80,7.371765626003459e-10,1.552815477409228e-10,1.9834418888529084e-09,1.0,0.0003378038146151785,1.4982015758236493,0.20097742880377573,1.0,39.057601476088166,True
pendcart,2,2,PSO,80,2.2432121663664898e-10,5.5564317225439336e-11,1.4188135881182204e-09,1.0,0.0001819794255703,1.4982015758236493,0.20097742880377573,1.0,24.406350508797914,True
pendcart,2,2,SGO,80,1.4698492400259355e-06,2.0440682519091944e-07,6.337518386574071e-06,0.9375,0.016197326381678534,1.4982015758236493,0.20097742880377573,1.0,40.43413698673248,True
pendcart,2,2,WOA,80,6.17382372409948e-13,1.3933738864800147e-14,1.828033137891501e-11,0.825,8.921166882558396e-06,1.4982015758236493,0.20097742880377573,1.0,32.488643017131835,True
pendcart,3,3,GWO,80,2.9193004844650388e-09,2.1891504088789943e-10,1.0702411809908106e-08,1.0,0.001088684002807594,1.705632068644134,0.2003501482014924,2.0,43.702638475224376,True
pendcart,3,3,PSO,80,1.3630185464400827e-10,2.335849530668244e-11,8.479337004136539e-10,1.0,0.00023526182922573025,1.705632068644134,0.2003501482014924,2.0,24.837446020683274,True
pendcart,3,3,SGO,80,7.0122645261577896e-06,4.529791596169965e-07,0.0032877773592897954,0.6625,0.054694265971519274,1.705632068644134,0.2003501482014924,2.0,40.86349651333876,True
pendcart,3,3,WOA,80,0.006490615633871608,7.350108861873698e-14,0.07063930501597612,0.45,1.7808863418837122,1.705632068644134,0.2003501482014924,2.0,32.56042202701792,True
pendcart,5,5,GWO,80,4.0090375992035254e-08,5.762871482562041e-09,1.0704969894748299e-06,0.7875,0.00680169352796689,2.020082780264502,0.20028676612631413,4.0,51.05743947206065,True
pendcart,5,5,PSO,80,9.612643035882705e-11,8.827218445691058e-12,4.333837811008721e-10,0.9375,0.00034855655510546146,2.020082780264502,0.20028676612631413,4.0,25.072657503187656,True
pendcart,5,5,SGO,80,0.03149093694795544,0.0023442250344841435,0.10189876476907854,0.1,3.2452832018943063,2.020082780264502,0.20028676612631413,4.0,39.97311802231707,True
pendcart,5,5,WOA,80,0.03149093694795544,6.154479466904363e-13,0.060189614003910784,0.3,6.131936868136407,2.020082780264502,0.20028676612631413,4.0,32.30907645775005,True
pendcart,8,8,GWO,80,0.0058967151221424345,0.0006044399812748956,0.012488109228073706,0.1375,3.072129195099229,2.3019115311490537,0.20026829155587844,7.0,62.96390053466894,True
pendcart,8,8,PSO,80,1.1033881130149981e-11,1.0280869806716786e-12,3.76822631067904e-10,0.9,0.00017137654683241355,2.3019115311490537,0.20026829155587844,7.0,24.456912477035075,True
pendcart,8,8,SGO,80,0.09701144596704406,0.009940106401703935,0.21842138150269927,0.0875,4.4087370407494735,2.3019115311490537,0.20026829155587844,7.0,39.749137533362955,True
pendcart,8,8,WOA,80,0.021973291134358655,0.007662413104649907,0.03715788001631569,0.15,7.528007864540872,2.3019115311490537,0.20026829155587844,7.0,32.17610949650407,True
uav,1,4,GWO,80,8.444160714117965e-06,6.700380263582575e-14,0.00035943969066272284,0.5625,0.00012074074517052464,11140.278763586146,953.3798842949244,0.25,21.14799350965768,True
uav,1,4,PSO,80,6.389967079534025e-07,2.5189167243006545e-10,0.0006148805215517157,0.6625,4.373253275194278e-05,11140.278763586146,953.3798842949244,0.25,4.2709215194918215,True
uav,1,4,SGO,80,8.609214324064005e-05,2.5189167243006545e-10,0.05268135843714764,0.5,0.00015546131332582977,11140.278763586146,953.3798842949244,0.25,12.166146480012685,True
uav,1,4,WOA,80,7.596897549406161e-05,1.6911025867477308e-10,0.12290850610026041,0.5,0.00047087663908366555,11140.278763586146,953.3798842949244,0.25,7.649149483768269,True
uav,2,8,GWO,80,0.014754062292904897,0.005045105042099216,0.2774218501146556,0.0,0.037329743063506254,3801439.8662667572,3.9353295535705115,0.25,36.55230000731535,True
uav,2,8,PSO,80,0.03637250303080382,0.007544334130084875,0.5431936328046121,0.0,0.03832901326121734,3801439.8662667572,3.9353295535705115,0.25,4.366895998828113,True
uav,2,8,SGO,80,0.011107814574652685,0.005442421554286338,0.27876714535609204,0.0,0.030716874772150262,3801439.8662667572,3.9353295535705115,0.25,12.233731977175921,True
uav,2,8,WOA,80,0.23961690028990712,0.007513571636613631,0.5320931066112053,0.0,0.05004957490448696,3801439.8662667572,3.9353295535705115,0.25,7.809052476659417,True
