system,regime,alg_a,alg_b,n_a,n_b,mean_a,mean_b,median_a,median_b,std_a,std_b,mean_diff_abs,median_diff_abs,relative_diff_pct,p_raw,cliffs_delta,cliffs_delta_lo,cliffs_delta_hi,delta_ci_excludes_zero,hodges_lehmann,hl_lo,hl_hi,hl_ci_excludes_zero,better,p_holm,significant_holm,exceeds_0.5pct_descriptive,exceeds_1.0pct_descriptive,exceeds_2.0pct_descriptive,evidence,holm_family
cstr,A_tuned_NP,SGO,GWO,20,20,0.29420857407477274,0.2941535200584741,0.294220069348138,0.2941530287887457,0.00018082567977590643,5.829498185860174e-06,5.505401629862794e-05,6.704055939227294e-05,0.018716082774628662,0.285304715907688,0.19999999999999996,-0.19999999999999996,0.6000000000000001,False,6.763411020230259e-05,-7.330350053281615e-05,0.00012257349445817867,False,GWO,0.8559141477230641,False,False,False,False,numerically ordered but statistically uncertain,6 pairwise comparisons within cstr/A_tuned_NP
cstr,A_tuned_NP,SGO,PSO,20,20,0.29420857407477274,0.29467073164020985,0.294220069348138,0.2941524698321996,0.00018082567977590643,0.0023117005488411586,-0.0004621575654371046,6.759951593837688e-05,0.15683863913617135,0.4569506196695641,0.1399999999999999,-0.28,0.6000000000000001,False,6.51019923731122e-05,-7.779760345523121e-05,0.00011786743262485813,False,SGO,0.9139012393391281,False,False,False,False,numerically ordered but statistically uncertain,6 pairwise comparisons within cstr/A_tuned_NP
cstr,A_tuned_NP,SGO,WOA,20,20,0.29420857407477274,0.29472100903662674,0.294220069348138,0.29438199180290164,0.00018082567977590643,0.0006836535266424624,-0.0005124349618539914,-0.0001619224547636522,0.17387120230383984,0.033717668936863225,-0.395,-0.71,-0.020000000000000018,True,-0.00023893349517720153,-0.0007951879273607743,-6.781108881176445e-05,True,SGO,0.1348706757474529,False,False,False,False,numerically ordered but statistically uncertain,6 pairwise comparisons within cstr/A_tuned_NP
cstr,A_tuned_NP,GWO,PSO,20,20,0.2941535200584741,0.29467073164020985,0.2941530287887457,0.2941524698321996,5.829498185860174e-06,0.0023117005488411586,-0.0005172115817357326,5.589565461039392e-07,0.17552187109211884,0.9460839766250224,-0.015000000000000013,-0.4051249999999999,0.38512499999999816,False,-7.72150247629888e-08,-3.322736627342504e-06,1.724572552985748e-06,False,GWO,0.9460839766250224,False,False,False,False,numerically ordered but statistically uncertain,6 pairwise comparisons within cstr/A_tuned_NP
cstr,A_tuned_NP,GWO,WOA,20,20,0.2941535200584741,0.29472100903662674,0.2941530287887457,0.29438199180290164,5.829498185860174e-06,0.0006836535266424624,-0.0005674889781526193,-0.00022896301415592513,0.19255124702769125,0.0008357168217272526,-0.62,-0.85,-0.33499999999999996,True,-0.00022532315223600108,-0.0008012065739832208,-3.372341828691153e-06,True,GWO,0.004178584108636263,True,False,False,False,practically negligible under descriptive thresholds,6 pairwise comparisons within cstr/A_tuned_NP
cstr,A_tuned_NP,PSO,WOA,20,20,0.29467073164020985,0.29472100903662674,0.2941524698321996,0.29438199180290164,0.0023117005488411586,0.0006836535266424624,-5.027739641688678e-05,-0.00022952197070202907,0.017059318771074954,0.00024706130132229516,-0.6799999999999999,-0.9299999999999999,-0.38,True,-5.692786728961341e-06,-0.0007511920961793282,-1.5403985725859215e-06,True,PSO,0.001482367807933771,True,False,False,False,practically negligible under descriptive thresholds,6 pairwise comparisons within cstr/A_tuned_NP
cstr,B_common_NP,SGO,GWO,20,20,0.29442718212119323,0.2941515363408936,0.29433944672104306,0.294150160170901,0.00039997669957006786,4.11931810321297e-06,0.00027564578029964926,0.00018928655014205376,0.09370876784413666,0.0013485824363168647,0.595,0.19999999999999996,0.8999999999999999,True,0.00018606542941360105,5.538534347754309e-05,0.00024858282301976065,True,GWO,0.004908732135985556,True,False,False,False,practically negligible under descriptive thresholds,6 pairwise comparisons within cstr/B_common_NP
cstr,B_common_NP,SGO,PSO,20,20,0.29442718212119323,0.29415232499631405,0.29433944672104306,0.29415225218936053,0.00039997669957006786,9.816182535995264e-07,0.0002748571248791798,0.00018719453168253297,0.0934404053690971,0.001227183033996389,0.6000000000000001,0.19999999999999996,0.8999999999999999,True,0.00018638315542629513,5.6054975217462166e-05,0.00024920255452741256,True,PSO,0.004908732135985556,True,False,False,False,practically negligible under descriptive thresholds,6 pairwise comparisons within cstr/B_common_NP
cstr,B_common_NP,SGO,WOA,20,20,0.29442718212119323,0.2944109461959512,0.29433944672104306,0.2941550085664874,0.00039997669957006786,0.00043844176191957975,1.6235925242025218e-05,0.00018443815455565504,0.005514715214161591,0.40935585574217404,0.15500000000000003,-0.21999999999999997,0.5249999999999999,False,8.933933803279004e-05,-0.00019894596619200868,0.0001995259181140837,False,WOA,0.40935585574217404,False,False,False,False,numerically ordered but statistically uncertain,6 pairwise comparisons within cstr/B_common_NP
cstr,B_common_NP,GWO,PSO,20,20,0.2941515363408936,0.29415232499631405,0.294150160170901,0.29415225218936053,4.11931810321297e-06,9.816182535995264e-07,-7.88655420469464e-07,-2.0920184595207836e-06,0.0002681112313082504,0.09619629624919565,-0.31000000000000005,-0.7,0.10000000000000009,False,-2.008508928952324e-06,-3.110001117079264e-06,1.0168704854818245e-06,False,GWO,0.1923925924983913,False,False,False,False,numerically ordered but statistically uncertain,6 pairwise comparisons within cstr/B_common_NP
cstr,B_common_NP,GWO,WOA,20,20,0.2941515363408936,0.2944109461959512,0.294150160170901,0.2941550085664874,4.11931810321297e-06,0.00043844176191957975,-0.00025940985505762404,-4.848395586398713e-06,0.08811148444357382,0.0007578810699193657,-0.625,-0.88,-0.32999999999999996,True,-5.750680277749609e-06,-0.0005215906416604632,-3.5824558523023242e-06,True,GWO,0.0037894053495968285,True,False,False,False,practically negligible under descriptive thresholds,6 pairwise comparisons within cstr/B_common_NP
cstr,B_common_NP,PSO,WOA,20,20,0.29415232499631405,0.2944109461959512,0.29415225218936053,0.2941550085664874,9.816182535995264e-07,0.00043844176191957975,-0.0002586211996371546,-2.756377126877929e-06,0.08784360873084655,1.5997235246344776e-05,-0.8,-0.98,-0.55,True,-2.9402409395529183e-06,-0.0005219083676731573,-2.1517461346105836e-06,True,PSO,9.598341147806866e-05,True,False,False,False,practically negligible under descriptive thresholds,6 pairwise comparisons within cstr/B_common_NP
flight,A_tuned_NP,SGO,GWO,20,20,0.018166487395812086,0.018197737855756013,0.018179544455994248,0.0181971764324344,6.880770250903884e-05,1.366249218160472e-05,-3.125045994392672e-05,-1.7631976440151548e-05,0.1717271684625465,0.04112359406047486,-0.38,-0.7451249999999999,0.014999999999999902,False,-2.3495741365850767e-05,-6.869293820230098e-05,1.473831851650162e-06,False,SGO,0.24674156436284916,False,False,False,False,numerically ordered but statistically uncertain,6 pairwise comparisons within flight/A_tuned_NP
flight,A_tuned_NP,SGO,PSO,20,20,0.018166487395812086,0.018194337678755966,0.018179544455994248,0.01819545581366645,6.880770250903884e-05,6.429856302804308e-06,-2.7850282943879534e-05,-1.5911357672201282e-05,0.15307115562880877,0.06389223492711604,-0.345,-0.73,0.05499999999999994,False,-1.7039647472700398e-05,-6.740870420210085e-05,5.301817117896131e-06,False,SGO,0.3194611746355802,False,False,False,False,numerically ordered but statistically uncertain,6 pairwise comparisons within flight/A_tuned_NP
flight,A_tuned_NP,SGO,WOA,20,20,0.018166487395812086,0.01818583388878862,0.018179544455994248,0.0181933087384146,6.880770250903884e-05,3.152654826352387e-05,-1.934649297653454e-05,-1.3764282420350438e-05,0.10638221538172882,0.14041971470550127,-0.275,-0.6599999999999999,0.125,False,-1.2041830963351041e-05,-6.348961778502014e-05,1.332359597105287e-05,False,SGO,0.4212591441165038,False,False,False,False,numerically ordered but statistically uncertain,6 pairwise comparisons within flight/A_tuned_NP
flight,A_tuned_NP,GWO,PSO,20,20,0.018197737855756013,0.018194337678755966,0.0181971764324344,0.01819545581366645,1.366249218160472e-05,6.429856302804308e-06,3.4001770000471887e-06,1.720618767950266e-06,0.018688105387959775,0.3234817459216911,0.18500000000000005,-0.18999999999999995,0.53,False,3.122313657550821e-06,-2.694547053998589e-06,9.799188014799481e-06,False,PSO,0.5953535089443607,False,False,False,False,numerically ordered but statistically uncertain,6 pairwise comparisons within flight/A_tuned_NP
flight,A_tuned_NP,GWO,WOA,20,20,0.018197737855756013,0.01818583388878862,0.0181971764324344,0.0181933087384146,1.366249218160472e-05,3.152654826352387e-05,1.1903966967392182e-05,3.86769401980111e-06,0.06545736115367717,0.0720454304673439,0.33499999999999996,-0.030000000000000027,0.665,False,5.002132395700784e-06,-4.3249341540041453e-07,1.282331972349976e-05,False,WOA,0.3194611746355802,False,False,False,False,numerically ordered but statistically uncertain,6 pairwise comparisons within flight/A_tuned_NP
flight,A_tuned_NP,PSO,WOA,20,20,0.018194337678755966,0.01818583388878862,0.01819545581366645,0.0181933087384146,6.429856302804308e-06,3.152654826352387e-05,8.503789967344993e-06,2.147075251850844e-06,0.046760517110999746,0.29767675447218034,0.19500000000000006,-0.17000000000000004,0.54,False,2.6590236395507283e-06,-1.8173094602450235e-06,6.881461272100625e-06,False,WOA,0.5953535089443607,False,False,False,False,numerically ordered but statistically uncertain,6 pairwise comparisons within flight/A_tuned_NP
flight,B_common_NP,SGO,GWO,20,20,0.018184394671842585,0.01819502688836782,0.0181809510879599,0.0181940804357028,2.3689903760885316e-05,9.749134367711855e-06,-1.0632216525235244e-05,-1.312934774290106e-05,0.05843473928599951,0.07643094557954021,-0.32999999999999996,-0.6699999999999999,0.04499999999999993,False,-1.2235750914649235e-05,-2.2981629950000193e-05,1.6110389284007542e-06,False,SGO,0.38215472789770105,False,False,False,False,numerically ordered but statistically uncertain,6 pairwise comparisons within flight/B_common_NP
flight,B_common_NP,SGO,PSO,20,20,0.018184394671842585,0.018229814155765363,0.0181809510879599,0.018197094694470048,2.3689903760885316e-05,8.181981544647105e-05,-4.541948392277825e-05,-1.6143606510147374e-05,0.24914946216505388,0.01436384760113641,-0.45499999999999996,-0.77,-0.07999999999999996,True,-2.079896750934937e-05,-3.0510895176298625e-05,-1.6524405647005969e-06,True,SGO,0.08618308560681846,False,False,False,False,numerically ordered but statistically uncertain,6 pairwise comparisons within flight/B_common_NP
flight,B_common_NP,SGO,WOA,20,20,0.018184394671842585,0.018194999351978283,0.0181809510879599,0.018195742810321353,2.3689903760885316e-05,4.423058953168289e-06,-1.0604680135698624e-05,-1.4791722361452014e-05,0.058283487295346416,0.08103174924185103,-0.32499999999999996,-0.685,0.07000000000000006,False,-1.3312053797448833e-05,-2.3673273725099975e-05,1.646122238650738e-06,False,SGO,0.38215472789770105,False,False,False,False,numerically ordered but statistically uncertain,6 pairwise comparisons within flight/B_common_NP
flight,B_common_NP,GWO,PSO,20,20,0.01819502688836782,0.018229814155765363,0.0181940804357028,0.018197094694470048,9.749134367711855e-06,8.181981544647105e-05,-3.478726739754301e-05,-3.014258767246314e-06,0.1908262316900317,0.14784658271436188,-0.27,-0.615,0.135,False,-3.878329960798829e-06,-8.779520862100404e-06,2.245010419795865e-06,False,GWO,0.38215472789770105,False,False,False,False,numerically ordered but statistically uncertain,6 pairwise comparisons within flight/B_common_NP
flight,B_common_NP,GWO,WOA,20,20,0.01819502688836782,0.018194999351978283,0.0181940804357028,0.018195742810321353,9.749134367711855e-06,4.423058953168289e-06,2.7536389536619854e-08,-1.6623746185509547e-06,0.0001513404260364863,0.9031164959895642,-0.025000000000000022,-0.39,0.355,False,-2.9658832424901693e-07,-4.913218619697485e-06,5.341736361699767e-06,False,WOA,0.9031164959895642,False,False,False,False,numerically ordered but statistically uncertain,6 pairwise comparisons within flight/B_common_NP
flight,B_common_NP,PSO,WOA,20,20,0.018229814155765363,0.018194999351978283,0.018197094694470048,0.018195742810321353,8.181981544647105e-05,4.423058953168289e-06,3.481480378707963e-05,1.3518841486953592e-06,0.1913427041880841,0.12643061736676814,0.2849999999999999,-0.07512499999999984,0.6100000000000001,False,2.367108553849584e-06,-2.8034099469956275e-07,5.5498427908012155e-06,False,WOA,0.38215472789770105,False,False,False,False,numerically ordered but statistically uncertain,6 pairwise comparisons within flight/B_common_NP
hvac,A_tuned_NP,SGO,GWO,20,20,0.020752250076394967,0.02075926745035195,0.02075229222093805,0.020758636766492353,1.8882182499396035e-06,1.672762925935628e-06,-7.017373956984957e-06,-6.344545554301528e-06,0.03380357218176302,7.898033666674663e-08,-0.995,-1.0,-0.97,True,-6.9348610200001964e-06,-8.306768517100244e-06,-5.8275983368001605e-06,True,SGO,4.077369076904015e-07,True,False,False,False,practically negligible under descriptive thresholds,6 pairwise comparisons within hvac/A_tuned_NP
hvac,A_tuned_NP,SGO,PSO,20,20,0.020752250076394967,0.020753680392820363,0.02075229222093805,0.02075467287049105,1.8882182499396035e-06,7.799451924297175e-06,-1.4303164253964828e-06,-2.3806495529979377e-06,0.00689186880747809,0.285304715907688,-0.19999999999999996,-0.595,0.21512499999999826,False,-2.3946714418510845e-06,-6.166229907400567e-06,2.6700601933645875e-06,False,SGO,0.285304715907688,False,False,False,False,numerically ordered but statistically uncertain,6 pairwise comparisons within hvac/A_tuned_NP
hvac,A_tuned_NP,SGO,WOA,20,20,0.020752250076394967,0.020766876159183954,0.02075229222093805,0.0207668767930069,1.8882182499396035e-06,4.331986224356756e-08,-1.4626082788987693e-05,-1.4584572068848667e-05,0.07042986473687544,6.795615128173358e-08,-1.0,-1.0,-1.0,True,-1.4572810934400382e-05,-1.5439908532800112e-05,-1.3896267010250068e-05,True,SGO,4.077369076904015e-07,True,False,False,False,practically negligible under descriptive thresholds,6 pairwise comparisons within hvac/A_tuned_NP
hvac,A_tuned_NP,GWO,PSO,20,20,0.02075926745035195,0.020753680392820363,0.020758636766492353,0.02075467287049105,1.672762925935628e-06,7.799451924297175e-06,5.587057531588474e-06,3.963896001303591e-06,0.026920803567550795,0.01436384760113641,0.45500000000000007,0.08499999999999996,0.7949999999999999,True,4.442308807700232e-06,4.796324857003764e-07,9.787500638999691e-06,True,PSO,0.02872769520227282,True,False,False,False,practically negligible under descriptive thresholds,6 pairwise comparisons within hvac/A_tuned_NP
hvac,A_tuned_NP,GWO,WOA,20,20,0.02075926745035195,0.020766876159183954,0.020758636766492353,0.0207668767930069,1.672762925935628e-06,4.331986224356756e-08,-7.608708832002736e-06,-8.240026514547139e-06,0.036638677736987695,6.795615128173358e-08,-1.0,-1.0,-1.0,True,-8.230766635449263e-06,-8.55289619940136e-06,-6.4724691972509185e-06,True,GWO,4.077369076904015e-07,True,False,False,False,practically negligible under descriptive thresholds,6 pairwise comparisons within hvac/A_tuned_NP
hvac,A_tuned_NP,PSO,WOA,20,20,0.020753680392820363,0.020766876159183954,0.02075467287049105,0.0207668767930069,7.799451924297175e-06,4.331986224356756e-08,-1.319576636359121e-05,-1.220392251585073e-05,0.06354237518653237,6.795615128173358e-08,-1.0,-1.0,-1.0,True,-1.219216138140071e-05,-1.736014439610023e-05,-8.562180788549215e-06,True,PSO,4.077369076904015e-07,True,False,False,False,practically negligible under descriptive thresholds,6 pairwise comparisons within hvac/A_tuned_NP
hvac,B_common_NP,SGO,GWO,20,20,0.020760057653516396,0.02076155920203871,0.020760348661556648,0.020761431594885,1.2853206555565613e-06,1.5855983757637468e-06,-1.501548522315349e-06,-1.0829333283515763e-06,0.007232349496023894,0.004702532763389892,-0.525,-0.8,-0.19499999999999995,True,-1.3901345441002383e-06,-2.3120363450007675e-06,-4.801108278995603e-07,True,SGO,0.011898715920671753,True,False,False,False,practically negligible under descriptive thresholds,6 pairwise comparisons within hvac/B_common_NP
hvac,B_common_NP,SGO,PSO,20,20,0.020760057653516396,0.020761980992749146,0.020760348661556648,0.0207629652667374,1.2853206555565613e-06,2.90545734889576e-06,-1.923339232750426e-06,-2.6166051807531565e-06,0.00926375586906725,0.003966238640223918,-0.5349999999999999,-0.83,-0.18999999999999995,True,-2.3828881609982977e-06,-3.692894874450167e-06,-7.47771737447372e-07,True,SGO,0.011898715920671753,True,False,False,False,practically negligible under descriptive thresholds,6 pairwise comparisons within hvac/B_common_NP
hvac,B_common_NP,SGO,WOA,20,20,0.020760057653516396,0.020766908799972814,0.020760348661556648,0.020766918062693353,1.2853206555565613e-06,2.992352752773976e-08,-6.8511464564186e-06,-6.569401136705122e-06,0.03299068976711435,6.795615128173358e-08,-1.0,-1.0,-1.0,True,-6.559194292399609e-06,-7.496187314999514e-06,-6.086724811348726e-06,True,SGO,4.077369076904015e-07,True,False,False,False,practically negligible under descriptive thresholds,6 pairwise comparisons within hvac/B_common_NP
hvac,B_common_NP,GWO,PSO,20,20,0.02076155920203871,0.020761980992749146,0.020761431594885,0.0207629652667374,1.5855983757637468e-06,2.90545734889576e-06,-4.217907104350771e-07,-1.5336718524015802e-06,0.0020315533020783616,0.21840551261012597,-0.22999999999999998,-0.5800000000000001,0.14500000000000002,False,-8.88076059199841e-07,-2.125308742885641e-06,8.445714132013227e-07,False,GWO,0.21840551261012597,False,False,False,False,numerically ordered but statistically uncertain,6 pairwise comparisons within hvac/B_common_NP
hvac,B_common_NP,GWO,WOA,20,20,0.02076155920203871,0.020766908799972814,0.020761431594885,0.020766918062693353,1.5855983757637468e-06,2.992352752773976e-08,-5.349597934103251e-06,-5.486467808353546e-06,0.025760203339026816,6.795615128173358e-08,-1.0,-1.0,-1.0,True,-5.4762609640480325e-06,-6.187492081623745e-06,-4.6654392768970265e-06,True,GWO,4.077369076904015e-07,True,False,False,False,practically negligible under descriptive thresholds,6 pairwise comparisons within hvac/B_common_NP
hvac,B_common_NP,PSO,WOA,20,20,0.020761980992749146,0.020766908799972814,0.0207629652667374,0.020766918062693353,2.90545734889576e-06,2.992352752773976e-08,-4.927807223668174e-06,-3.952795955951965e-06,0.023729132106915327,6.795615128173358e-08,-1.0,-1.0,-1.0,True,-3.942589111648187e-06,-6.367421520549546e-06,-3.59223858664888e-06,True,PSO,4.077369076904015e-07,True,False,False,False,practically negligible under descriptive thresholds,6 pairwise comparisons within hvac/B_common_NP
pendcart,A_tuned_NP,SGO,GWO,20,20,0.21502267083187646,0.21502159780398994,0.2150263883595946,0.2150211534647919,3.065952254833597e-05,3.7865438087635906e-06,1.073027886516753e-06,5.23489480269701e-06,0.0004990326076429342,0.6750141566504884,0.08000000000000007,-0.345,0.5,False,4.606640279250507e-06,-1.8939473175799693e-05,2.3121125993397218e-05,False,GWO,1.0,False,False,False,False,numerically ordered but statistically uncertain,6 pairwise comparisons within pendcart/A_tuned_NP
pendcart,A_tuned_NP,SGO,PSO,20,20,0.21502267083187646,0.21499018484643106,0.2150263883595946,0.2149910689244392,3.065952254833597e-05,3.774064274195194e-05,3.248598544539072e-05,3.531943515538982e-05,0.01511045049270304,0.007711805017936966,0.4950000000000001,0.15999999999999992,0.77,True,3.0686904644916524e-05,1.0006763463216162e-05,5.05503742618818e-05,True,PSO,0.038559025089684826,True,False,False,False,practically negligible under descriptive thresholds,6 pairwise comparisons within pendcart/A_tuned_NP
pendcart,A_tuned_NP,SGO,WOA,20,20,0.21502267083187646,0.2150224971468655,0.2150263883595946,0.2150224962474543,3.065952254833597e-05,7.270756734276817e-08,1.7368501095682554e-07,3.892112140302384e-06,8.077527387201466e-05,0.5978625674290079,0.10000000000000009,-0.30000000000000004,0.5,False,3.913864949953161e-06,-1.9810032509753883e-05,2.2079214576947725e-05,False,WOA,1.0,False,False,False,False,numerically ordered but statistically uncertain,6 pairwise comparisons within pendcart/A_tuned_NP
pendcart,A_tuned_NP,GWO,PSO,20,20,0.21502159780398994,0.21499018484643106,0.2150211534647919,0.2149910689244392,3.7865438087635906e-06,3.774064274195194e-05,3.1412957558873966e-05,3.0084540352692812e-05,0.014611344969684293,0.011432829308440093,0.47,0.1200000000000001,0.7649999999999999,True,2.8839433085806054e-05,1.1279727953061869e-06,3.813645471516247e-05,True,PSO,0.04573131723376037,True,False,False,False,practically negligible under descriptive thresholds,6 pairwise comparisons within pendcart/A_tuned_NP
pendcart,A_tuned_NP,GWO,WOA,20,20,0.21502159780398994,0.2150224971468655,0.2150211534647919,0.2150224962474543,3.7865438087635906e-06,7.270756734276817e-08,-8.993428755599275e-07,-1.342782662394626e-06,0.00041825524654085606,0.285304715907688,-0.19999999999999996,-0.6,0.19999999999999996,False,-1.321029852743849e-06,-2.826780651749017e-06,1.1983160123199446e-06,False,GWO,0.8559141477230641,False,False,False,False,numerically ordered but statistically uncertain,6 pairwise comparisons within pendcart/A_tuned_NP
pendcart,A_tuned_NP,PSO,WOA,20,20,0.21499018484643106,0.2150224971468655,0.2149910689244392,0.2150224962474543,3.774064274195194e-05,7.270756734276817e-08,-3.2312300434433894e-05,-3.142732301508744e-05,0.015027404510312157,0.00016098133965918395,-0.7,-1.0,-0.4,True,-3.140557020545054e-05,-3.837872745807158e-05,-5.597826353842539e-07,True,PSO,0.0009658880379551037,True,False,False,False,practically negligible under descriptive thresholds,6 pairwise comparisons within pendcart/A_tuned_NP
pendcart,B_common_NP,SGO,GWO,20,20,0.21502038160468456,0.21502255082723587,0.2150257435604199,0.21502298061435315,2.454336296067351e-05,2.8014868405997886e-06,-2.1692225513070262e-06,2.7629460667422112e-06,0.001008834907297668,0.6750141566504884,0.08000000000000007,-0.32999999999999996,0.5,False,2.7629460667422112e-06,-2.4038451955203655e-05,1.9179196016100297e-05,False,SGO,1.0,False,False,False,False,numerically ordered but statistically uncertain,6 pairwise comparisons within pendcart/B_common_NP
pendcart,B_common_NP,SGO,PSO,20,20,0.21502038160468456,0.21495249680905557,0.2150257435604199,0.2149880650816433,2.454336296067351e-05,9.498559229254887e-05,6.788479562899741e-05,3.767847877658714e-05,0.03158130128132457,0.000509072918078457,0.645,0.3600000000000001,0.865,True,5.0318769113891215e-05,1.8068903720747098e-05,9.419033239629893e-05,True,PSO,0.002036291672313828,True,False,False,False,practically negligible under descriptive thresholds,6 pairwise comparisons within pendcart/B_common_NP
pendcart,B_common_NP,SGO,WOA,20,20,0.21502038160468456,0.21502249037302135,0.2150257435604199,0.21502250140008322,2.454336296067351e-05,8.468288741957463e-08,-2.1087683367837506e-06,3.242160336675015e-06,0.0009807198926612077,0.5978625674290079,0.10000000000000009,-0.30000000000000004,0.5,False,3.2886488286060223e-06,-2.4323851737340085e-05,1.9115950846748664e-05,False,SGO,1.0,False,False,False,False,numerically ordered but statistically uncertain,6 pairwise comparisons within pendcart/B_common_NP
pendcart,B_common_NP,GWO,PSO,20,20,0.21502255082723587,0.21495249680905557,0.21502298061435315,0.2149880650816433,2.8014868405997886e-06,9.498559229254887e-05,7.005401818030443e-05,3.491553270984493e-05,0.032590464972609326,0.00022220262013680647,0.685,0.3999999999999999,0.895,True,3.6285745778588674e-05,3.1391244927903017e-06,9.990123716456523e-05,True,PSO,0.0011110131006840324,True,False,False,False,practically negligible under descriptive thresholds,6 pairwise comparisons within pendcart/B_common_NP
pendcart,B_common_NP,GWO,WOA,20,20,0.21502255082723587,0.21502249037302135,0.21502298061435315,0.21502250140008322,2.8014868405997886e-06,8.468288741957463e-08,6.04542145232756e-08,4.792142699328039e-07,2.8115298273403648e-05,0.5978625674290079,0.10000000000000009,-0.30000000000000004,0.5,False,4.967713504028248e-07,-1.2522638793005525e-06,1.9644493207543468e-06,False,WOA,1.0,False,False,False,False,numerically ordered but statistically uncertain,6 pairwise comparisons within pendcart/B_common_NP
pendcart,B_common_NP,PSO,WOA,20,20,0.21495249680905557,0.21502249037302135,0.2149880650816433,0.21502250140008322,9.498559229254887e-05,8.468288741957463e-08,-6.999356396578116e-05,-3.443631843991213e-05,0.032551740910616474,0.00017936378528946248,-0.6950000000000001,-0.98,-0.36,True,-3.4389829947995e-05,-0.00010041686290790386,-6.391339598399437e-07,True,PSO,0.001076182711736775,True,False,False,False,practically negligible under descriptive thresholds,6 pairwise comparisons within pendcart/B_common_NP
uav,A_tuned_NP,SGO,GWO,20,20,0.0009272947014116701,0.00086917896494623,0.0009272683148439001,0.0008690785888668499,4.468043300986993e-05,8.862619163336668e-07,5.811573646544014e-05,5.818972597705012e-05,6.686279674179109,1.5997235246344776e-05,0.8,0.5,1.0,True,5.818972597705001e-05,3.981696432740008e-05,8.436068936497501e-05,True,GWO,6.39889409853791e-05,True,True,True,True,clear separation,6 pairwise comparisons within uav/A_tuned_NP
uav,A_tuned_NP,SGO,PSO,20,20,0.0009272947014116701,0.00247835449431323,0.0009272683148439001,0.0012111279585349998,4.468043300986993e-05,0.002994030343077597,-0.00155105979290156,-0.0002838596436910998,62.58425888873374,0.25029679750351186,-0.21499999999999997,-0.595,0.19500000000000006,False,-0.00028437300120964993,-0.0013435335809868847,4.017254905900008e-05,False,SGO,0.5005935950070237,False,True,True,True,numerically ordered but statistically uncertain,6 pairwise comparisons within uav/A_tuned_NP
uav,A_tuned_NP,SGO,WOA,20,20,0.0009272947014116701,0.0012514052849182699,0.0009272683148439001,0.0012361816420024502,4.468043300986993e-05,0.00021231696356818097,-0.00032411058350659977,-0.0003089133271585501,25.899729481146284,6.014797005320149e-07,-0.925,-1.0,-0.8,True,-0.0003163747768936,-0.00041207798372729993,-0.0002160192258199039,True,SGO,3.007398502660074e-06,True,True,True,True,clear separation,6 pairwise comparisons within uav/A_tuned_NP
uav,A_tuned_NP,GWO,PSO,20,20,0.00086917896494623,0.00247835449431323,0.0008690785888668499,0.0012111279585349998,8.862619163336668e-07,0.002994030343077597,-0.001609175529367,-0.0003420493696681499,64.92919124602125,0.04112359406047486,-0.38,-0.775,0.014999999999999902,False,-0.00034188843596155,-0.00139679422794875,1.5656980514000248e-06,False,GWO,0.12337078218142458,False,True,True,True,numerically ordered but statistically uncertain,6 pairwise comparisons within uav/A_tuned_NP
uav,A_tuned_NP,GWO,WOA,20,20,0.00086917896494623,0.0012514052849182699,0.0008690785888668499,0.0012361816420024502,8.862619163336668e-07,0.00021231696356818097,-0.0003822263199720399,-0.0003671030531356002,30.543767441177412,6.795615128173358e-08,-1.0,-1.0,-1.0,True,-0.0003669421194290001,-0.0004769368841445,-0.00028249847453370005,True,GWO,4.077369076904015e-07,True,True,True,True,clear separation,6 pairwise comparisons within uav/A_tuned_NP
uav,A_tuned_NP,PSO,WOA,20,20,0.00247835449431323,0.0012514052849182699,0.0012111279585349998,0.0012361816420024502,0.002994030343077597,0.00021231696356818097,0.00122694920939496,-2.505368346745031e-05,98.0457110243939,0.8604309737352772,-0.03500000000000003,-0.44999999999999996,0.3899999999999999,False,-3.245864775245006e-05,-0.0003088627689685,0.0010399929396008143,False,WOA,0.8604309737352772,False,True,True,True,numerically ordered but statistically uncertain,6 pairwise comparisons within uav/A_tuned_NP
uav,B_common_NP,SGO,GWO,20,20,0.0009355707811973849,0.0008736063438006048,0.0009364000631794001,0.0008689093240544,4.66548017712544e-05,1.461608206394027e-05,6.196443739678011e-05,6.749073912500005e-05,7.092947279572767,5.254954014186182e-05,0.75,0.45999999999999996,0.98,True,6.739152798039999e-05,3.239343359050001e-05,9.20658261707e-05,True,GWO,0.00010509908028372364,True,True,True,True,clear separation,6 pairwise comparisons within uav/B_common_NP
uav,B_common_NP,SGO,PSO,20,20,0.0009355707811973849,0.00263524296957625,0.0009364000631794001,0.0025852896060272,4.66548017712544e-05,0.0013728643015853076,-0.001699672188378865,-0.0016488895428477999,64.49774111918698,7.898033666674663e-08,-0.995,-1.0,-0.97,True,-0.00164626770357285,-0.0022279202075843503,-0.0007253938694036499,True,SGO,4.077369076904015e-07,True,True,True,True,clear separation,6 pairwise comparisons within uav/B_common_NP
uav,B_common_NP,SGO,WOA,20,20,0.0009355707811973849,0.00126828412700012,0.0009364000631794001,0.0012855385422820501,4.66548017712544e-05,0.00024416866813857556,-0.0003327133458027351,-0.00034913847910265005,26.23334462047585,6.6736514304002175e-06,-0.835,-1.0,-0.61,True,-0.00032571450846915,-0.0005096186775393999,-0.00017031793152489998,True,SGO,2.002095429120065e-05,True,True,True,True,clear separation,6 pairwise comparisons within uav/B_common_NP
uav,B_common_NP,GWO,PSO,20,20,0.0008736063438006048,0.00263524296957625,0.0008689093240544,0.0025852896060272,1.461608206394027e-05,0.0013728643015853076,-0.001761636625775645,-0.0017163802819728,66.84911585435017,6.795615128173358e-08,-1.0,-1.0,-1.0,True,-0.00169297072648315,-0.00226822471321655,-0.00077383324379541,True,GWO,4.077369076904015e-07,True,True,True,True,clear separation,6 pairwise comparisons within uav/B_common_NP
uav,B_common_NP,GWO,WOA,20,20,0.0008736063438006048,0.00126828412700012,0.0008689093240544,0.0012855385422820501,1.461608206394027e-05,0.00024416866813857556,-0.0003946777831995152,-0.0004166292182276501,31.119035143414504,9.172772711656482e-08,-0.99,-1.0,-0.955,True,-0.0004157690277199,-0.0005580949749639999,-0.00018615940475064997,True,GWO,4.077369076904015e-07,True,True,True,True,clear separation,6 pairwise comparisons within uav/B_common_NP
uav,B_common_NP,PSO,WOA,20,20,0.00263524296957625,0.00126828412700012,0.0025852896060272,0.0012855385422820501,0.0013728643015853076,0.00024416866813857556,0.00136695884257613,0.0012997510637451498,107.78017429023619,0.001227183033996389,0.6000000000000001,0.2649999999999999,0.875,True,0.0012900832820130499,0.0004630849207817803,0.0018997878893306204,True,WOA,0.001227183033996389,True,True,True,True,clear separation,6 pairwise comparisons within uav/B_common_NP
