system,stratum,alg,start,n,instances,start_gap_median,final_gap_median,final_gap_iqr,conv_rate,trivial_start_rate,incumbent_return_rate,improvement_median,first_ctrl_err_median,time_ms_median,fe_exact
cstr,Benign,GWO,cold,520,26,1.326427441064624e-11,9.898039139765876e-16,2.034490730172309e-15,1.0,0.9615384615384616,0.0,0.9999257915990957,6.945265358935853e-08,14.231348497560248,True
cstr,Benign,GWO,optimizer_warm,520,26,1.326427441064624e-11,7.766542154360016e-16,1.630476982921803e-15,1.0,0.9230769230769231,0.0,0.9999459172815967,6.972452116754209e-08,14.185730498866178,True
cstr,Benign,GWO,reference_warm,520,26,7.788132850453366e-16,1.2533619350382084e-16,4.939092304557071e-16,1.0,0.9230769230769231,0.6923076923076923,0.9999995685165508,1.9696846474434838e-08,14.162367500830442,True
cstr,Benign,PSO,cold,520,26,1.326427441064624e-11,1.010359697582012e-11,1.032816211518483e-11,1.0,0.9615384615384616,0.475,0.01722173433226659,1.0867759842862285e-05,4.767538499436341,True
cstr,Benign,PSO,optimizer_warm,520,26,1.7060672218561517e-11,1.0667875487668894e-11,1.8619872163130085e-11,0.9980769230769231,0.9211538461538461,0.3326923076923077,0.37350490015284166,1.1551175728573345e-05,4.750802996568382,True
cstr,Benign,PSO,reference_warm,520,26,7.788132850453366e-16,2.6691453355264476e-16,1.416724829143437e-14,1.0,0.9230769230769231,0.8615384615384616,0.999988771608127,2.4326800679111983e-08,4.753604982397519,True
cstr,Benign,SGO,cold,520,26,1.326427441064624e-11,1.3245519456762957e-11,6.648734301472272e-13,1.0,0.9615384615384616,0.9230769230769231,0.0,1.4703093837607431e-05,12.675532489083707,True
cstr,Benign,SGO,optimizer_warm,520,26,3.2004344817129525e-08,1.2823505367292174e-08,3.040946810279046e-08,1.0,0.9230769230769231,0.5442307692307692,1.2803936799531945e-11,0.0002740572039849787,12.639886495890096,True
cstr,Benign,SGO,reference_warm,520,26,7.788132850453366e-16,3.603211877269053e-16,1.416724829143437e-14,0.9980769230769231,0.9230769230769231,0.9230769230769231,0.9997778063100765,2.710252755673408e-08,12.613124010385945,True
cstr,Benign,WOA,cold,520,26,1.326427441064624e-11,1.279788461605611e-11,2.093685064733155e-12,1.0,0.9615384615384616,0.028846153846153848,0.026620193934653473,1.4651703448698091e-05,8.401002487516962,True
cstr,Benign,WOA,optimizer_warm,520,26,1.3367970494394914e-11,1.2951766761612472e-11,7.426582166915178e-13,0.9673076923076923,0.9038461538461539,0.0,0.03783008252141798,1.4740612926290215e-05,8.40457399317529,True
cstr,Benign,WOA,reference_warm,520,26,7.788132850453366e-16,2.4844164447378348e-17,1.1333528094070019e-15,0.975,0.9230769230769231,0.6923076923076923,0.8169737278473164,1.9839998207450105e-08,8.40497600438539,True
cstr,High,GWO,cold,180,9,1.0,1.2718413726076476e-07,5.777368356714782e-07,1.0,0.0,0.0,0.9999998728158628,3.0432624303501632e-05,14.242418998037465,True
cstr,High,GWO,optimizer_warm,180,9,0.023725355834297027,9.824435076423615e-08,4.6594007397471083e-07,1.0,0.0,0.0,0.9999964604520419,2.565907126574757e-05,14.247267507016659,True
cstr,High,GWO,reference_warm,180,9,0.023770911507608912,8.451408430558315e-08,3.880480609851991e-07,1.0,0.0,0.0,0.9999966576526977,2.5348856748663023e-05,14.272285494371317,True
cstr,High,PSO,cold,180,9,1.0,1.504281939610867e-15,8.69641346905928e-14,0.9611111111111111,0.0,0.0,0.9999999999999984,4.279142699903371e-09,4.762344993650913,True
cstr,High,PSO,optimizer_warm,180,9,0.02377089867631727,9.93191866934726e-16,9.186220005063191e-14,0.9555555555555556,0.0,0.0,0.9999999999999787,3.1666334832092247e-09,4.790810489794239,True
cstr,High,PSO,reference_warm,180,9,0.023770911507608912,1.3853765616148348e-15,2.8346499446560012e-14,0.9055555555555556,0.0,0.0,0.9999999999999576,2.7873855203142117e-09,4.794445994775742,True
cstr,High,SGO,cold,180,9,1.0,8.649074003471979e-05,0.0006200738912254627,0.5166666666666667,0.0,0.0,0.9998501582912678,0.0010271195541722666,12.688211500062607,True
cstr,High,SGO,optimizer_warm,180,9,0.023111182338730787,5.274307920156495e-05,0.000211263915493151,0.65,0.0,0.005555555555555556,0.997271239025113,0.0007658434521474675,12.682401997153647,True
cstr,High,SGO,reference_warm,180,9,0.023770911507608912,6.784394544628495e-05,0.0002487280678508589,0.5444444444444444,0.0,0.0,0.996943407566764,0.0010076869556991108,12.649748503463343,True
cstr,High,WOA,cold,180,9,1.0,6.781896069743113e-10,0.6824328185554049,0.5722222222222222,0.0,0.0,0.9999999992957231,2.0147586851093635e-06,8.446777996141464,True
cstr,High,WOA,optimizer_warm,180,9,0.024236884402261107,2.5181226550644806e-11,2.4032369548169444e-10,0.9222222222222223,0.0,0.0,0.9999999993112363,4.1030325347718444e-07,8.405023996601813,True
cstr,High,WOA,reference_warm,180,9,0.023770911507608912,3.1494771800680066e-11,5.945551378705477e-10,0.9111111111111111,0.0,0.0,0.9999999990177889,4.802246795637677e-07,8.446418505627662,True
cstr,Moderate,GWO,cold,80,4,0.2801878602701604,6.79108223847159e-08,2.1723218811969813e-07,1.0,0.0,0.0,0.9999993857808704,1.8919378705052614e-05,14.2955159972189,True
cstr,Moderate,GWO,optimizer_warm,80,4,0.00797808860388019,7.8955771818821e-08,1.8472609209847128e-07,1.0,0.0,0.0,0.9999951136987977,1.6630186988764867e-05,14.315573498606682,True
cstr,Moderate,GWO,reference_warm,80,4,0.00812232067606361,4.755708806684737e-08,1.7147101850911728e-07,1.0,0.0,0.0,0.9999962298514644,1.549850079624049e-05,14.31291400513146,True
cstr,Moderate,PSO,cold,80,4,0.2801878602701604,1.0186296250935811e-14,6.467194835213519e-11,1.0,0.0,0.0,0.9999999999999676,4.597195478461824e-09,4.81092999689281,True
cstr,Moderate,PSO,optimizer_warm,80,4,0.009364009052813593,3.780309398848658e-14,6.241835032779613e-11,0.9875,0.0,0.0,0.999999999993517,8.893338891702296e-09,4.7063144884305075,True
cstr,Moderate,PSO,reference_warm,80,4,0.00812232067606361,1.124100812432971e-14,2.7905975165214147e-11,1.0,0.0,0.0,0.9999999999988458,4.847424184273308e-09,4.794984502950683,True
cstr,Moderate,SGO,cold,80,4,0.2801878602701604,6.77014384498631e-05,0.0008129937124456775,0.55,0.0,0.0,0.9989724867843941,0.0012507387614251095,12.648652511416003,True
cstr,Moderate,SGO,optimizer_warm,80,4,0.009049092073639936,1.2539409059930673e-05,9.678016877158035e-05,0.75,0.0375,0.025,0.9979817663253533,0.0004486329826627612,12.718825004412793,True
cstr,Moderate,SGO,reference_warm,80,4,0.00812232067606361,1.597036190914558e-05,0.00016395594737730185,0.6875,0.0,0.0125,0.9979915033667328,0.0004596706529395797,12.628237993340008,True
cstr,Moderate,WOA,cold,80,4,0.2801878602701604,0.00093345750998008,0.18255259501993323,0.3375,0.0,0.0,0.667167890677989,0.10405619379055776,8.399197002290748,True
cstr,Moderate,WOA,optimizer_warm,80,4,0.008585434139360304,5.98562310827333e-11,6.166162018245055e-05,0.75,0.0,0.0,0.9999999895532171,3.5413290275232434e-07,8.38052001199685,True
cstr,Moderate,WOA,reference_warm,80,4,0.00812232067606361,9.434916736772436e-11,1.9178477197032335e-06,0.7625,0.0,0.0,0.9999999794593912,4.4475310552113956e-07,8.378228492802009,True
cstr,Severe,GWO,cold,40,2,1.0,3.191771515557515e-13,5.8548098286054e-08,1.0,0.0,0.0,0.9999999999996808,2.2649915776273843e-07,14.036955020856112,True
cstr,Severe,GWO,optimizer_warm,40,2,0.3561024783738303,9.983058257627163e-11,9.487480620312986e-08,1.0,0.5,0.5,0.9999998604312996,4.005413444363448e-06,14.343776521855034,True
cstr,Severe,GWO,reference_warm,40,2,0.3561024783738303,2.091806561532435e-12,6.773871112494327e-08,1.0,0.5,0.5,0.999999897773969,5.797932252082916e-07,14.27605701610446,True
cstr,Severe,PSO,cold,40,2,1.0,0.0,1.8546028562216822e-16,1.0,0.0,0.0,1.0,9.002587564310716e-11,4.7499984939349815,True
cstr,Severe,PSO,optimizer_warm,40,2,0.3561024783738303,0.0,1.8546028562216822e-16,1.0,0.5,0.5,1.0,1.4334139430971504e-10,4.778032991453074,True
cstr,Severe,PSO,reference_warm,40,2,0.3561024783738303,0.0,1.8546028562216822e-16,1.0,0.5,0.5,1.0,4.6193826541696126e-11,4.7695749963168055,True
cstr,Severe,SGO,cold,40,2,1.0,2.066720763758304e-07,9.50164976324872e-05,0.75,0.0,0.0,0.9999997933279237,0.00018224518133325152,12.552964501082897,True
cstr,Severe,SGO,optimizer_warm,40,2,0.3561024783738303,7.363530944466845e-10,6.959675886234085e-05,0.775,0.5,0.5,0.9998937894823099,1.0878229826649655e-05,12.504698504926637,True
cstr,Severe,SGO,reference_warm,40,2,0.3561024783738303,4.9337675506755997e-08,9.811895037916063e-05,0.75,0.5,0.5,0.9998495006758652,8.904396595743602e-05,12.52982699952554,True
cstr,Severe,WOA,cold,40,2,1.0,3.762989195273793e-13,0.011361601605713482,0.725,0.0,0.0,0.9999999999996236,2.45961055966859e-07,8.406025503063574,True
cstr,Severe,WOA,optimizer_warm,40,2,0.3561024783738303,3.0656585213344405e-13,5.900015610948053e-10,0.825,0.5,0.5,0.9999999991007682,2.219784425161464e-07,8.500868003466167,True
cstr,Severe,WOA,reference_warm,40,2,0.3561024783738303,9.273014281108411e-17,4.901543798229706e-10,0.8,0.5,0.5,0.9999999990616757,5.343762043974465e-09,8.552111015887931,True
flight,Benign,GWO,cold,480,24,4.365997068311799e-06,2.1521013683385777e-10,6.161585320841624e-09,1.0,0.6666666666666666,0.0,0.9999638465050074,8.273984711936148e-05,14.19099599297624,True
flight,Benign,GWO,optimizer_warm,480,24,9.851250069419159e-08,2.9170404147708437e-10,8.481401849211563e-09,1.0,0.9979166666666667,0.010416666666666666,0.9959198001165082,0.00010196246859154726,14.087421004660428,True
flight,Benign,GWO,reference_warm,480,24,1.0219835058372238e-07,2.442493663486471e-10,6.669557678353195e-09,1.0,1.0,0.00625,0.9964568637661682,8.234511366327492e-05,14.084049500524998,True
flight,Benign,PSO,cold,480,24,4.365997068311799e-06,2.863487306869641e-06,1.4587583322404112e-05,0.9791666666666666,0.6666666666666666,0.5270833333333333,0.0,0.01007529981802829,3.789265494560823,True
flight,Benign,PSO,optimizer_warm,480,24,9.312739422635949e-06,3.57690969570086e-06,9.105274371689678e-06,1.0,0.9354166666666667,0.5041666666666667,8.190053474555233e-13,0.010225636871006579,3.792979012359865,True
flight,Benign,PSO,reference_warm,480,24,1.0219835058372238e-07,9.728285193006298e-08,2.931145963867926e-06,1.0,1.0,0.8083333333333333,4.619773690213953e-13,0.001850051123270386,3.788560497923754,True
flight,Benign,SGO,cold,480,24,4.365997068311799e-06,2.9028127660007356e-09,7.60017396805297e-08,0.9875,0.6666666666666666,0.0,0.9996660343941326,0.00024210733908785977,14.485731502645649,True
flight,Benign,SGO,optimizer_warm,480,24,1.109923063546706e-07,9.503247499439688e-10,2.635234564746925e-08,0.9979166666666667,0.9833333333333333,0.016666666666666666,0.984425307397599,0.0001356898617463038,14.461754501098767,True
flight,Benign,SGO,reference_warm,480,24,1.0219835058372238e-07,1.046228563061818e-09,3.40027866510643e-08,1.0,1.0,0.016666666666666666,0.9793231600527548,0.0001528818186840117,14.464214502368122,True
flight,Benign,WOA,cold,480,24,4.365997068311799e-06,3.2813489158443486e-09,1.2067861133020508e-07,0.99375,0.6666666666666666,0.0,0.9996131623571043,0.0002509963436078692,8.43169649306219,True
flight,Benign,WOA,optimizer_warm,480,24,1.1500253433532578e-07,4.1431121140349823e-10,1.1373680303463712e-08,1.0,0.9916666666666667,0.0,0.993927555013805,7.922367702179031e-05,8.408406501985155,True
flight,Benign,WOA,reference_warm,480,24,1.0219835058372238e-07,3.6277499326089247e-10,1.4656640029849621e-08,1.0,1.0,0.0,0.9926328982930501,7.319143888993168e-05,8.420278987614438,True
flight,High,GWO,cold,100,5,1.0,3.0082043286210158e-05,6.0579606062129496e-05,0.84,0.0,0.0,0.9999699179567139,0.036299776778256146,13.960473996121436,True
flight,High,GWO,optimizer_warm,100,5,0.013615883741445307,3.662504080259876e-05,8.518750452688595e-05,0.75,0.0,0.0,0.9981939817278973,0.03973443215067776,13.95793299889192,True
flight,High,GWO,reference_warm,100,5,0.014239254547644017,2.562772968018668e-05,6.394222547947779e-05,0.86,0.0,0.0,0.9984320797250588,0.03178045516334814,14.07576100609731,True
flight,High,PSO,cold,100,5,1.0,2.1095294566662774e-06,9.29686809736185e-06,0.98,0.0,0.0,0.9999978904705433,0.009595518341620389,3.8129269960336387,True
flight,High,PSO,optimizer_warm,100,5,0.014109228750471077,3.479968994864734e-06,1.1913301957509052e-05,0.96,0.0,0.0,0.9998532146539989,0.012431084401289441,3.738298997632228,True
flight,High,PSO,reference_warm,100,5,0.014239254547644017,2.53296549818109e-06,8.718623887046387e-06,0.97,0.0,0.0,0.9998780440717538,0.011188195010187774,3.7534239963861182,True
flight,High,SGO,cold,100,5,1.0,0.0006732411650965782,0.01189621650614442,0.33,0.0,0.0,0.9993267588349034,0.12271238709304064,14.510067994706333,True
flight,High,SGO,optimizer_warm,100,5,0.019531292326675546,0.00016129953938494432,0.0006458823080148033,0.39,0.01,0.02,0.9912009270857409,0.06942531221534981,14.548439998179674,True
flight,High,SGO,reference_warm,100,5,0.014239254547644017,0.00014069562500438753,0.00029582497325219436,0.45,0.0,0.0,0.990791766429626,0.0587404544564792,14.50829098757822,True
flight,High,WOA,cold,100,5,1.0,1.7260173305942635e-06,1.883673107988183e-05,0.88,0.0,0.0,0.9999982739826694,0.0064187936073356495,8.40295800298918,True
flight,High,WOA,optimizer_warm,100,5,0.01425963340553947,1.2940001313534774e-06,7.935313135758684e-06,0.96,0.0,0.0,0.9999351252775708,0.005000798438478031,8.405934000620618,True
flight,High,WOA,reference_warm,100,5,0.014239254547644017,2.813418883126429e-07,4.218605490017423e-06,0.97,0.0,0.0,0.9999886835392934,0.002619215819868133,8.443600992904976,True
flight,Moderate,GWO,cold,220,11,0.038730499614647265,1.0237772316689514e-06,4.2589900628216965e-06,0.9863636363636363,0.09090909090909091,0.0,0.9999686174243182,0.0054102479145427896,14.073958504013717,True
flight,Moderate,GWO,optimizer_warm,220,11,0.0008789906136065159,1.479639961493931e-06,4.924963842306866e-06,0.9818181818181818,0.004545454545454545,0.0,0.9989750327857294,0.005899111490486486,13.99127149488777,True
flight,Moderate,GWO,reference_warm,220,11,0.0009047544157472637,1.3346540929555506e-06,5.324575633030302e-06,0.9818181818181818,0.0,0.0,0.9988576266783864,0.006232722061426261,14.008495985763147,True
flight,Moderate,PSO,cold,220,11,0.038730499614647265,1.7079571549568514e-05,3.998434509837269e-05,0.9363636363636364,0.09090909090909091,0.00909090909090909,0.9993876846554244,0.02325998997506435,3.789323498494923,True
flight,Moderate,PSO,optimizer_warm,220,11,0.000929960227066739,1.4706436070446426e-05,2.991617507175587e-05,0.9363636363636364,0.045454545454545456,0.00909090909090909,0.991186243333444,0.018075698180306084,3.7879760056966916,True
flight,Moderate,PSO,reference_warm,220,11,0.0009047544157472637,2.0858160573535706e-05,3.866828412581614e-05,0.9227272727272727,0.0,0.004545454545454545,0.986252922091333,0.02153822984112863,3.7902449985267594,True
flight,Moderate,SGO,cold,220,11,0.038730499614647265,9.792634545577328e-06,0.00014308711177292693,0.7136363636363636,0.09090909090909091,0.0,0.9996307835171858,0.012782143833035291,14.439050501096062,True
flight,Moderate,SGO,optimizer_warm,220,11,0.0009402912643185213,5.5370112178217135e-06,5.045567832422278e-05,0.8,0.00909090909090909,0.0,0.9947253531002679,0.01020117900531715,14.445712004089728,True
flight,Moderate,SGO,reference_warm,220,11,0.0009047544157472637,5.682035452436035e-06,4.063317276229404e-05,0.8636363636363636,0.0,0.0,0.9940310456115633,0.010637190277736288,14.456687509664334,True
flight,Moderate,WOA,cold,220,11,0.038730499614647265,5.894867347987914e-06,5.1828276473838905e-05,0.8090909090909091,0.09090909090909091,0.0,0.9998523462451392,0.009534539419482548,8.383407490327954,True
flight,Moderate,WOA,optimizer_warm,220,11,0.0009719265989134446,1.6975666176574644e-06,1.2349731338083775e-05,0.9454545454545454,0.0,0.0,0.9982890816225214,0.004685138107032802,8.415793985477649,True
flight,Moderate,WOA,reference_warm,220,11,0.0009047544157472637,1.3262078500438784e-06,9.348090218857835e-06,0.9590909090909091,0.0,0.0,0.9989699594379752,0.004030510769196522,8.405227505136281,True
flight,Severe,GWO,cold,20,1,1.0,9.155918859045787e-09,2.6316941406496367e-08,1.0,0.0,0.0,0.9999999908440811,0.0008119135027130353,14.11658500728663,True
flight,Severe,GWO,optimizer_warm,20,1,1.0,3.699567084537892e-09,1.3360621449009076e-08,1.0,0.0,0.0,0.9999999963004329,0.0005173862734125789,14.123429005849175,True
flight,Severe,GWO,reference_warm,20,1,1.0,6.282334357297527e-10,2.531212965077169e-09,1.0,0.0,0.0,0.9999999993717665,0.0002134906036405093,14.111946496996097,True
flight,Severe,PSO,cold,20,1,1.0,1.612370352023555e-09,7.483628750863311e-09,1.0,0.0,0.0,0.9999999983876297,0.00034186299509730844,3.8080764934420586,True
flight,Severe,PSO,optimizer_warm,20,1,1.0,1.5581015898571557e-08,6.940073291954378e-08,1.0,0.0,0.0,0.9999999844189842,0.001063573359463943,3.7419785076053813,True
flight,Severe,PSO,reference_warm,20,1,1.0,1.5122553588689566e-09,8.326937121721694e-09,1.0,0.0,0.0,0.9999999984877447,0.0003308473316950833,3.7391520017990842,True
flight,Severe,SGO,cold,20,1,1.0,2.1057348558691708e-05,0.0235354810006577,0.6,0.0,0.0,0.9999789426514413,0.037354382254525254,14.39394851331599,True
flight,Severe,SGO,optimizer_warm,20,1,1.0,2.1706646840997328e-05,0.04942889657181234,0.55,0.0,0.0,0.9999782933531589,0.03722305662486314,14.49958750163205,True
flight,Severe,SGO,reference_warm,20,1,1.0,2.622082818583871e-06,0.029734711090028048,0.6,0.0,0.0,0.9999973779171814,0.013791488612558744,14.50919100898318,True
flight,Severe,WOA,cold,20,1,1.0,4.1773581861359104e-13,1.1471682202517565e-11,1.0,0.0,0.0,0.9999999999995823,5.4980306026797265e-06,8.464749495033175,True
flight,Severe,WOA,optimizer_warm,20,1,1.0,3.7474693932074645e-13,1.9376133899551954e-12,1.0,0.0,0.0,0.9999999999996252,5.212755120775903e-06,8.559120004065335,True
flight,Severe,WOA,reference_warm,20,1,1.0,1.1554394982929112e-13,8.692097450266297e-13,1.0,0.0,0.0,0.9999999999998845,2.8612195617228053e-06,8.61779299157206,True
hvac,Benign,GWO,cold,640,32,0.029149533538306273,4.256522095534565e-06,2.0767109380316964e-05,0.8703125,0.0,0.0,0.9998721535311106,0.020549351297368276,18.277115013916045,True
hvac,Benign,GWO,optimizer_warm,640,32,1.1016922619906666e-06,7.91659268308334e-07,1.3136641369974455e-05,0.925,0.8421875,0.7078125,0.0,0.00886215885853831,18.239523502415977,True
hvac,Benign,GWO,reference_warm,640,32,7.52605411775964e-08,2.979337801987947e-08,5.49762709124756e-06,1.0,0.96875,0.903125,0.0,0.0016777319563891795,18.230139001389034,True
hvac,Benign,PSO,cold,640,32,0.029149533538306273,1.5875906271903273e-08,1.0592965024678463e-07,0.9921875,0.0,0.0,0.9999995843467349,0.0014618833552642113,4.800763010280207,True
hvac,Benign,PSO,optimizer_warm,640,32,3.819382756245493e-08,6.112909241295927e-10,3.560101308209344e-09,1.0,0.96875,0.1140625,0.9672118345534808,0.00028143442505901213,4.781909985467792,True
hvac,Benign,PSO,reference_warm,640,32,7.52605411775964e-08,5.816378297794654e-10,4.70303240535791e-09,1.0,0.96875,0.128125,0.9583445928469282,0.00027156607011442896,4.771031497512013,True
hvac,Benign,SGO,cold,640,32,0.029149533538306273,0.00014804416463144038,0.0003691107859820448,0.403125,0.0,0.0,0.9966385185376734,0.12840765582620978,12.404091001371853,True
hvac,Benign,SGO,optimizer_warm,640,32,1.2190334311150408e-05,9.75242396267749e-06,5.8230667081294734e-05,0.796875,0.746875,0.8375,0.0,0.031524861299474724,12.347934985882603,True
hvac,Benign,SGO,reference_warm,640,32,7.52605411775964e-08,2.979337801987947e-08,7.2442836790614124e-06,1.0,0.96875,0.9390625,0.0,0.0016777319563891795,12.38113598083146,True
hvac,Benign,WOA,cold,640,32,0.029149533538306273,5.2998051647497324e-05,0.0001965297756868706,0.6375,0.0,0.0,0.9987180317278104,0.07657277370185737,8.199450996471569,True
hvac,Benign,WOA,optimizer_warm,640,32,9.675901426441091e-08,3.5507070807877517e-09,5.772040181494659e-07,1.0,0.9609375,0.03125,0.8195144007394362,0.0005934473794256523,8.197744507924654,True
hvac,Benign,WOA,reference_warm,640,32,7.52605411775964e-08,2.555449723357084e-10,1.917003934000788e-07,1.0,0.96875,0.03125,0.9657902673199666,0.00017005687364568902,8.181515513570048,True
pendcart,Benign,GWO,cold,480,24,4.481596807238325e-06,4.618974846430212e-14,1.5642140487485018e-12,1.0,0.75,0.0,0.9999999755809559,6.031390431158416e-07,35.193676987546496,True
pendcart,Benign,GWO,optimizer_warm,480,24,6.233672963135961e-07,6.524224022375703e-14,2.142044836297302e-12,1.0,0.9166666666666666,0.0,0.9999997172708067,7.167135515310109e-07,35.2558059967123,True
pendcart,Benign,GWO,reference_warm,480,24,6.22028214400715e-07,5.653744599630429e-14,2.370832019415095e-12,1.0,0.9166666666666666,0.0,0.9999996974311042,6.672679471212903e-07,35.27163948456291,True
pendcart,Benign,PSO,cold,480,24,4.481596807238325e-06,6.1584592369475925e-09,3.0481735245670934e-08,1.0,0.75,0.09791666666666667,0.998604594755219,0.0002202292133470212,25.41335749265272,True
pendcart,Benign,PSO,optimizer_warm,480,24,4.953338383710292e-07,4.344620512031246e-09,1.9540504562037618e-08,1.0,0.9270833333333334,0.1875,0.9895483440770767,0.00018495125680147422,25.472836001426913,True
pendcart,Benign,PSO,reference_warm,480,24,6.22028214400715e-07,3.435456976509256e-09,1.9532980333038287e-08,1.0,0.9166666666666666,0.15,0.9845927489677346,0.0001644903648798067,25.454212998738512,True
pendcart,Benign,SGO,cold,480,24,4.481596807238325e-06,9.613029787115128e-12,2.0428239541244514e-10,1.0,0.75,0.0,0.9999969595272307,8.701210465176384e-06,41.38352000154555,True
pendcart,Benign,SGO,optimizer_warm,480,24,5.01006186753818e-07,7.28772248365121e-12,1.95586912656344e-10,1.0,0.9166666666666666,0.008333333333333333,0.9999769125123589,7.575878148847592e-06,41.593982503400184,True
pendcart,Benign,SGO,reference_warm,480,24,6.22028214400715e-07,6.817354992678715e-12,2.9170205288200186e-10,1.0,0.9166666666666666,0.008333333333333333,0.9999708049128233,7.3271801579866255e-06,41.56861899537034,True
pendcart,Benign,WOA,cold,480,24,4.481596807238325e-06,1.3947489354950625e-17,6.509845434526913e-16,1.0,0.75,0.0,0.9999999999959291,1.0481809167264995e-08,33.44696600106545,True
pendcart,Benign,WOA,optimizer_warm,480,24,6.221188812196294e-07,2.6010052469574614e-17,9.391601548901693e-16,1.0,0.9166666666666666,0.0,0.9999999998975295,1.431279883371342e-08,33.29867201682646,True
pendcart,Benign,WOA,reference_warm,480,24,6.22028214400715e-07,2.9920591828810905e-17,9.939673820375894e-16,1.0,0.9166666666666666,0.0,0.9999999998847274,1.5352123744136192e-08,33.385387490852736,True
pendcart,High,GWO,cold,180,9,1.0,7.306013651840475e-09,4.01668930677604e-08,1.0,0.0,0.0,0.9999999801879919,0.0002787289434664775,35.32675998576451,True
pendcart,High,GWO,optimizer_warm,180,9,0.05073776455953713,9.245159280806229e-09,5.631227685284413e-08,1.0,0.0,0.0,0.9999998772656687,0.0003038098260459421,35.326716999406926,True
pendcart,High,GWO,reference_warm,180,9,0.050778142344010506,8.364920425588508e-09,5.114513085260144e-08,1.0,0.0,0.0,0.9999998352653319,0.0003146413203363174,35.365927004022524,True
pendcart,High,PSO,cold,180,9,1.0,3.2747702332511733e-09,1.6447544807667908e-08,1.0,0.0,0.0,0.9999999919049198,0.00019853555291149405,25.48909700999502,True
pendcart,High,PSO,optimizer_warm,180,9,0.05007840403583319,1.936890536846647e-09,1.9128485368256554e-08,1.0,0.0,0.0,0.9999999617394099,0.00014754859774912532,25.605071525205858,True
pendcart,High,PSO,reference_warm,180,9,0.050778142344010506,3.0209779868965846e-09,1.577628242052593e-08,1.0,0.0,0.0,0.9999999109358104,0.00019444085657793764,25.602063498809002,True
pendcart,High,SGO,cold,180,9,1.0,5.977820214583736e-07,2.8451064136900425e-06,0.9944444444444445,0.0,0.0,0.9999983848587468,0.0024063858777749747,41.478178987745196,True
pendcart,High,SGO,optimizer_warm,180,9,0.05073810478273305,4.7333858591837544e-07,3.801382225904545e-06,1.0,0.0,0.0,0.9999908306299481,0.0023128713113279575,41.554067996912636,True
pendcart,High,SGO,reference_warm,180,9,0.050778142344010506,6.101976768835047e-07,3.6003732050413737e-06,1.0,0.0,0.0,0.9999872474575813,0.0025812703808324455,41.58351698424667,True
pendcart,High,WOA,cold,180,9,1.0,1.6741438745000515e-12,9.22309008089171e-12,1.0,0.0,0.0,0.999999999996222,4.191906475159435e-06,33.58426901104394,True
pendcart,High,WOA,optimizer_warm,180,9,0.05077875354162929,2.8510049041592663e-12,1.77760303869328e-11,1.0,0.0,0.0,0.9999999999474396,5.3615763333514366e-06,33.44966599252075,True
pendcart,High,WOA,reference_warm,180,9,0.050778142344010506,2.2641749586327364e-12,1.339212027325459e-11,1.0,0.0,0.0,0.999999999957568,5.017768565707126e-06,33.41884899418801,True
pendcart,Moderate,GWO,cold,240,12,0.013301100260558158,3.4067374529017647e-10,5.60955441808713e-09,1.0,0.08333333333333333,0.0,0.9999999729864026,5.179583070807903e-05,35.14002400333993,True
pendcart,Moderate,GWO,optimizer_warm,240,12,0.0004893720674307763,6.183717815415064e-10,8.462109045328636e-09,1.0,0.08333333333333333,0.0,0.9999994409321336,6.977193965795186e-05,35.050068006967194,True
pendcart,Moderate,GWO,reference_warm,240,12,0.0004907541828312813,5.47305461476473e-10,6.339955751686298e-09,1.0,0.08333333333333333,0.0,0.9999996304834358,6.563534181273228e-05,34.98432200285606,True
pendcart,Moderate,PSO,cold,240,12,0.013301100260558158,9.365071065858821e-09,3.917338300930221e-08,1.0,0.08333333333333333,0.0,0.9999997991484275,0.0002715847420011186,25.29786399099976,True
pendcart,Moderate,PSO,optimizer_warm,240,12,0.0004961727385927382,1.3482395804821634e-08,4.3422710196841866e-08,1.0,0.08333333333333333,0.0,0.9999877471514707,0.0003258554401071867,25.292023507063277,True
pendcart,Moderate,PSO,reference_warm,240,12,0.0004907541828312813,7.893519718936426e-09,3.578209894941446e-08,1.0,0.08333333333333333,0.0,0.999993794367951,0.0002493353858146474,25.303399001131766,True
pendcart,Moderate,SGO,cold,240,12,0.013301100260558158,2.0182638439843192e-08,2.0041532309135295e-07,1.0,0.08333333333333333,0.0,0.9999985964628928,0.00039868861226217966,41.22707799251657,True
pendcart,Moderate,SGO,optimizer_warm,240,12,0.0004772842005253972,2.9565090747763964e-08,4.050633806487996e-07,1.0,0.08333333333333333,0.016666666666666666,0.9999764866701726,0.0004825383045439155,41.18872751132585,True
pendcart,Moderate,SGO,reference_warm,240,12,0.0004907541828312813,2.45487334943513e-08,4.917199445674827e-07,1.0,0.08333333333333333,0.0125,0.9999844690310877,0.00043970833271037013,41.23126900231,True
pendcart,Moderate,WOA,cold,240,12,0.013301100260558158,6.600595721037439e-14,1.1284135518346838e-12,1.0,0.08333333333333333,0.0,0.9999999999960215,7.209770290575457e-07,33.2366344955517,True
pendcart,Moderate,WOA,optimizer_warm,240,12,0.0004907476136003968,1.1438766600591066e-13,2.5793456454904773e-12,1.0,0.08333333333333333,0.0,0.9999999998625841,9.49161691576883e-07,33.223274498595856,True
pendcart,Moderate,WOA,reference_warm,240,12,0.0004907541828312813,1.2517515236148968e-13,3.355504459359726e-12,1.0,0.08333333333333333,0.0,0.9999999998678099,9.929089002241875e-07,33.23111298959702,True
uav,Benign,GWO,cold,580,29,3.897978341000818e-10,1.6198502785758646e-13,8.316026578492183e-13,1.0,0.9655172413793104,0.0,0.9996226223700266,8.455835302108133e-09,22.593346511712298,True
uav,Benign,GWO,optimizer_warm,580,29,3.8935422573612385e-10,1.6133385772437602e-13,7.782560658999584e-13,1.0,1.0,0.0034482758620689655,0.9995643558314762,8.02190819941321e-09,22.589776490349323,True
uav,Benign,GWO,reference_warm,580,29,4.249611939338171e-11,1.0973991064515072e-13,4.587591870799739e-13,1.0,1.0,0.02586206896551724,0.9967582284299122,6.477432530693697e-09,22.543595492606983,True
uav,Benign,PSO,cold,580,29,3.897978341000818e-10,3.897978341000818e-10,1.535908454206583e-09,0.9655172413793104,0.9655172413793104,0.9482758620689655,0.0,1.3107594240237242e-07,4.543770497548394,True
uav,Benign,PSO,optimizer_warm,580,29,0.014231907101938135,0.0030825750299765956,0.0072274361217444325,0.017241379310344827,0.0,0.10172413793103448,0.6780562718485257,0.0010600395334875896,4.550301993731409,True
uav,Benign,PSO,reference_warm,580,29,4.249611939338171e-11,4.249611976534891e-11,1.0517348839843872e-10,1.0,1.0,0.9862068965517241,2.1638803091779215e-10,9.799499113518206e-08,4.537886488833465,True
uav,Benign,SGO,cold,580,29,3.897978341000818e-10,3.897978341000818e-10,1.535908454206583e-09,0.9655172413793104,0.9655172413793104,0.9568965517241379,0.0,1.3107594240237242e-07,13.021072503761388,True
uav,Benign,SGO,optimizer_warm,580,29,0.0008337285525112946,0.00028199481964787386,0.0003313421226914476,0.1482758620689655,0.03103448275862069,0.22413793103448276,0.5744955781098818,0.00025348801422204564,13.118354996549897,True
uav,Benign,SGO,reference_warm,580,29,4.249611939338171e-11,4.249611976534891e-11,1.0517348839843872e-10,1.0,1.0,1.0,1.0124789490880319e-10,9.799499113518206e-08,13.105071979225613,True
uav,Benign,WOA,cold,580,29,3.897978341000818e-10,2.0596463619728464e-11,3.0715104029889515e-10,0.9948275862068966,0.9655172413793104,0.0,0.9640147189173844,1.2616397897547932e-07,8.314397506183013,True
uav,Benign,WOA,optimizer_warm,580,29,1.9027231978236357e-09,7.319754039907859e-11,1.7230669711586884e-09,0.9741379310344828,0.9051724137931034,0.0,0.9778343298250244,1.9825333413288426e-07,8.315754996147007,True
uav,Benign,WOA,reference_warm,580,29,4.249611939338171e-11,2.5154553864071494e-12,1.1218069676568447e-11,1.0,1.0,0.0,0.9376968487845856,2.657592876809715e-08,8.310431003337726,True
uav,High,GWO,cold,200,10,1.0,0.00029167170601704113,0.0006490441589134631,0.26,0.0,0.0,0.9995535870489378,0.0005835073233713299,22.570114495465532,True
uav,High,GWO,optimizer_warm,200,10,0.058202708154595856,0.0002590717750196133,0.00041646734371858236,0.205,0.0,0.0,0.9954377028642056,0.0005618820488556583,22.58673799224198,True
uav,High,GWO,reference_warm,200,10,0.05845570901402351,0.0002232584037397899,0.0005828017678650072,0.31,0.0,0.0,0.9949106744429828,0.0005070283336336551,22.610059997532517,True
uav,High,PSO,cold,200,10,1.0,0.004951684838323273,0.017653414798395533,0.05,0.0,0.035,0.9892214680285765,0.0023187755351756155,4.552514496026561,True
uav,High,PSO,optimizer_warm,200,10,0.13563668329165418,0.01007044659833297,0.11612128155538819,0.005,0.0,0.005,0.9172987385927727,0.004100849302795857,4.558929998893291,True
uav,High,PSO,reference_warm,200,10,0.05845570901402351,0.0030653125185953864,0.006628712579978386,0.035,0.0,0.02,0.9373414466200145,0.0018786582360024368,4.553541002678685,True
uav,High,SGO,cold,200,10,1.0,0.01575576594761302,0.16093786127967208,0.01,0.0,0.01,0.9507308642073755,0.007054001822147614,13.1058520055376,True
uav,High,SGO,optimizer_warm,200,10,0.13253788080199946,0.008772448369764593,0.018231597847878728,0.0,0.0,0.005,0.9185595604602508,0.0031212164718029773,13.013811010750942,True
uav,High,SGO,reference_warm,200,10,0.05845570901402351,0.006657834724173828,0.009608246426853994,0.01,0.0,0.04,0.8897783452925656,0.0027106900454723255,13.085422993754037,True
uav,High,WOA,cold,200,10,1.0,0.006291015128355854,0.4945220038535496,0.105,0.0,0.0,0.969917734021513,0.015332018089829511,8.313116995850578,True
uav,High,WOA,optimizer_warm,200,10,0.3729689593385818,0.02470323879369667,0.3179930170170454,0.07,0.0,0.0,0.9041386276776862,0.007107183728667238,8.308181495522149,True
uav,High,WOA,reference_warm,200,10,0.05845570901402351,0.0002563263482516693,0.002005600440650435,0.38,0.0,0.0,0.9963292123201701,0.000488823340666703,8.316940991790034,True
uav,Moderate,GWO,cold,180,9,0.026875893871632164,1.2237417820429308e-05,0.00010117061710133068,0.75,0.2222222222222222,0.0,0.9993136873964008,8.916900067443937e-05,22.636918001808226,True
uav,Moderate,GWO,optimizer_warm,180,9,0.0019306634560756996,1.1605300010811802e-05,5.750348926033225e-05,0.8055555555555556,0.022222222222222223,0.0,0.9950792974868438,6.758125604410113e-05,22.63267949456349,True
uav,Moderate,GWO,reference_warm,180,9,0.0014178608107282059,6.4942775815646225e-06,3.870259296823121e-05,0.8388888888888889,0.1111111111111111,0.0,0.9943388382367746,6.198242824902303e-05,22.594648995436728,True
uav,Moderate,PSO,cold,180,9,0.026875893871632164,0.001855812212677454,0.00609406812836738,0.2388888888888889,0.2222222222222222,0.2111111111111111,0.7522896957107579,0.0006391523413574139,4.563590002362616,True
uav,Moderate,PSO,optimizer_warm,180,9,0.047640420174994716,0.00814634509317613,0.1343114872221582,0.0,0.0,0.044444444444444446,0.665405887918914,0.002329111837707617,4.554356492008083,True
uav,Moderate,PSO,reference_warm,180,9,0.0014178608107282059,0.0004657251367474386,0.0013294083413533616,0.16666666666666666,0.1111111111111111,0.2388888888888889,0.4554758091184343,0.0001613928665819227,4.548120996332727,True
uav,Moderate,SGO,cold,180,9,0.026875893871632164,0.001374555934306812,0.006412061073186211,0.2222222222222222,0.2222222222222222,0.2222222222222222,0.9264766447676288,0.0006058707824377836,13.029042995185591,True
uav,Moderate,SGO,optimizer_warm,180,9,0.0077730962807508915,0.001400992857999695,0.0034824978093502025,0.044444444444444446,0.0,0.06111111111111111,0.8029524697153223,0.0006298757451026851,13.09988550201524,True
uav,Moderate,SGO,reference_warm,180,9,0.0014178608107282059,0.000511363429848765,0.0011913131546303433,0.15555555555555556,0.1111111111111111,0.36666666666666664,0.3584365602382764,0.00027426186633279726,13.027403503656387,True
uav,Moderate,WOA,cold,180,9,0.026875893871632164,3.433628673355296e-05,0.0004318471650925329,0.6111111111111112,0.2222222222222222,0.0,0.9978694814700686,0.00012695388189251083,8.327924995683134,True
uav,Moderate,WOA,optimizer_warm,180,9,0.02432765659981227,0.0007550299905436028,0.003806748815818481,0.3111111111111111,0.005555555555555556,0.0,0.9867944745473611,0.0004741559492450211,8.298520493553951,True
uav,Moderate,WOA,reference_warm,180,9,0.0014178608107282059,6.552157212867671e-07,3.7760783519854646e-05,0.9555555555555556,0.1111111111111111,0.0,0.9988466930911273,2.0301839616491934e-05,8.32174600509461,True
uav,Severe,GWO,cold,160,8,1.0,0.0002603655611416849,0.0005476368972537236,0.35,0.125,0.0,0.9996067883040347,0.0005876615431440876,22.62274250097107,True
uav,Severe,GWO,optimizer_warm,160,8,0.17829901004495063,0.00024759432881826446,0.0005812824443672137,0.3375,0.125,0.0,0.9987274815351967,0.0005554746746367501,22.60188049694989,True
uav,Severe,GWO,reference_warm,160,8,0.17752566984763038,0.00033312821287602646,0.0007280117122708321,0.34375,0.125,0.0,0.9984445737835979,0.0005595679892784191,22.598537005251274,True
uav,Severe,PSO,cold,160,8,1.0,0.0023853365301103255,0.008381494551562398,0.24375,0.125,0.125,0.9938347812002888,0.001611862288799297,4.57890699908603,True
uav,Severe,PSO,optimizer_warm,160,8,0.5548191493017613,0.0076480373202393055,0.2265415151944384,0.11875,0.0,0.0125,0.961106328551006,0.0029655045987911416,4.562524001812562,True
uav,Severe,PSO,reference_warm,160,8,0.17752566984763038,0.0028105414998028273,0.00980680368211096,0.225,0.125,0.125,0.9659089389603722,0.0019952738070486333,4.566952513414435,True
uav,Severe,SGO,cold,160,8,1.0,0.010595601508105339,0.034690243443293974,0.125,0.125,0.125,0.973985350199946,0.004471770638539279,13.013943986152299,True
uav,Severe,SGO,optimizer_warm,160,8,0.2794015181130304,0.00856859520451058,0.027655293903194253,0.025,0.0,0.03125,0.9491312638341288,0.004276428529006659,13.136383990058675,True
uav,Severe,SGO,reference_warm,160,8,0.17752566984763038,0.00868088388864004,0.018422929070247798,0.125,0.125,0.125,0.9136278735860777,0.004133117615603097,13.01373950263951,True
uav,Severe,WOA,cold,160,8,1.0,0.0069296631448222245,0.132165157213323,0.125,0.125,0.0,0.9734336718480086,0.0057769379617884165,8.23388849676121,True
uav,Severe,WOA,optimizer_warm,160,8,0.6612797863864882,0.02081433225139777,0.18208007943079876,0.125,0.125,0.0,0.9543834930620749,0.009482485247037266,8.314346996485256,True
uav,Severe,WOA,reference_warm,160,8,0.17752566984763038,0.0002677882083896468,0.0021228238094997457,0.33125,0.125,0.0,0.9960918900814211,0.0007860770247097345,8.318782478454523,True
