system,alg,start,stratum,n,instances,start_gap_median,final_gap_median,final_gap_q1,final_gap_q3,final_gap_median_lo,final_gap_median_hi,conv_rate,conv_rate_lo,conv_rate_hi,trivial_start_rate,incumbent_return_rate,improvement_median,first_ctrl_err_median,time_ms_median
cstr,GWO,cold,Benign,520,26,1.3264274410646238e-11,9.898039139765876e-16,3.0623028065607135e-16,2.34072101082838e-15,8.300886976829651e-16,1.1524625145847714e-15,1.0,1.0,1.0,0.9615384615384616,0.0,0.9999257915990956,6.945265358935853e-08,14.231348497560248
cstr,GWO,cold,Moderate,80,4,0.2801878602701604,6.79108223847159e-08,1.4536279568932997e-08,2.3176846768863113e-07,4.4914638893853685e-08,1.0010524512105157e-07,1.0,1.0,1.0,0.0,0.0,0.9999993857808703,1.8919378705052614e-05,14.2955159972189
cstr,GWO,cold,High,180,9,1.0,1.2718413726076476e-07,1.079347297387445e-08,5.885303086453526e-07,8.417999460844782e-08,1.8984490749884078e-07,1.0,1.0,1.0,0.0,0.0,0.9999998728158628,3.0432624303501632e-05,14.242418998037465
cstr,GWO,cold,Severe,40,2,1.0,3.1917715155575147e-13,0.0,5.8548098286054e-08,0.0,8.416982273397598e-09,1.0,1.0,1.0,0.0,0.0,0.9999999999996808,2.2649915776273846e-07,14.036955020856112
cstr,GWO,optimizer_warm,Benign,520,26,1.3264274410646238e-11,7.766542154360016e-16,2.6593093822816693e-16,1.89640792114997e-15,6.637312679403402e-16,9.585856964938498e-16,1.0,1.0,1.0,0.9230769230769231,0.0,0.9999459172815968,6.972452116754209e-08,14.185730498866178
cstr,GWO,optimizer_warm,Moderate,80,4,0.007978088603880149,7.8955771818821e-08,1.74458204965644e-08,2.021719125950357e-07,4.457782809552669e-08,1.0566454722304996e-07,1.0,1.0,1.0,0.0,0.0,0.9999951136987977,1.6630186988764867e-05,14.315573498606682
cstr,GWO,optimizer_warm,High,180,9,0.023725355834296948,9.824435076423615e-08,2.171314028082898e-08,4.876532142555398e-07,6.94152328829382e-08,1.4599636124902154e-07,1.0,1.0,1.0,0.0,0.0,0.9999964604520417,2.565907126574757e-05,14.247267507016659
cstr,GWO,optimizer_warm,Severe,40,2,0.3561024783738303,9.983058257627161e-11,0.0,9.487480620312986e-08,0.0,1.109707776301726e-08,1.0,1.0,1.0,0.5,0.5,0.9999998604312996,4.005413444363448e-06,14.343776521855034
cstr,GWO,reference_warm,Benign,520,26,7.788132850453367e-16,1.2533619350382084e-16,2.3777208884641665e-17,5.176864393403488e-16,9.505092034843244e-17,1.3693063320243954e-16,1.0,1.0,1.0,0.9230769230769231,0.6923076923076923,0.9999995685165508,1.969684647443484e-08,14.162367500830442
cstr,GWO,reference_warm,Moderate,80,4,0.00812232067606355,4.755708806684738e-08,1.2064176810322458e-08,1.8353519531943974e-07,3.198821063024257e-08,9.349097063182654e-08,1.0,1.0,1.0,0.0,0.0,0.9999962298514644,1.549850079624049e-05,14.31291400513146
cstr,GWO,reference_warm,High,180,9,0.0237709115076089,8.451408430558316e-08,1.5301124546750433e-08,4.0334918553194953e-07,6.24394468484912e-08,1.4819881768755137e-07,1.0,1.0,1.0,0.0,0.0,0.9999966576526976,2.5348856748663023e-05,14.272285494371317
cstr,GWO,reference_warm,Severe,40,2,0.3561024783738303,2.0918065615324347e-12,0.0,6.773871112494328e-08,0.0,3.736519005087798e-09,1.0,1.0,1.0,0.5,0.5,0.999999897773969,5.797932252082916e-07,14.27605701610446
cstr,PSO,cold,Benign,520,26,1.3264274410646238e-11,1.010359697582012e-11,2.9542613933958566e-12,1.3282423508580684e-11,7.235398463114395e-12,1.2488936234677604e-11,1.0,1.0,1.0,0.9615384615384616,0.475,0.01722173433226655,1.0867759842862285e-05,4.767538499436341
cstr,PSO,cold,Moderate,80,4,0.2801878602701604,1.0186296250935811e-14,2.220446049250313e-16,6.467217039674011e-11,1.1102230246251563e-15,9.753309271331999e-14,1.0,1.0,1.0,0.0,0.0,0.9999999999999676,4.597195478461824e-09,4.81092999689281
cstr,PSO,cold,High,180,9,1.0,1.5042819396108672e-15,2.216935384626913e-16,8.71858282290555e-14,6.661338147750939e-16,4.673359794865046e-15,0.9611111111111111,0.9333333333333333,0.9833333333333333,0.0,0.0,0.9999999999999984,4.279142699903371e-09,4.762344993650913
cstr,PSO,cold,Severe,40,2,1.0,0.0,0.0,1.8546028562216822e-16,0.0,0.0,1.0,1.0,1.0,0.0,0.0,1.0,9.002587564310714e-11,4.7499984939349815
cstr,PSO,optimizer_warm,Benign,520,26,1.7060672218561514e-11,1.0667875487668894e-11,3.095955730645228e-12,2.1715827893775313e-11,8.669117783803494e-12,1.2120091394584914e-11,0.9980769230769231,0.9942307692307693,1.0,0.9211538461538461,0.3326923076923077,0.3735049001528416,1.1551175728573344e-05,4.750802996568382
cstr,PSO,optimizer_warm,Moderate,80,4,0.00936400905281355,3.780309398848658e-14,2.0816681711721685e-16,6.241855849461325e-11,2.3314683517128287e-15,2.5895952049381776e-13,0.9875,0.9625,1.0,0.0,0.0,0.999999999993517,8.893338891702296e-09,4.7063144884305075
cstr,PSO,optimizer_warm,High,180,9,0.023770898676317202,9.931918669347263e-16,1.633600640004582e-16,9.202556011463239e-14,3.9069513538509113e-16,4.620643229557794e-15,0.9555555555555556,0.9222222222222223,0.9833333333333333,0.0,0.0,0.9999999999999787,3.1666334832092247e-09,4.790810489794239
cstr,PSO,optimizer_warm,Severe,40,2,0.3561024783738303,0.0,0.0,1.8546028562216822e-16,0.0,9.273014281108411e-17,1.0,1.0,1.0,0.5,0.5,1.0,1.4334139430971504e-10,4.778032991453074
cstr,PSO,reference_warm,Benign,520,26,7.788132850453367e-16,2.669145335526448e-16,2.4032896822025708e-17,1.4191281188256395e-14,1.3693063320243954e-16,4.1064363585772224e-16,1.0,1.0,1.0,0.9230769230769231,0.8615384615384616,0.9999887716081273,2.4326800679111987e-08,4.753604982397519
cstr,PSO,reference_warm,Moderate,80,4,0.00812232067606355,1.124100812432971e-14,1.1102230246251563e-16,2.790608618751661e-11,1.3308798507694069e-15,1.3070100557399655e-13,1.0,1.0,1.0,0.0,0.0,0.9999999999988458,4.847424184273308e-09,4.794984502950683
cstr,PSO,reference_warm,High,180,9,0.0237709115076089,1.3853765616148348e-15,1.5983172151994242e-16,2.8506331168079956e-14,3.323511240032175e-16,3.5939214080100806e-15,0.9055555555555556,0.8611111111111112,0.9444444444444444,0.0,0.0,0.9999999999999574,2.7873855203142117e-09,4.794445994775742
cstr,PSO,reference_warm,Severe,40,2,0.3561024783738303,0.0,0.0,1.8546028562216822e-16,0.0,9.273014281108411e-17,1.0,1.0,1.0,0.5,0.5,1.0,4.619382654169612e-11,4.7695749963168055
cstr,SGO,cold,Benign,520,26,1.3264274410646238e-11,1.3245519456762957e-11,1.2697012328472324e-11,1.3361885758619552e-11,1.3242609985049772e-11,1.3282423508580684e-11,1.0,1.0,1.0,0.9615384615384616,0.9230769230769231,0.0,1.4703093837607431e-05,12.675532489083707
cstr,SGO,cold,Moderate,80,4,0.2801878602701604,6.77014384498631e-05,4.094634404614648e-06,0.000817088346850275,1.0285919628594264e-05,0.0001316711711048,0.55,0.4375,0.65,0.0,0.0,0.998972486784394,0.0012507387614250501,12.648652511416001
cstr,SGO,cold,High,180,9,1.0,8.649074003471979e-05,1.592838572739748e-05,0.000636002276952825,5.166731545591168e-05,0.00013304022816735262,0.5166666666666667,0.4444444444444444,0.5944444444444444,0.0,0.0,0.9998501582912678,0.0010271195541722,12.688211500062607
cstr,SGO,cold,Severe,40,2,1.0,2.066720763758304e-07,0.0,9.50164976324664e-05,0.0,9.027073384008024e-06,0.75,0.6,0.875,0.0,0.0,0.9999997933279237,0.00018224518133325,12.552964501082897
cstr,SGO,optimizer_warm,Benign,520,26,3.2004344817129525e-08,1.2823505367292174e-08,3.980125050461809e-09,3.438959315325227e-08,1.0646519119666618e-08,1.5463735893304832e-08,1.0,1.0,1.0,0.9230769230769231,0.5442307692307692,1.2803936799531943e-11,0.00027405720398495,12.639886495890096
cstr,SGO,optimizer_warm,Moderate,80,4,0.0090490920736399,1.2539409059930673e-05,2.106964837826804e-06,9.888713360938446e-05,3.499339387423128e-06,3.45154564637129e-05,0.75,0.65,0.8375,0.0375,0.025,0.9979817663253533,0.00044863298266270004,12.718825004412793
cstr,SGO,optimizer_warm,High,180,9,0.02311118233873075,5.274307920156495e-05,1.0274845357139469e-05,0.0002215387608502,3.726219242618234e-05,6.399852439454324e-05,0.65,0.5777777777777777,0.7166666666666667,0.0,0.005555555555555556,0.997271239025113,0.0007658434521474,12.682401997153647
cstr,SGO,optimizer_warm,Severe,40,2,0.3561024783738303,7.363530944466845e-10,0.0,6.959675886234085e-05,0.0,3.259487975296485e-05,0.775,0.65,0.9,0.5,0.5,0.9998937894823099,1.0878229826649655e-05,12.504698504926639
cstr,SGO,reference_warm,Benign,520,26,7.788132850453367e-16,3.6032118772690533e-16,2.4032896822025708e-17,1.4191281188256395e-14,1.3693063320243954e-16,1.1973054522572984e-15,0.9980769230769231,0.9942307692307693,1.0,0.9230769230769231,0.9230769230769231,0.9997778063100765,2.7102527556734083e-08,12.613124010385945
cstr,SGO,reference_warm,Moderate,80,4,0.00812232067606355,1.597036190914558e-05,2.212585476328685e-06,0.0001661685328536,5.908551207314816e-06,3.845096967236561e-05,0.6875,0.5875,0.7875,0.0,0.0125,0.9979915033667328,0.0004596706529395,12.628237993340008
cstr,SGO,reference_warm,High,180,9,0.0237709115076089,6.784394544628495e-05,9.946953004286859e-06,0.00025867502085509997,4.8952964652349e-05,0.00012791072614255002,0.5444444444444444,0.4722222222222222,0.6166666666666667,0.0,0.0,0.996943407566764,0.00100768695569905,12.649748503463343
cstr,SGO,reference_warm,Severe,40,2,0.3561024783738303,4.9337675506756e-08,0.0,9.811895037914483e-05,0.0,3.968733235780236e-05,0.75,0.6243750000000002,0.875,0.5,0.5,0.9998495006758652,8.90439659574e-05,12.52982699952554
cstr,WOA,cold,Benign,520,26,1.3264274410646238e-11,1.279788461605611e-11,1.0920363127408314e-11,1.3014048192141469e-11,1.2729813938264611e-11,1.2886428796814308e-11,1.0,1.0,1.0,0.9615384615384616,0.028846153846153848,0.026620193934653452,1.4651703448698091e-05,8.401002487516962
cstr,WOA,cold,Moderate,80,4,0.2801878602701604,0.00093345750998,2.7548877068461763e-10,0.18255259529542198,0.0003373898283672,0.0114628642009184,0.3375,0.2375,0.4375,0.0,0.0,0.667167890677989,0.1040561937905577,8.399197002290748
cstr,WOA,cold,High,180,9,1.0,6.781896069743113e-10,1.6259772677564453e-11,0.6824328185716647,1.599141331307106e-10,9.404508867140665e-05,0.5722222222222222,0.5,0.6444444444444445,0.0,0.0,0.9999999992957231,2.0147586851093635e-06,8.446777996141464
cstr,WOA,cold,Severe,40,2,1.0,3.7629891952737934e-13,0.0,0.011361601605713425,0.0,8.529664419196201e-10,0.725,0.575,0.85,0.0,0.0,0.9999999999996236,2.45961055966859e-07,8.406025503063574
cstr,WOA,optimizer_warm,Benign,520,26,1.3367970494394914e-11,1.2951766761612472e-11,1.2330301350408448e-11,1.3072959567099968e-11,1.2916448678279442e-11,1.2975408614617765e-11,0.9673076923076923,0.9519230769230769,0.9826923076923076,0.9038461538461539,0.0,0.0378300825214179,1.4740612926290215e-05,8.40457399317529
cstr,WOA,optimizer_warm,Moderate,80,4,0.00858543413936025,5.98562310827333e-11,2.612521310396687e-12,6.166162279495965e-05,1.1357470519612887e-11,2.03004557608466e-10,0.75,0.65,0.8375,0.0,0.0,0.9999999895532171,3.5413290275232434e-07,8.38052001199685
cstr,WOA,optimizer_warm,High,180,9,0.02423688440226105,2.5181226550644803e-11,4.190642306916278e-12,2.445143377886107e-10,1.5624706995240306e-11,4.089757783694472e-11,0.9222222222222223,0.8777777777777778,0.955694444444445,0.0,0.0,0.9999999993112364,4.1030325347718444e-07,8.405023996601813
cstr,WOA,optimizer_warm,Severe,40,2,0.3561024783738303,3.0656585213344405e-13,0.0,5.900015610948053e-10,0.0,1.6397007502569947e-10,0.825,0.7,0.925,0.5,0.5,0.9999999991007681,2.219784425161464e-07,8.500868003466167
cstr,WOA,reference_warm,Benign,520,26,7.788132850453367e-16,2.4844164447378348e-17,1.276671624509645e-18,1.1346294810315115e-15,1.909551035577299e-17,3.1446692898367216e-17,0.975,0.9615384615384616,0.9865384615384616,0.9230769230769231,0.6923076923076923,0.8169737278473164,1.9839998207450105e-08,8.40497600438539
cstr,WOA,reference_warm,Moderate,80,4,0.00812232067606355,9.434916736772436e-11,7.435552173973292e-12,1.9178551552554075e-06,4.0355330188646115e-11,3.518590974138647e-10,0.7625,0.6625,0.85,0.0,0.0,0.9999999794593915,4.4475310552113956e-07,8.378228492802009
cstr,WOA,reference_warm,High,180,9,0.0237709115076089,3.149477180068006e-11,3.6996860126295265e-12,5.982548238831771e-10,1.950693168262068e-11,5.987639480011936e-11,0.9111111111111111,0.8666666666666667,0.95,0.0,0.0,0.9999999990177889,4.802246795637677e-07,8.446418505627662
cstr,WOA,reference_warm,Severe,40,2,0.3561024783738303,9.273014281108411e-17,0.0,4.901543798229705e-10,0.0,4.483966055629972e-12,0.8,0.675,0.925,0.5,0.5,0.9999999990616756,5.343762043974466e-09,8.552111015887931
flight,GWO,cold,Benign,480,24,4.365997068311799e-06,2.1521013683385777e-10,9.634647296636374e-12,6.17121996813826e-09,1.4318180567133135e-10,4.386248289623007e-10,1.0,1.0,1.0,0.6666666666666666,0.0,0.9999638465050074,8.273984711936148e-05,14.19099599297624
flight,GWO,cold,Moderate,220,11,0.0387304996146472,1.0237772316689514e-06,3.1291468350486134e-07,4.571904746326558e-06,7.487295010395051e-07,1.406093557965865e-06,0.9863636363636363,0.9681818181818181,1.0,0.09090909090909091,0.0,0.9999686174243181,0.00541024791454275,14.073958504013715
flight,GWO,cold,High,100,5,1.0,3.008204328621016e-05,3.63095202554853e-06,6.421055808767802e-05,1.780545128936366e-05,4.348556505237577e-05,0.84,0.77,0.91,0.0,0.0,0.9999699179567139,0.036299776778256104,13.960473996121436
flight,GWO,cold,Severe,20,1,1.0,9.155918859045787e-09,4.085912375121801e-09,3.0402853781618175e-08,4.642333522849724e-09,2.3963213410747438e-08,1.0,1.0,1.0,0.0,0.0,0.9999999908440811,0.00081191350271295,14.11658500728663
flight,GWO,optimizer_warm,Benign,480,24,9.851250069419159e-08,2.9170404147708437e-10,1.6675941004653554e-11,8.498077790216216e-09,1.6410583452749615e-10,5.296883773950517e-10,1.0,1.0,1.0,0.9979166666666667,0.010416666666666666,0.9959198001165082,0.0001019624685915,14.087421004660428
flight,GWO,optimizer_warm,Moderate,220,11,0.00087899061360645,1.479639961493931e-06,2.967077525368057e-07,5.2216715948436715e-06,9.904485533569762e-07,2.0821950275418766e-06,0.9818181818181818,0.9636363636363636,0.9954545454545455,0.004545454545454545,0.0,0.9989750327857294,0.0058991114904864,13.99127149488777
flight,GWO,optimizer_warm,High,100,5,0.01361588374144525,3.662504080259876e-05,1.2628067178588394e-05,9.781557170546254e-05,2.6904156266689576e-05,5.150441996000867e-05,0.75,0.66,0.83,0.0,0.0,0.9981939817278973,0.0397344321506777,13.95793299889192
flight,GWO,optimizer_warm,Severe,20,1,1.0,3.699567084537892e-09,3.5605230915248747e-10,1.3716673758161564e-08,3.9629658128333524e-10,1.1354472751044108e-08,1.0,1.0,1.0,0.0,0.0,0.9999999963004329,0.0005173862734125,14.123429005849175
flight,GWO,reference_warm,Benign,480,24,1.0219835058372238e-07,2.442493663486471e-10,9.424406226079191e-12,6.6789820845792745e-09,1.4331398764391102e-10,4.89774924429101e-10,1.0,1.0,1.0,1.0,0.00625,0.9964568637661682,8.234511366327492e-05,14.084049500524998
flight,GWO,reference_warm,Moderate,220,11,0.0009047544157472,1.3346540929555506e-06,2.430763346627976e-07,5.567651967693099e-06,9.873020972942653e-07,1.8650545770340643e-06,0.9818181818181818,0.9636363636363636,0.9954545454545455,0.0,0.0,0.9988576266783863,0.0062327220614262005,14.008495985763147
flight,GWO,reference_warm,High,100,5,0.014239254547644,2.5627729680186682e-05,3.3744996784302524e-06,6.731672515790804e-05,1.819024685063774e-05,3.679735097662711e-05,0.86,0.79,0.92,0.0,0.0,0.9984320797250588,0.0317804551633481,14.07576100609731
flight,GWO,reference_warm,Severe,20,1,1.0,6.282334357297526e-10,1.4741748300979027e-10,2.6786304480869596e-09,2.1158479438559153e-10,2.4780802822977417e-09,1.0,1.0,1.0,0.0,0.0,0.9999999993717665,0.00021349060364045,14.111946496996097
flight,PSO,cold,Benign,480,24,4.365997068311799e-06,2.863487306869641e-06,2.0679639138463815e-07,1.479437971378875e-05,2.3794333115013434e-06,3.455185274665508e-06,0.9791666666666666,0.9666666666666667,0.9916666666666667,0.6666666666666666,0.5270833333333333,0.0,0.0100752998180282,3.789265494560823
flight,PSO,cold,Moderate,220,11,0.0387304996146472,1.7079571549568514e-05,5.29975229961871e-06,4.52840973979914e-05,1.4065551823785971e-05,2.039585330924215e-05,0.9363636363636364,0.9045454545454545,0.9636363636363636,0.09090909090909091,0.00909090909090909,0.9993876846554244,0.023259989975064302,3.7893234984949227
flight,PSO,cold,High,100,5,1.0,2.109529456666277e-06,5.004141923814647e-07,9.797282289743314e-06,1.2658844447403027e-06,4.575040898516492e-06,0.98,0.95,1.0,0.0,0.0,0.9999978904705433,0.0095955183416203,3.812926996033639
flight,PSO,cold,Severe,20,1,1.0,1.6123703520235549e-09,6.289786367667206e-10,8.112607387630032e-09,7.643332649055183e-10,6.9537704074654136e-09,1.0,1.0,1.0,0.0,0.0,0.9999999983876295,0.00034186299509725,3.8080764934420586
flight,PSO,optimizer_warm,Benign,480,24,9.312739422635949e-06,3.57690969570086e-06,1.0677835015326888e-06,1.0173057873222367e-05,2.9201568247756684e-06,4.292958299569322e-06,1.0,1.0,1.0,0.9354166666666667,0.5041666666666667,8.190053474555233e-13,0.01022563687100655,3.792979012359865
flight,PSO,optimizer_warm,Moderate,220,11,0.0009299602270666999,1.4706436070446426e-05,4.086463844169496e-06,3.4002638915925365e-05,1.1487398486012546e-05,1.7730502361049116e-05,0.9363636363636364,0.9,0.9681818181818181,0.045454545454545456,0.00909090909090909,0.991186243333444,0.01807569818030605,3.7879760056966916
flight,PSO,optimizer_warm,High,100,5,0.014109228750471,3.479968994864734e-06,3.7300930996249535e-07,1.2286311267471546e-05,1.6742112137658284e-06,5.678948497639155e-06,0.96,0.92,0.99,0.0,0.0,0.9998532146539988,0.012431084401289351,3.738298997632228
flight,PSO,optimizer_warm,Severe,20,1,1.0,1.5581015898571557e-08,1.4748245607545566e-09,7.087555748029835e-08,2.2213427745656733e-09,4.712620310262245e-08,1.0,1.0,1.0,0.0,0.0,0.9999999844189841,0.0010635733594639,3.7419785076053813
flight,PSO,reference_warm,Benign,480,24,1.0219835058372238e-07,9.728285193006298e-08,6.562819310445767e-09,2.937708783178372e-06,2.3287507095194752e-08,1.1830263992451882e-07,1.0,1.0,1.0,1.0,0.8083333333333333,4.619773690213953e-13,0.0018500511232703,3.788560497923754
flight,PSO,reference_warm,Moderate,220,11,0.0009047544157472,2.0858160573535706e-05,6.4741137758795794e-06,4.514239790169572e-05,1.593215789419812e-05,2.4046479299052697e-05,0.9227272727272727,0.8863636363636364,0.9545454545454546,0.0,0.004545454545454545,0.986252922091333,0.0215382298411286,3.7902449985267594
flight,PSO,reference_warm,High,100,5,0.014239254547644,2.53296549818109e-06,3.9307947667512266e-07,9.111703363721509e-06,1.5599673432566308e-06,4.641065851262808e-06,0.97,0.93,1.0,0.0,0.0,0.9998780440717538,0.0111881950101877,3.7534239963861182
flight,PSO,reference_warm,Severe,20,1,1.0,1.5122553588689566e-09,2.685872320833599e-10,8.595524353805053e-09,4.07238792858613e-10,6.086066482465209e-09,1.0,1.0,1.0,0.0,0.0,0.9999999984877447,0.000330847331695,3.7391520017990842
flight,SGO,cold,Benign,480,24,4.365997068311799e-06,2.9028127660007356e-09,1.256009670596703e-10,7.612734064758937e-08,1.7629663714012327e-09,4.911169194989939e-09,0.9875,0.9770833333333333,0.9958333333333333,0.6666666666666666,0.0,0.9996660343941326,0.00024210733908780003,14.485731502645649
flight,SGO,cold,Moderate,220,11,0.0387304996146472,9.792634545577328e-06,1.004687825962615e-06,0.00014409179959885002,6.88498289725184e-06,1.7015863158012495e-05,0.7136363636363636,0.65,0.7727272727272727,0.09090909090909091,0.0,0.9996307835171857,0.012782143833035251,14.439050501096062
flight,SGO,cold,High,100,5,1.0,0.0006732411650965,5.119607168152537e-05,0.011947412577825925,0.00022432892713880002,0.0018428701277036,0.33,0.24,0.42,0.0,0.0,0.9993267588349034,0.12271238709304061,14.510067994706333
flight,SGO,cold,Severe,20,1,1.0,2.1057348558691708e-05,3.9145010418390285e-07,0.023535872450761875,7.682106423386445e-07,0.0167371574953311,0.6,0.4,0.8,0.0,0.0,0.9999789426514414,0.0373543822545252,14.39394851331599
flight,SGO,optimizer_warm,Benign,480,24,1.109923063546706e-07,9.503247499439688e-10,6.309114571861612e-11,2.641543679318787e-08,6.232325380938126e-10,1.7991187405313718e-09,0.9979166666666667,0.99375,1.0,0.9833333333333333,0.016666666666666666,0.984425307397599,0.0001356898617463,14.461754501098767
flight,SGO,optimizer_warm,Moderate,220,11,0.0009402912643185,5.5370112178217135e-06,7.129686915401112e-07,5.116864701576289e-05,3.39855591242888e-06,1.0803085106126646e-05,0.8,0.7454545454545455,0.8545454545454545,0.00909090909090909,0.0,0.994725353100268,0.0102011790053171,14.445712004089728
flight,SGO,optimizer_warm,High,100,5,0.0195312923266755,0.0001612995393849,4.632293024737373e-05,0.000692205238262125,0.000117467270027,0.00023978609028279998,0.39,0.29,0.49,0.01,0.02,0.9912009270857409,0.06942531221534975,14.548439998179674
flight,SGO,optimizer_warm,Severe,20,1,1.0,2.1706646840997328e-05,1.4926449571926236e-06,0.049430389216769476,1.7276100720330558e-06,0.029372085224200248,0.55,0.35,0.75,0.0,0.0,0.9999782933531589,0.0372230566248631,14.49958750163205
flight,SGO,reference_warm,Benign,480,24,1.0219835058372238e-07,1.046228563061818e-09,7.063254658337575e-11,3.4073419197647675e-08,7.322205592570692e-10,2.351545389577621e-09,1.0,1.0,1.0,1.0,0.016666666666666666,0.9793231600527548,0.000152881818684,14.464214502368122
flight,SGO,reference_warm,Moderate,220,11,0.0009047544157472,5.682035452436035e-06,1.2056205056475144e-06,4.1838793267941564e-05,3.6937696997196845e-06,8.68629986863767e-06,0.8636363636363636,0.8181818181818182,0.9090909090909091,0.0,0.0,0.9940310456115633,0.01063719027773625,14.456687509664334
flight,SGO,reference_warm,High,100,5,0.014239254547644,0.00014069562500435,3.981678566321005e-05,0.000335641758915375,8.129953861593924e-05,0.0002055166359853,0.45,0.35,0.55,0.0,0.0,0.990791766429626,0.05874045445647915,14.50829098757822
flight,SGO,reference_warm,Severe,20,1,1.0,2.622082818583871e-06,5.729440560785192e-07,0.029735284034084077,7.675661381260342e-07,0.0243193830918133,0.6,0.4,0.8,0.0,0.0,0.9999973779171814,0.0137914886125587,14.50919100898318
flight,WOA,cold,Benign,480,24,4.365997068311799e-06,3.2813489158443486e-09,8.101828260053877e-11,1.2075962961280563e-07,2.0055474793147486e-09,6.476716118450412e-09,0.99375,0.9854166666666667,1.0,0.6666666666666666,0.0,0.9996131623571043,0.00025099634360785004,8.43169649306219
flight,WOA,cold,Moderate,220,11,0.0387304996146472,5.894867347987914e-06,5.075368129572183e-07,5.2335813286796123e-05,4.14476911846564e-06,9.680247072250004e-06,0.8090909090909091,0.7545454545454545,0.8590909090909091,0.09090909090909091,0.0,0.9998523462451392,0.009534539419482499,8.383407490327954
flight,WOA,cold,High,100,5,1.0,1.7260173305942635e-06,1.7338276424320855e-08,1.8854069356306152e-05,5.830453898576458e-07,3.1736299418073415e-06,0.88,0.81,0.94,0.0,0.0,0.9999982739826694,0.0064187936073356,8.40295800298918
flight,WOA,cold,Severe,20,1,1.0,4.1773581861359104e-13,1.7274153043552318e-13,1.1644423732953086e-11,1.809644384296538e-13,6.328918340335452e-12,1.0,1.0,1.0,0.0,0.0,0.9999999999995823,5.4980306026797265e-06,8.464749495033175
flight,WOA,optimizer_warm,Benign,480,24,1.1500253433532579e-07,4.1431121140349823e-10,1.3404123138246444e-11,1.1387084426601958e-08,2.192509835360497e-10,7.655139223136377e-10,1.0,1.0,1.0,0.9916666666666667,0.0,0.9939275550138049,7.922367702179031e-05,8.408406501985155
flight,WOA,optimizer_warm,Moderate,220,11,0.00097192659891335,1.6975666176574644e-06,1.7320663958490543e-07,1.252293797766868e-05,1.0859077580905457e-06,2.9182517842685853e-06,0.9454545454545454,0.9136363636363637,0.9727272727272728,0.0,0.0,0.9982890816225214,0.00468513810703275,8.415793985477649
flight,WOA,optimizer_warm,High,100,5,0.0142596334055394,1.2940001313534776e-06,6.038450475350771e-08,7.995697640512192e-06,5.356930316272205e-07,2.40182251993114e-06,0.96,0.92,0.99,0.0,0.0,0.9999351252775708,0.0050007984384779994,8.405934000620618
flight,WOA,optimizer_warm,Severe,20,1,1.0,3.7474693932074645e-13,1.2754576774719502e-13,2.0651591577023904e-12,1.5423998744872934e-13,1.4484410581425947e-12,1.0,1.0,1.0,0.0,0.0,0.9999999999996252,5.212755120775903e-06,8.559120004065335
flight,WOA,reference_warm,Benign,480,24,1.0219835058372238e-07,3.627749932608924e-10,1.2674072932226909e-11,1.4669314102781848e-08,2.0212407600079474e-10,5.8052319635178e-10,1.0,1.0,1.0,1.0,0.0,0.9926328982930501,7.319143888993168e-05,8.420278987614438
flight,WOA,reference_warm,Moderate,220,11,0.0009047544157472,1.3262078500438784e-06,1.3928566335887334e-07,9.48737588221671e-06,7.2949961630632e-07,2.0562195811868467e-06,0.9590909090909091,0.9318181818181818,0.9818181818181818,0.0,0.0,0.9989699594379751,0.0040305107691965,8.405227505136281
flight,WOA,reference_warm,High,100,5,0.014239254547644,2.813418883126429e-07,4.05021126032973e-09,4.2226557012777535e-06,9.42785671237039e-08,6.256621517542183e-07,0.97,0.93,1.0,0.0,0.0,0.9999886835392934,0.0026192158198681,8.443600992904976
flight,WOA,reference_warm,Severe,20,1,1.0,1.1554394982929112e-13,1.5810959121067312e-14,8.85020704147697e-13,1.7473679487527545e-14,7.709580870085249e-13,1.0,1.0,1.0,0.0,0.0,0.9999999999998844,2.861219561722805e-06,8.61779299157206
hvac,GWO,cold,Benign,640,32,0.029149533538306252,4.256522095534565e-06,1.6056804363739213e-06,2.2372789816690886e-05,3.7835588198915093e-06,4.768355967320337e-06,0.8703125,0.84375,0.8953125,0.0,0.0,0.9998721535311106,0.0205493512973682,18.277115013916045
hvac,GWO,optimizer_warm,Benign,640,32,1.1016922619906666e-06,7.91659268308334e-07,2.3373592968100115e-07,1.3370377299655456e-05,6.924271782789149e-07,9.654608632619563e-07,0.925,0.9046875,0.9453125,0.8421875,0.7078125,0.0,0.00886215885853825,18.239523502415977
hvac,GWO,reference_warm,Benign,640,32,7.526054117759641e-08,2.979337801987947e-08,6.143845011734317e-10,5.498241475748733e-06,7.372965550589416e-09,1.0802985453764459e-07,1.0,1.0,1.0,0.96875,0.903125,0.0,0.0016777319563890999,18.230139001389038
hvac,PSO,cold,Benign,640,32,0.029149533538306252,1.5875906271903273e-08,2.5297197132206906e-09,1.0845936996000533e-07,1.3880894583068182e-08,2.0919387042073193e-08,0.9921875,0.984375,0.9984375,0.0,0.0,0.9999995843467349,0.0014618833552641499,4.800763010280207
hvac,PSO,optimizer_warm,Benign,640,32,3.819382756245493e-08,6.112909241295926e-10,9.570491897807539e-11,3.6558062271874192e-09,4.45541544630279e-10,8.188668253041679e-10,1.0,1.0,1.0,0.96875,0.1140625,0.9672118345534808,0.00028143442505895,4.781909985467792
hvac,PSO,reference_warm,Benign,640,32,7.526054117759641e-08,5.816378297794653e-10,1.4915394440373484e-10,4.852186349761645e-09,4.5415587048728984e-10,7.398417893079991e-10,1.0,1.0,1.0,0.96875,0.128125,0.9583445928469282,0.00027156607011435,4.771031497512013
hvac,SGO,cold,Benign,640,32,0.029149533538306252,0.0001480441646314,5.357726349094995e-05,0.00042268804947297504,0.0001242623608794,0.00016620256389555,0.403125,0.3655859375,0.440625,0.0,0.0,0.9966385185376734,0.12840765582620975,12.404091001371853
hvac,SGO,optimizer_warm,Benign,640,32,1.2190334311150408e-05,9.75242396267749e-06,3.0562838741086604e-06,6.12869509554034e-05,7.919333581903748e-06,1.1454903997391295e-05,0.796875,0.765625,0.8265625,0.746875,0.8375,0.0,0.031524861299474696,12.347934985882603
hvac,SGO,reference_warm,Benign,640,32,7.526054117759641e-08,2.979337801987947e-08,6.143845011734317e-10,7.244898063562586e-06,7.372965550589416e-09,1.0802985453764459e-07,1.0,1.0,1.0,0.96875,0.9390625,0.0,0.0016777319563890999,12.38113598083146
hvac,WOA,cold,Benign,640,32,0.029149533538306252,5.2998051647497324e-05,1.2162349546654232e-05,0.00020869212523347503,4.213649860787538e-05,6.3143086401307e-05,0.6375,0.5984375,0.6734375,0.0,0.0,0.9987180317278104,0.07657277370185735,8.199450996471569
hvac,WOA,optimizer_warm,Benign,640,32,9.675901426441091e-08,3.5507070807877517e-09,2.1930845507667216e-10,5.774233266045425e-07,1.9615063635847196e-09,8.209793173410973e-09,1.0,1.0,1.0,0.9609375,0.03125,0.8195144007394362,0.0005934473794256001,8.197744507924654
hvac,WOA,reference_warm,Benign,640,32,7.526054117759641e-08,2.555449723357084e-10,1.5818988480242876e-11,1.9171621238855905e-07,2.0815583284816694e-10,4.214589649498279e-10,1.0,1.0,1.0,0.96875,0.03125,0.9657902673199668,0.00017005687364565,8.181515513570048
pendcart,GWO,cold,Benign,480,24,4.481596807238325e-06,4.618974846430212e-14,1.9366866568755583e-15,1.5661507354053773e-12,2.9656049728037554e-14,8.781776811569995e-14,1.0,1.0,1.0,0.75,0.0,0.9999999755809559,6.031390431158416e-07,35.193676987546496
pendcart,GWO,cold,Moderate,240,12,0.013301100260558099,3.4067374529017647e-10,2.278753238622172e-11,5.632341950473352e-09,1.897974008860381e-10,6.528145758341596e-10,1.0,1.0,1.0,0.08333333333333333,0.0,0.9999999729864026,5.179583070807903e-05,35.14002400333993
pendcart,GWO,cold,High,180,9,1.0,7.306013651840476e-09,4.68714365036171e-10,4.063560743279658e-08,4.5066202277391825e-09,1.1164980414158696e-08,1.0,1.0,1.0,0.0,0.0,0.9999999801879917,0.0002787289434664,35.32675998576451
pendcart,GWO,optimizer_warm,Benign,480,24,6.233672963135961e-07,6.524224022375703e-14,2.2472388164114323e-15,2.1442920751137134e-12,3.8892627968677254e-14,1.3309825789252494e-13,1.0,1.0,1.0,0.9166666666666666,0.0,0.9999997172708067,7.167135515310109e-07,35.2558059967123
pendcart,GWO,optimizer_warm,Moderate,240,12,0.0004893720674307501,6.183717815415063e-10,2.4812675622921245e-11,8.486921720951557e-09,3.4394749468241036e-10,1.2995517509328813e-09,1.0,1.0,1.0,0.08333333333333333,0.0,0.9999994409321336,6.977193965795186e-05,35.050068006967194
pendcart,GWO,optimizer_warm,High,180,9,0.050737764559537046,9.245159280806229e-09,6.314291381426251e-10,5.6943705990986765e-08,4.472075436200336e-09,1.6626050612137793e-08,1.0,1.0,1.0,0.0,0.0,0.9999998772656689,0.0003038098260459,35.326716999406926
pendcart,GWO,reference_warm,Benign,480,24,6.22028214400715e-07,5.653744599630429e-14,1.5025938850235293e-15,2.3723346133001184e-12,3.245313472459914e-14,9.087667692813548e-14,1.0,1.0,1.0,0.9166666666666666,0.0,0.9999996974311042,6.672679471212903e-07,35.27163948456291
pendcart,GWO,reference_warm,Moderate,240,12,0.00049075418283125,5.47305461476473e-10,2.8225910866409853e-11,6.368181662552708e-09,2.3635658762208994e-10,9.66218412971985e-10,1.0,1.0,1.0,0.08333333333333333,0.0,0.9999996304834358,6.563534181273228e-05,34.98432200285606
pendcart,GWO,reference_warm,High,180,9,0.0507781423440105,8.364920425588508e-09,4.818355676931829e-10,5.1626966420294624e-08,4.931280612239672e-09,1.4171031204171942e-08,1.0,1.0,1.0,0.0,0.0,0.9999998352653319,0.00031464132033625,35.365927004022524
pendcart,PSO,cold,Benign,480,24,4.481596807238325e-06,6.1584592369475925e-09,1.0980732424630761e-09,3.157980848813402e-08,4.4835499085433235e-09,8.17274368359942e-09,1.0,1.0,1.0,0.75,0.09791666666666667,0.998604594755219,0.00022022921334695,25.41335749265272
pendcart,PSO,cold,Moderate,240,12,0.013301100260558099,9.365071065858823e-09,1.147965813011985e-09,4.0321348822314196e-08,7.350619138542236e-09,1.1977379199556992e-08,1.0,1.0,1.0,0.08333333333333333,0.0,0.9999997991484275,0.00027158474200104997,25.29786399099976
pendcart,PSO,cold,High,180,9,1.0,3.2747702332511733e-09,3.635158920883327e-10,1.6811060699756242e-08,1.911860696800257e-09,6.036509625495512e-09,1.0,1.0,1.0,0.0,0.0,0.9999999919049198,0.00019853555291144998,25.48909700999502
pendcart,PSO,optimizer_warm,Benign,480,24,4.953338383710292e-07,4.344620512031246e-09,9.417052805651448e-10,2.0482209842602765e-08,3.1357370069761187e-09,5.9233628295682015e-09,1.0,1.0,1.0,0.9270833333333334,0.1875,0.9895483440770768,0.0001849512568014,25.472836001426913
pendcart,PSO,optimizer_warm,Moderate,240,12,0.0004961727385927,1.3482395804821634e-08,1.8257324974763063e-09,4.524844269431818e-08,1.0033102251782998e-08,1.8760749469697935e-08,1.0,1.0,1.0,0.08333333333333333,0.0,0.9999877471514707,0.00032585544010715,25.292023507063277
pendcart,PSO,optimizer_warm,High,180,9,0.05007840403583315,1.936890536846647e-09,2.2116235645878599e-10,1.9349647724715343e-08,1.1500828549662577e-09,2.9649707557619836e-09,1.0,1.0,1.0,0.0,0.0,0.99999996173941,0.00014754859774905,25.605071525205858
pendcart,PSO,reference_warm,Benign,480,24,6.22028214400715e-07,3.435456976509256e-09,4.663916148357934e-10,1.9999371947874078e-08,2.619574435940357e-09,6.002981222939219e-09,1.0,1.0,1.0,0.9166666666666666,0.15,0.9845927489677345,0.00016449036487975,25.454212998738512
pendcart,PSO,reference_warm,Moderate,240,12,0.00049075418283125,7.893519718936426e-09,1.0774217375480314e-09,3.6859520686962494e-08,4.4421690058998875e-09,1.0859589805173451e-08,1.0,1.0,1.0,0.08333333333333333,0.0,0.999993794367951,0.0002493353858146,25.303399001131766
pendcart,PSO,reference_warm,High,180,9,0.0507781423440105,3.0209779868965846e-09,3.9991273714850207e-10,1.6176195157674433e-08,2.135577680968344e-09,5.423814891164739e-09,1.0,1.0,1.0,0.0,0.0,0.9999999109358104,0.00019444085657790002,25.602063498809002
pendcart,SGO,cold,Benign,480,24,4.481596807238325e-06,9.613029787115126e-12,3.326088931562218e-13,2.0461500430560133e-10,6.57796731039044e-12,1.5905142387923668e-11,1.0,1.0,1.0,0.75,0.0,0.9999969595272307,8.701210465176384e-06,41.38352000154555
pendcart,SGO,cold,Moderate,240,12,0.013301100260558099,2.0182638439843192e-08,2.504986944653134e-09,2.029203100360061e-07,1.356746588687674e-08,3.421588093341366e-08,1.0,1.0,1.0,0.08333333333333333,0.0,0.9999985964628928,0.00039868861226215,41.22707799251657
pendcart,SGO,cold,High,180,9,1.0,5.977820214583736e-07,4.873751670878542e-08,2.893843930398828e-06,3.24092675373656e-07,8.64792298749111e-07,0.9944444444444445,0.9833333333333333,1.0,0.0,0.0,0.9999983848587468,0.0024063858777749,41.4781789877452
pendcart,SGO,optimizer_warm,Benign,480,24,5.01006186753818e-07,7.28772248365121e-12,3.1056841290239096e-13,1.9589748106924637e-10,4.882251756324865e-12,1.3629366156454794e-11,1.0,1.0,1.0,0.9166666666666666,0.008333333333333333,0.9999769125123588,7.575878148847592e-06,41.593982503400184
pendcart,SGO,optimizer_warm,Moderate,240,12,0.00047728420052535003,2.956509074776397e-08,1.6115095033148589e-09,4.066748901521145e-07,1.3809747609339064e-08,6.06147268732149e-08,1.0,1.0,1.0,0.08333333333333333,0.016666666666666666,0.9999764866701726,0.00048253830454385,41.18872751132585
pendcart,SGO,optimizer_warm,High,180,9,0.050738104782732996,4.733385859183755e-07,3.2480377500307516e-08,3.833862603404853e-06,3.2665221226405146e-07,7.384814720455418e-07,1.0,1.0,1.0,0.0,0.0,0.9999908306299482,0.0023128713113279003,41.554067996912636
pendcart,SGO,reference_warm,Benign,480,24,6.22028214400715e-07,6.817354992678715e-12,3.357270181204165e-13,2.920377799001223e-10,4.8326107858812604e-12,1.2807165466221499e-11,1.0,1.0,1.0,0.9166666666666666,0.008333333333333333,0.9999708049128232,7.3271801579866255e-06,41.56861899537034
pendcart,SGO,reference_warm,Moderate,240,12,0.00049075418283125,2.4548733494351302e-08,1.529504439822058e-09,4.932494490073047e-07,1.2342165153170909e-08,4.528594399998143e-08,1.0,1.0,1.0,0.08333333333333333,0.0125,0.9999844690310875,0.0004397083327103,41.23126900231
pendcart,SGO,reference_warm,High,180,9,0.0507781423440105,6.101976768835047e-07,5.88979059716011e-08,3.6592711110129746e-06,4.416328619680221e-07,1.0802860990019136e-06,1.0,1.0,1.0,0.0,0.0,0.9999872474575814,0.0025812703808324,41.58351698424667
pendcart,WOA,cold,Benign,480,24,4.481596807238325e-06,1.3947489354950625e-17,1.7791104012367088e-19,6.51162454492815e-16,5.769511980663463e-18,2.3648312854392808e-17,1.0,1.0,1.0,0.75,0.0,0.9999999999959293,1.0481809167264995e-08,33.44696600106545
pendcart,WOA,cold,Moderate,240,12,0.013301100260558099,6.600595721037439e-14,4.0588192529167344e-15,1.1324723710876006e-12,3.9406656106646953e-14,1.25972420429027e-13,1.0,1.0,1.0,0.08333333333333333,0.0,0.9999999999960216,7.209770290575457e-07,33.2366344955517
pendcart,WOA,cold,High,180,9,1.0,1.6741438745000515e-12,5.754026527321658e-14,9.280630346164925e-12,7.719055511070752e-13,2.7030541642612237e-12,1.0,1.0,1.0,0.0,0.0,0.999999999996222,4.191906475159435e-06,33.58426901104394
pendcart,WOA,optimizer_warm,Benign,480,24,6.221188812196294e-07,2.6010052469574614e-17,3.2474449104341824e-19,9.39484899381213e-16,1.3926915718755206e-17,4.1648169956408076e-17,1.0,1.0,1.0,0.9166666666666666,0.0,0.9999999998975295,1.431279883371342e-08,33.29867201682646
pendcart,WOA,optimizer_warm,Moderate,240,12,0.00049074761360035,1.1438766600591066e-13,8.296260813750456e-15,2.5876419063042277e-12,7.174167943740927e-14,2.1589388263243458e-13,1.0,1.0,1.0,0.08333333333333333,0.0,0.9999999998625841,9.49161691576883e-07,33.223274498595856
pendcart,WOA,optimizer_warm,High,180,9,0.05077875354162925,2.8510049041592663e-12,2.583019825759622e-13,1.8034332369508764e-11,1.3362233842322443e-12,3.92950485614002e-12,1.0,1.0,1.0,0.0,0.0,0.9999999999474395,5.3615763333514366e-06,33.44966599252075
pendcart,WOA,reference_warm,Benign,480,24,6.22028214400715e-07,2.9920591828810905e-17,7.397244607490212e-19,9.947071064983384e-16,1.9185785946232534e-17,5.1882462085220404e-17,1.0,1.0,1.0,0.9166666666666666,0.0,0.9999999998847274,1.5352123744136192e-08,33.385387490852736
pendcart,WOA,reference_warm,Moderate,240,12,0.00049075418283125,1.2517515236148968e-13,7.915109540013177e-15,3.3634195688997393e-12,6.774105744660614e-14,2.7439162053610744e-13,1.0,1.0,1.0,0.08333333333333333,0.0,0.9999999998678097,9.929089002241875e-07,33.23111298959702
pendcart,WOA,reference_warm,High,180,9,0.0507781423440105,2.2641749586327364e-12,1.0196786172806393e-13,1.3494088134982655e-11,1.2920996377317898e-12,3.302474996600352e-12,1.0,1.0,1.0,0.0,0.0,0.9999999999575682,5.017768565707126e-06,33.41884899418801
uav,GWO,cold,Benign,580,29,3.897978341000818e-10,1.6198502785758646e-13,4.931110495397394e-14,8.809137628031924e-13,1.3457609326426081e-13,2.2539246146517882e-13,1.0,1.0,1.0,0.9655172413793104,0.0,0.9996226223700266,8.455835302108133e-09,22.593346511712298
uav,GWO,cold,Moderate,180,9,0.0268758938716321,1.2237417820429308e-05,8.738315333151623e-07,0.00010204444863464247,5.591026447430286e-06,2.3770041658276873e-05,0.75,0.6833333333333333,0.8111111111111111,0.2222222222222222,0.0,0.9993136873964008,8.916900067443937e-05,22.636918001808226
uav,GWO,cold,High,200,10,1.0,0.000291671706017,9.362851896506375e-05,0.0007426726778785,0.00023652360321845377,0.00038070270679590003,0.26,0.2,0.32,0.0,0.0,0.9995535870489378,0.00058350732337125,22.570114495465532
uav,GWO,cold,Severe,160,8,1.0,0.00026036556114165,5.2383640977820534e-05,0.000600020538231475,0.00017661604322855002,0.0003148082212838,0.35,0.275,0.425,0.125,0.0,0.9996067883040346,0.0005876615431440501,22.62274250097107
uav,GWO,optimizer_warm,Benign,580,29,3.8935422573612385e-10,1.6133385772437602e-13,4.5626136975245865e-14,8.238822028752043e-13,1.3187773462917837e-13,1.9902618297762795e-13,1.0,1.0,1.0,1.0,0.0034482758620689655,0.9995643558314762,8.02190819941321e-09,22.589776490349323
uav,GWO,optimizer_warm,Moderate,180,9,0.00193066345607565,1.1605300010811802e-05,6.831083136362923e-07,5.818659757396854e-05,5.820459530708755e-06,1.691220371212581e-05,0.8055555555555556,0.7444444444444445,0.8611111111111112,0.022222222222222223,0.0,0.9950792974868439,6.758125604410113e-05,22.63267949456349
uav,GWO,optimizer_warm,High,200,10,0.0582027081545958,0.00025907177501959997,0.00012208655797809999,0.0005385539016966999,0.0002283926735286,0.00032600157115691774,0.205,0.15487500000000004,0.26,0.0,0.0,0.9954377028642056,0.0005618820488556501,22.58673799224198
uav,GWO,optimizer_warm,Severe,160,8,0.17829901004495058,0.0002475943288182,4.904151139311928e-05,0.000630323955760325,0.0001788740703503,0.00034559076897545,0.3375,0.2625,0.4125,0.125,0.0,0.9987274815351967,0.0005554746746367,22.60188049694989
uav,GWO,reference_warm,Benign,580,29,4.2496119393381706e-11,1.0973991064515073e-13,4.1887896680622694e-14,5.006470837605966e-13,9.613919851766567e-14,1.2855010682337768e-13,1.0,1.0,1.0,1.0,0.02586206896551724,0.9967582284299122,6.477432530693697e-09,22.543595492606983
uav,GWO,reference_warm,Moderate,180,9,0.0014178608107282,6.4942775815646225e-06,6.484814963282799e-07,3.935107446455949e-05,3.332356622746946e-06,8.983472236273257e-06,0.8388888888888889,0.7833333333333333,0.8944444444444445,0.1111111111111111,0.0,0.9943388382367746,6.198242824902303e-05,22.594648995436728
uav,GWO,reference_warm,High,200,10,0.05845570901402345,0.00022325840373975002,7.648904948577104e-05,0.0006592908173507251,0.00018065664497945002,0.0002797326485649,0.31,0.245,0.38,0.0,0.0,0.9949106744429825,0.0005070283336336,22.610059997532517
uav,GWO,reference_warm,Severe,160,8,0.17752566984763035,0.000333128212876,4.359625507337493e-05,0.000771607967344175,0.0002363879316387,0.00041664617879515,0.34375,0.26875,0.41875,0.125,0.0,0.9984445737835979,0.00055956798927835,22.598537005251274
uav,PSO,cold,Benign,580,29,3.897978341000818e-10,3.897978341000818e-10,2.1799407988572902e-10,1.753902534092312e-09,3.893561300817264e-10,4.2622919005144965e-10,0.9655172413793104,0.95,0.9793103448275862,0.9655172413793104,0.9482758620689655,0.0,1.3107594240237244e-07,4.543770497548394
uav,PSO,cold,Moderate,180,9,0.0268758938716321,0.0018558122126774,0.00026223785087132497,0.006356305979238725,0.001231202645305,0.0024444545417503,0.2388888888888889,0.17777777777777778,0.3,0.2222222222222222,0.2111111111111111,0.7522896957107579,0.00063915234135735,4.563590002362616
uav,PSO,cold,High,200,10,1.0,0.0049516848383232,0.0007605624943116,0.018413977292707124,0.0030697292085425,0.00612623142524091,0.05,0.02,0.085,0.0,0.035,0.9892214680285765,0.0023187755351756,4.552514496026561
uav,PSO,cold,Severe,160,8,1.0,0.0023853365301103,0.000108023301712975,0.00848951785327535,0.0016217016822792725,0.0035706225894503,0.24375,0.18125,0.3125,0.125,0.125,0.9938347812002888,0.00161186228879925,4.57890699908603
uav,PSO,optimizer_warm,Benign,580,29,0.014231907101938099,0.0030825750299765,0.00118376575743175,0.00841120187917615,0.0026767887216064,0.00389318639226485,0.017241379310344827,0.006896551724137931,0.027586206896551724,0.0,0.10172413793103448,0.6780562718485257,0.0010600395334875502,4.550301993731409
uav,PSO,optimizer_warm,Moderate,180,9,0.04764042017499465,0.008146345093176102,0.00237835084356865,0.13668983806572688,0.00492227324496765,0.0148288228941299,0.0,0.0,0.0,0.0,0.044444444444444446,0.665405887918914,0.0023291118377076,4.554356492008083
uav,PSO,optimizer_warm,High,200,10,0.13563668329165415,0.01007044659833295,0.0021403387246947,0.11826162028008293,0.0055838499334304,0.014615565412398598,0.005,0.0,0.015,0.0,0.005,0.9172987385927727,0.0041008493027958,4.558929998893291
uav,PSO,optimizer_warm,Severe,160,8,0.5548191493017613,0.00764803732023925,0.001266061027764325,0.22780757622220266,0.00394167135697205,0.0151559308109103,0.11875,0.06875,0.16875,0.0,0.0125,0.961106328551006,0.0029655045987911,4.562524001812562
uav,PSO,reference_warm,Benign,580,29,4.2496119393381706e-11,4.249611976534891e-11,1.5170755294005232e-11,1.2034424369244395e-10,2.2598140536410252e-11,4.772744742993109e-11,1.0,1.0,1.0,1.0,0.9862068965517241,2.163880309177921e-10,9.799499113518207e-08,4.537886488833465
uav,PSO,reference_warm,Moderate,180,9,0.0014178608107282,0.0004657251367474,0.00021388056420597502,0.00154328890555935,0.00038592131410095,0.0005113634298487,0.16666666666666666,0.11666666666666667,0.2222222222222222,0.1111111111111111,0.2388888888888889,0.4554758091184343,0.0001613928665819,4.548120996332727
uav,PSO,reference_warm,High,200,10,0.05845570901402345,0.0030653125185953,0.0012241222498261001,0.007852834829804499,0.002386670572537,0.003938487090123,0.035,0.015,0.06,0.0,0.02,0.9373414466200145,0.0018786582360024,4.553541002678685
uav,PSO,reference_warm,Severe,160,8,0.17752566984763035,0.00281054149980275,0.00021553068357320002,0.010022334365684175,0.0016356916858581,0.00417508709791705,0.225,0.15625,0.2875,0.125,0.125,0.9659089389603722,0.0019952738070486,4.566952513414435
uav,SGO,cold,Benign,580,29,3.897978341000818e-10,3.897978341000818e-10,2.1799407988572902e-10,1.753902534092312e-09,3.893561300817264e-10,4.2622919005144965e-10,0.9655172413793104,0.95,0.9793103448275862,0.9655172413793104,0.9568965517241379,0.0,1.3107594240237244e-07,13.021072503761388
uav,SGO,cold,Moderate,180,9,0.0268758938716321,0.00137455593430675,0.00022683072715437498,0.006638891800340574,0.0011194610848065,0.0021640924771026884,0.2222222222222222,0.16111111111111112,0.2833333333333333,0.2222222222222222,0.2222222222222222,0.9264766447676289,0.00060587078243775,13.029042995185591
uav,SGO,cold,High,200,10,1.0,0.01575576594761295,0.0056353611535061,0.16657322243317818,0.01168994422438605,0.02788404457739735,0.01,0.0,0.025,0.0,0.01,0.9507308642073755,0.00705400182214755,13.1058520055376
uav,SGO,cold,Severe,160,8,1.0,0.01059560150810525,0.003573832169828525,0.0382640756131225,0.0084603993612566,0.01502074157507538,0.125,0.075,0.18125,0.125,0.125,0.973985350199946,0.00447177063853925,13.013943986152299
uav,SGO,optimizer_warm,Benign,580,29,0.00083372855251125,0.0002819948196478,0.000141498250130725,0.000472840372822175,0.0002619962889087,0.00031005756943533377,0.1482758620689655,0.1206896551724138,0.17758620689655172,0.03103448275862069,0.22413793103448276,0.5744955781098818,0.00025348801422200005,13.118354996549897
uav,SGO,optimizer_warm,Moderate,180,9,0.00777309628075085,0.0014009928579996498,0.000488099651977525,0.003970597461327776,0.0011016977180134,0.0018354558217186,0.044444444444444446,0.016666666666666666,0.07777777777777778,0.0,0.06111111111111111,0.8029524697153223,0.0006298757451026,13.09988550201524
uav,SGO,optimizer_warm,High,200,10,0.13253788080199946,0.008772448369764551,0.0041171100101095,0.0223487078579882,0.00755887680773275,0.01147012227029035,0.0,0.0,0.0,0.0,0.005,0.9185595604602509,0.00312121647180295,13.013811010750942
uav,SGO,optimizer_warm,Severe,160,8,0.2794015181130304,0.00856859520451055,0.0028609077783884,0.03051620168158265,0.0072263502574024,0.0111562588289844,0.025,0.00625,0.05,0.0,0.03125,0.9491312638341287,0.0042764285290065995,13.136383990058675
uav,SGO,reference_warm,Benign,580,29,4.2496119393381706e-11,4.249611976534891e-11,1.5170755294005232e-11,1.2034424369244395e-10,2.2598140536410252e-11,4.772744742993109e-11,1.0,1.0,1.0,1.0,1.0,1.0124789490880316e-10,9.799499113518207e-08,13.105071979225613
uav,SGO,reference_warm,Moderate,180,9,0.0014178608107282,0.0005113634298487,0.0002265476561034,0.0014178608107337,0.0004657251367474,0.00066582991960765,0.15555555555555556,0.10555555555555556,0.2111111111111111,0.1111111111111111,0.36666666666666664,0.3584365602382764,0.0002742618663327,13.027403503656387
uav,SGO,reference_warm,High,200,10,0.05845570901402345,0.00665783472417375,0.0031953213275333,0.012803567754387249,0.0058794642569235,0.0078576525523462,0.01,0.0,0.025,0.0,0.04,0.8897783452925656,0.0027106900454723,13.085422993754037
uav,SGO,reference_warm,Severe,160,8,0.17752566984763035,0.00868088388864,0.0032542353977852,0.021677164468033,0.006504418113396164,0.0110305862244461,0.125,0.075,0.175,0.125,0.125,0.9136278735860777,0.00413311761560305,13.01373950263951
uav,WOA,cold,Benign,580,29,3.897978341000818e-10,2.0596463619728464e-11,4.6904827153211e-12,3.118415230142162e-10,1.699029091285409e-11,3.2787346483283217e-11,0.9948275862068966,0.9879310344827587,1.0,0.9655172413793104,0.0,0.9640147189173844,1.2616397897547932e-07,8.314397506183013
uav,WOA,cold,Moderate,180,9,0.0268758938716321,3.433628673355296e-05,1.3399019110244296e-06,0.000433187067003525,1.8855176564167714e-05,7.267000874034481e-05,0.6111111111111112,0.5388888888888889,0.6833333333333333,0.2222222222222222,0.0,0.9978694814700687,0.00012695388189244998,8.327924995683134
uav,WOA,cold,High,200,10,1.0,0.00629101512835585,0.0008445544727825,0.49536655832633214,0.0036741720216719206,0.0096250923342162,0.105,0.065,0.15,0.0,0.0,0.969917734021513,0.0153320180898295,8.313116995850578
uav,WOA,cold,Severe,160,8,1.0,0.0069296631448222,0.0018504140044477751,0.1340155712177708,0.0047234574194967,0.0113697788175754,0.125,0.075,0.18125,0.125,0.0,0.9734336718480086,0.00577693796178835,8.23388849676121
uav,WOA,optimizer_warm,Benign,580,29,1.9027231978236357e-09,7.319754039907859e-11,1.5334626790835985e-11,1.7384015979495241e-09,6.348615297079815e-11,8.984103709238476e-11,0.9741379310344828,0.9603448275862069,0.9862068965517241,0.9051724137931034,0.0,0.9778343298250245,1.9825333413288426e-07,8.315754996147007
uav,WOA,optimizer_warm,Moderate,180,9,0.0243276565998122,0.00075502999054355,2.5506268976047282e-05,0.0038322550847945,0.00032784248954205,0.0012085738517748,0.3111111111111111,0.24444444444444444,0.37777777777777777,0.005555555555555556,0.0,0.9867944745473611,0.000474155949245,8.298520493553951
uav,WOA,optimizer_warm,High,200,10,0.37296895933858176,0.024703238793696652,0.005369934732662524,0.32336295174970797,0.018594295888638,0.038413991718609,0.07,0.035,0.105,0.0,0.0,0.9041386276776862,0.0071071837286672,8.308181495522149
uav,WOA,optimizer_warm,Severe,160,8,0.6612797863864882,0.0208143322513977,0.0031688765579101,0.18524895598870889,0.01381192563196015,0.03443623189180575,0.125,0.075,0.175,0.125,0.0,0.9543834930620749,0.0094824852470372,8.314346996485256
uav,WOA,reference_warm,Benign,580,29,4.2496119393381706e-11,2.5154553864071494e-12,4.375798757443045e-13,1.1655649552312751e-11,1.8458056411959545e-12,3.4403580743001638e-12,1.0,1.0,1.0,1.0,0.0,0.9376968487845856,2.6575928768097152e-08,8.310431003337726
uav,WOA,reference_warm,Moderate,180,9,0.0014178608107282,6.552157212867671e-07,2.129638659172876e-07,3.7973747385771934e-05,5.083407909230175e-07,1.4265825520765e-06,0.9555555555555556,0.9222222222222223,0.9833333333333333,0.1111111111111111,0.0,0.9988466930911274,2.0301839616491934e-05,8.32174600509461
uav,WOA,reference_warm,High,200,10,0.05845570901402345,0.0002563263482516,2.471890495124991e-05,0.00203031934560165,0.00015138128069736498,0.00042486694973019996,0.38,0.31487500000000007,0.45,0.0,0.0,0.9963292123201701,0.00048882334066665,8.316940991790034
uav,WOA,reference_warm,Severe,160,8,0.17752566984763035,0.0002677882083896,5.455311048281104e-05,0.002177376919982475,0.00017807044873205,0.0004951791692179,0.33125,0.25625,0.40625,0.125,0.0,0.9960918900814212,0.0007860770247097,8.318782478454523
