system,ic,alg,trial,seed,NP,nrmse,deterministic_reference_nrmse,realized_nfe_mean,fe_exact,time_ms_mean
pendcart,IC1_submitted,SGO,0,12000000,20,0.2150268029843692,0.21502249100609086,1000.0,True,38.77016422338784
pendcart,IC1_submitted,SGO,1,12000001,20,0.21500146344413698,0.21502249100609086,1000.0,True,39.20498586958274
pendcart,IC1_submitted,SGO,2,12000002,20,0.21504769937861223,0.21502249100609086,1000.0,True,39.887208042200655
pendcart,IC1_submitted,SGO,3,12000003,20,0.21501987989333873,0.21502249100609086,1000.0,True,39.91947830809901
pendcart,IC1_submitted,SGO,4,12000004,20,0.2150386101401906,0.21502249100609086,1000.0,True,40.17418485096035
pendcart,IC1_submitted,GWO,0,12001000,20,0.21502210686479264,0.21502249100609086,1000.0,True,34.38972300539414
pendcart,IC1_submitted,GWO,1,12001001,20,0.21501709220480247,0.21502249100609086,1000.0,True,34.919266380602494
pendcart,IC1_submitted,GWO,2,12001002,20,0.21502308890110447,0.21502249100609086,1000.0,True,35.41269316687249
pendcart,IC1_submitted,GWO,3,12001003,20,0.21502338763247023,0.21502249100609086,1000.0,True,35.39848528647175
pendcart,IC1_submitted,GWO,4,12001004,20,0.2150236786870034,0.21502249100609086,1000.0,True,35.56304670210617
pendcart,IC1_submitted,PSO,0,12002000,30,0.21494378052185428,0.21502249100609086,1000.0,True,25.798427096645657
pendcart,IC1_submitted,PSO,1,12002001,30,0.2149428370539169,0.21502249100609086,1000.0,True,25.732232137039926
pendcart,IC1_submitted,PSO,2,12002002,30,0.21489874045190574,0.21502249100609086,1000.0,True,25.139752111087244
pendcart,IC1_submitted,PSO,3,12002003,30,0.215020534294725,0.21502249100609086,1000.0,True,25.145294548322756
pendcart,IC1_submitted,PSO,4,12002004,30,0.21501837044626143,0.21502249100609086,1000.0,True,24.84795470139943
pendcart,IC1_submitted,WOA,0,12003000,8,0.2150224893863927,0.21502249100609086,1000.0,True,32.54989933571778
pendcart,IC1_submitted,WOA,1,12003001,8,0.2150224954510108,0.21502249100609086,1000.0,True,32.64118947670795
pendcart,IC1_submitted,WOA,2,12003002,8,0.21502246415370158,0.21502249100609086,1000.0,True,32.89495219942182
pendcart,IC1_submitted,WOA,3,12003003,8,0.21502251075186038,0.21502249100609086,1000.0,True,32.80901438711832
pendcart,IC1_submitted,WOA,4,12003004,8,0.21502254741880103,0.21502249100609086,1000.0,True,32.70064374936434
pendcart,IC2_far_cart,SGO,0,12010000,20,0.19924134380974848,0.19923874992587898,1000.0,True,40.979475564090535
pendcart,IC2_far_cart,SGO,1,12010001,20,0.19922924903808004,0.19923874992587898,1000.0,True,41.091066445612036
pendcart,IC2_far_cart,SGO,2,12010002,20,0.19923284736166053,0.19923874992587898,1000.0,True,41.06271116062999
pendcart,IC2_far_cart,SGO,3,12010003,20,0.19924679700583697,0.19923874992587898,1000.0,True,40.90343782794662
pendcart,IC2_far_cart,SGO,4,12010004,20,0.19923249901626397,0.19923874992587898,1000.0,True,41.314828090447314
pendcart,IC2_far_cart,GWO,0,12011000,20,0.19923851873569143,0.19923874992587898,1000.0,True,35.440162419108674
pendcart,IC2_far_cart,GWO,1,12011001,20,0.199239102088327,0.19923874992587898,1000.0,True,35.3299740589379
pendcart,IC2_far_cart,GWO,2,12011002,20,0.19923989160264746,0.19923874992587898,1000.0,True,35.467740908497944
pendcart,IC2_far_cart,GWO,3,12011003,20,0.19923751249628754,0.19923874992587898,1000.0,True,35.328230283921584
pendcart,IC2_far_cart,GWO,4,12011004,20,0.19923828290782675,0.19923874992587898,1000.0,True,35.38944126223214
pendcart,IC2_far_cart,PSO,0,12012000,30,0.1992388622964273,0.19923874992587898,1000.0,True,25.182576899727184
pendcart,IC2_far_cart,PSO,1,12012001,30,0.1992378054186978,0.19923874992587898,1000.0,True,25.20553695814063
pendcart,IC2_far_cart,PSO,2,12012002,30,0.19923863883988452,0.19923874992587898,1000.0,True,25.359465763516102
pendcart,IC2_far_cart,PSO,3,12012003,30,0.1992380545438507,0.19923874992587898,1000.0,True,25.13451229664497
pendcart,IC2_far_cart,PSO,4,12012004,30,0.1992381792918229,0.19923874992587898,1000.0,True,25.064378494086366
pendcart,IC2_far_cart,WOA,0,12013000,8,0.19923874555110985,0.19923874992587898,1000.0,True,33.25230271633094
pendcart,IC2_far_cart,WOA,1,12013001,8,0.19923873583730936,0.19923874992587898,1000.0,True,33.90920798643492
pendcart,IC2_far_cart,WOA,2,12013002,8,0.19923877793166692,0.19923874992587898,1000.0,True,33.42727642157115
pendcart,IC2_far_cart,WOA,3,12013003,8,0.19923876446379515,0.19923874992587898,1000.0,True,33.6094909083719
pendcart,IC2_far_cart,WOA,4,12013004,8,0.19923875367832666,0.19923874992587898,1000.0,True,33.587239420351885
pendcart,IC3_opposite_angle,SGO,0,12020000,20,0.2446105220588032,0.24462833486936347,1000.0,True,41.935703508012615
pendcart,IC3_opposite_angle,SGO,1,12020001,20,0.24463933391931938,0.24462833486936347,1000.0,True,41.88712735660374
pendcart,IC3_opposite_angle,SGO,2,12020002,20,0.2446256272083886,0.24462833486936347,1000.0,True,41.93870663836909
pendcart,IC3_opposite_angle,SGO,3,12020003,20,0.2446232516235064,0.24462833486936347,1000.0,True,42.155437154773004
pendcart,IC3_opposite_angle,SGO,4,12020004,20,0.24463353179626518,0.24462833486936347,1000.0,True,42.047847751528025
pendcart,IC3_opposite_angle,GWO,0,12021000,20,0.24463116308251673,0.24462833486936347,1000.0,True,36.12584348108309
pendcart,IC3_opposite_angle,GWO,1,12021001,20,0.24463084069048588,0.24462833486936347,1000.0,True,35.92334441219767
pendcart,IC3_opposite_angle,GWO,2,12021002,20,0.24462952738138508,0.24462833486936347,1000.0,True,36.07860692078248
pendcart,IC3_opposite_angle,GWO,3,12021003,20,0.2446251954437212,0.24462833486936347,1000.0,True,35.885883479301505
pendcart,IC3_opposite_angle,GWO,4,12021004,20,0.2446295276249907,0.24462833486936347,1000.0,True,35.94253464058662
pendcart,IC3_opposite_angle,PSO,0,12022000,30,0.2446308437387231,0.24462833486936347,1000.0,True,25.44931897621912
pendcart,IC3_opposite_angle,PSO,1,12022001,30,0.24463050454507154,0.24462833486936347,1000.0,True,25.394435265722375
pendcart,IC3_opposite_angle,PSO,2,12022002,30,0.24462762929987503,0.24462833486936347,1000.0,True,25.862383420268696
pendcart,IC3_opposite_angle,PSO,3,12022003,30,0.24462900151993702,0.24462833486936347,1000.0,True,25.705490484057616
pendcart,IC3_opposite_angle,PSO,4,12022004,30,0.24462800212181096,0.24462833486936347,1000.0,True,25.58453758363612
pendcart,IC3_opposite_angle,WOA,0,12023000,8,0.244628304334187,0.24462833486936347,1000.0,True,34.04500408369737
pendcart,IC3_opposite_angle,WOA,1,12023001,8,0.2446282740729337,0.24462833486936347,1000.0,True,33.90763176993156
pendcart,IC3_opposite_angle,WOA,2,12023002,8,0.2446284694250117,0.24462833486936347,1000.0,True,33.839621987038605
pendcart,IC3_opposite_angle,WOA,3,12023003,8,0.24462837648430494,0.24462833486936347,1000.0,True,34.606964646372944
pendcart,IC3_opposite_angle,WOA,4,12023004,8,0.24462826866496548,0.24462833486936347,1000.0,True,34.520847995299846
pendcart,IC4_with_velocity,SGO,0,12030000,20,0.19724636034567286,0.19726496235904012,1000.0,True,43.51033516072979
pendcart,IC4_with_velocity,SGO,1,12030001,20,0.19722106108970497,0.19726496235904012,1000.0,True,43.508201061049476
pendcart,IC4_with_velocity,SGO,2,12030002,20,0.19726610739831082,0.19726496235904012,1000.0,True,43.65258041303605
pendcart,IC4_with_velocity,SGO,3,12030003,20,0.19724238033309505,0.19726496235904012,1000.0,True,43.36177425497832
pendcart,IC4_with_velocity,SGO,4,12030004,20,0.19722779986011776,0.19726496235904012,1000.0,True,43.23278574001355
pendcart,IC4_with_velocity,GWO,0,12031000,20,0.19726253435222377,0.19726496235904012,1000.0,True,36.712243826671816
pendcart,IC4_with_velocity,GWO,1,12031001,20,0.197263862797014,0.19726496235904012,1000.0,True,36.50447019686302
pendcart,IC4_with_velocity,GWO,2,12031002,20,0.19726759953169018,0.19726496235904012,1000.0,True,36.558559220284224
pendcart,IC4_with_velocity,GWO,3,12031003,20,0.19726137120674844,0.19726496235904012,1000.0,True,36.5626748239932
pendcart,IC4_with_velocity,GWO,4,12031004,20,0.19726071702427658,0.19726496235904012,1000.0,True,36.56404906224149
pendcart,IC4_with_velocity,PSO,0,12032000,30,0.1972657465388168,0.19726496235904012,1000.0,True,25.961771783962224
pendcart,IC4_with_velocity,PSO,1,12032001,30,0.19726900632973954,0.19726496235904012,1000.0,True,25.99054657621309
pendcart,IC4_with_velocity,PSO,2,12032002,30,0.19726495227439186,0.19726496235904012,1000.0,True,26.030441457405686
pendcart,IC4_with_velocity,PSO,3,12032003,30,0.19726161986491905,0.19726496235904012,1000.0,True,25.92612178181298
pendcart,IC4_with_velocity,PSO,4,12032004,30,0.19726358086877524,0.19726496235904012,1000.0,True,25.83761360690308
pendcart,IC4_with_velocity,WOA,0,12033000,8,0.1972649233038419,0.19726496235904012,1000.0,True,33.87717721324103
pendcart,IC4_with_velocity,WOA,1,12033001,8,0.19726497580633284,0.19726496235904012,1000.0,True,33.9485393910824
pendcart,IC4_with_velocity,WOA,2,12033002,8,0.19726497994101314,0.19726496235904012,1000.0,True,33.65598907539
pendcart,IC4_with_velocity,WOA,3,12033003,8,0.1972648384504213,0.19726496235904012,1000.0,True,33.6917424822847
pendcart,IC4_with_velocity,WOA,4,12033004,8,0.19726501857015727,0.19726496235904012,1000.0,True,33.54238260498581
pendcart,IC5_near_reference,SGO,0,12040000,20,0.2642144250889851,0.26422071066851766,1000.0,True,41.65576572103115
pendcart,IC5_near_reference,SGO,1,12040001,20,0.2642012535452953,0.26422071066851766,1000.0,True,41.738301701067634
pendcart,IC5_near_reference,SGO,2,12040002,20,0.2641974548101067,0.26422071066851766,1000.0,True,42.26990920297491
pendcart,IC5_near_reference,SGO,3,12040003,20,0.2642189387867119,0.26422071066851766,1000.0,True,42.003562713119514
pendcart,IC5_near_reference,SGO,4,12040004,20,0.26422588197021507,0.26422071066851766,1000.0,True,41.96092025920128
pendcart,IC5_near_reference,GWO,0,12041000,20,0.2642217154655005,0.26422071066851766,1000.0,True,36.01922210228319
pendcart,IC5_near_reference,GWO,1,12041001,20,0.2642214035510386,0.26422071066851766,1000.0,True,36.06627549859695
pendcart,IC5_near_reference,GWO,2,12041002,20,0.2642211383647073,0.26422071066851766,1000.0,True,35.827632987638935
pendcart,IC5_near_reference,GWO,3,12041003,20,0.26421987271001085,0.26422071066851766,1000.0,True,36.067555629803486
pendcart,IC5_near_reference,GWO,4,12041004,20,0.2642196854302958,0.26422071066851766,1000.0,True,35.87332578647571
pendcart,IC5_near_reference,PSO,0,12042000,30,0.26422514501276906,0.26422071066851766,1000.0,True,25.411799022306997
pendcart,IC5_near_reference,PSO,1,12042001,30,0.2642145117745235,0.26422071066851766,1000.0,True,25.741325669611495
pendcart,IC5_near_reference,PSO,2,12042002,30,0.26421382832210427,0.26422071066851766,1000.0,True,25.68607165051314
pendcart,IC5_near_reference,PSO,3,12042003,30,0.2642129781375773,0.26422071066851766,1000.0,True,25.535944271444652
pendcart,IC5_near_reference,PSO,4,12042004,30,0.26421801485609664,0.26422071066851766,1000.0,True,25.66227629237498
pendcart,IC5_near_reference,WOA,0,12043000,8,0.26422067804216137,0.26422071066851766,1000.0,True,33.59925713390112
pendcart,IC5_near_reference,WOA,1,12043001,8,0.26422068981791685,0.26422071066851766,1000.0,True,33.3375746011734
pendcart,IC5_near_reference,WOA,2,12043002,8,0.2642207258821844,0.26422071066851766,1000.0,True,33.32825542155964
pendcart,IC5_near_reference,WOA,3,12043003,8,0.26422069281830574,0.26422071066851766,1000.0,True,33.28522869385779
pendcart,IC5_near_reference,WOA,4,12043004,8,0.2642208299545075,0.26422071066851766,1000.0,True,33.35597105246658
cstr,IC1_submitted,SGO,0,13000000,30,0.2939095467370599,0.2941525546770811,1000.0,True,12.72842042031698
cstr,IC1_submitted,SGO,1,13000001,30,0.2941193359686816,0.2941525546770811,1000.0,True,12.71202509640716
cstr,IC1_submitted,SGO,2,13000002,30,0.294003700533162,0.2941525546770811,1000.0,True,12.527503519668244
cstr,IC1_submitted,SGO,3,13000003,30,0.2939778745098768,0.2941525546770811,1000.0,True,12.447652156697586
cstr,IC1_submitted,SGO,4,13000004,30,0.29424577054283885,0.2941525546770811,1000.0,True,12.500617909245193
cstr,IC1_submitted,GWO,0,13001000,20,0.2941485395357252,0.2941525546770811,1000.0,True,14.571633047307841
cstr,IC1_submitted,GWO,1,13001001,20,0.29416352766007065,0.2941525546770811,1000.0,True,14.64635532174725
cstr,IC1_submitted,GWO,2,13001002,20,0.2941512791628973,0.2941525546770811,1000.0,True,14.65179514954798
cstr,IC1_submitted,GWO,3,13001003,20,0.2941525018057429,0.2941525546770811,1000.0,True,14.691204064292833
cstr,IC1_submitted,GWO,4,13001004,20,0.29416112719880877,0.2941525546770811,1000.0,True,14.53772333508823
cstr,IC1_submitted,PSO,0,13002000,8,0.2941524678575137,0.2941525546770811,1000.0,True,4.816946921637282
cstr,IC1_submitted,PSO,1,13002001,8,0.2941525561883106,0.2941525546770811,1000.0,True,4.770019458956085
cstr,IC1_submitted,PSO,2,13002002,8,0.29415255488319225,0.2941525546770811,1000.0,True,4.82934768719133
cstr,IC1_submitted,PSO,3,13002003,8,0.2941524695593342,0.2941525546770811,1000.0,True,4.806759998900816
cstr,IC1_submitted,PSO,4,13002004,8,0.29415246856853117,0.2941525546770811,1000.0,True,4.840977189596742
cstr,IC1_submitted,WOA,0,13003000,10,0.2941594619489694,0.2941525546770811,1000.0,True,8.524225821020082
cstr,IC1_submitted,WOA,1,13003001,10,0.2941521279285959,0.2941525546770811,1000.0,True,8.512566632125527
cstr,IC1_submitted,WOA,2,13003002,10,0.2963964945105562,0.2941525546770811,1000.0,True,8.522565830498934
cstr,IC1_submitted,WOA,3,13003003,10,0.2941548940022904,0.2941525546770811,1000.0,True,8.53372725599911
cstr,IC1_submitted,WOA,4,13003004,10,0.29415285487288656,0.2941525546770811,1000.0,True,8.53803384816274
cstr,IC2_larger_deviation,SGO,0,13010000,30,0.7285194470417018,0.7288229751429192,1000.0,True,13.157627591281198
cstr,IC2_larger_deviation,SGO,1,13010001,30,0.7288209707589235,0.7288229751429192,1000.0,True,13.094486320624128
cstr,IC2_larger_deviation,SGO,2,13010002,30,0.7287902121586356,0.7288229751429192,1000.0,True,13.050905683776364
cstr,IC2_larger_deviation,SGO,3,13010003,30,0.7287519167282949,0.7288229751429192,1000.0,True,12.992559452541173
cstr,IC2_larger_deviation,SGO,4,13010004,30,0.7358683238325687,0.7288229751429192,1000.0,True,12.98976206977386
cstr,IC2_larger_deviation,GWO,0,13011000,20,0.7288216811924692,0.7288229751429192,1000.0,True,14.662333170417696
cstr,IC2_larger_deviation,GWO,1,13011001,20,0.7288208222187724,0.7288229751429192,1000.0,True,14.599832150852308
cstr,IC2_larger_deviation,GWO,2,13011002,20,0.728823527160479,0.7288229751429192,1000.0,True,14.687077059061266
cstr,IC2_larger_deviation,GWO,3,13011003,20,0.7288225905256771,0.7288229751429192,1000.0,True,14.61567935300991
cstr,IC2_larger_deviation,GWO,4,13011004,20,0.728822122265087,0.7288229751429192,1000.0,True,14.655076749622822
cstr,IC2_larger_deviation,PSO,0,13012000,8,0.7288229752786524,0.7288229751429192,1000.0,True,4.7802977508399636
cstr,IC2_larger_deviation,PSO,1,13012001,8,0.728822975296596,0.7288229751429192,1000.0,True,4.789219468948431
cstr,IC2_larger_deviation,PSO,2,13012002,8,0.7288229704967358,0.7288229751429192,1000.0,True,4.813981660408899
cstr,IC2_larger_deviation,PSO,3,13012003,8,0.7288229754115372,0.7288229751429192,1000.0,True,4.789707139716484
cstr,IC2_larger_deviation,PSO,4,13012004,8,0.7288229748818235,0.7288229751429192,1000.0,True,4.876006871345453
cstr,IC2_larger_deviation,WOA,0,13013000,10,0.7295709057096422,0.7288229751429192,1000.0,True,8.497478028875776
cstr,IC2_larger_deviation,WOA,1,13013001,10,0.7288230809789857,0.7288229751429192,1000.0,True,8.52943851146847
cstr,IC2_larger_deviation,WOA,2,13013002,10,0.7288232452765424,0.7288229751429192,1000.0,True,8.55687065050006
cstr,IC2_larger_deviation,WOA,3,13013003,10,0.7288230072729497,0.7288229751429192,1000.0,True,8.583364229998551
cstr,IC2_larger_deviation,WOA,4,13013004,10,0.7288231057711181,0.7288229751429192,1000.0,True,8.52532084158156
cstr,IC3_concentration_only,SGO,0,13020000,30,1.0056098730053036,1.0052659766658212,1000.0,True,13.011146607459523
cstr,IC3_concentration_only,SGO,1,13020001,30,1.005324100803986,1.0052659766658212,1000.0,True,12.871688963496126
cstr,IC3_concentration_only,SGO,2,13020002,30,1.0051271567393476,1.0052659766658212,1000.0,True,12.924278506543487
cstr,IC3_concentration_only,SGO,3,13020003,30,1.005206745916555,1.0052659766658212,1000.0,True,12.596169500029646
cstr,IC3_concentration_only,SGO,4,13020004,30,1.0091031520050224,1.0052659766658212,1000.0,True,12.726304218522273
cstr,IC3_concentration_only,GWO,0,13021000,20,1.0052813830781056,1.0052659766658212,1000.0,True,14.764450879301876
cstr,IC3_concentration_only,GWO,1,13021001,20,1.005279986999933,1.0052659766658212,1000.0,True,14.562409351929091
cstr,IC3_concentration_only,GWO,2,13021002,20,1.0052714730240562,1.0052659766658212,1000.0,True,14.709865972981788
cstr,IC3_concentration_only,GWO,3,13021003,20,1.0052554597333982,1.0052659766658212,1000.0,True,14.740528149995953
cstr,IC3_concentration_only,GWO,4,13021004,20,1.0052596752449645,1.0052659766658212,1000.0,True,14.699723680387251
cstr,IC3_concentration_only,PSO,0,13022000,8,1.0052666014028455,1.0052659766658212,1000.0,True,4.8475255514495075
cstr,IC3_concentration_only,PSO,1,13022001,8,1.0048463186993963,1.0052659766658212,1000.0,True,4.852165633928962
cstr,IC3_concentration_only,PSO,2,13022002,8,1.004846960037232,1.0052659766658212,1000.0,True,4.83200560149271
cstr,IC3_concentration_only,PSO,3,13022003,8,1.0048463191090111,1.0052659766658212,1000.0,True,4.8395249783061445
cstr,IC3_concentration_only,PSO,4,13022004,8,1.0048469601308645,1.0052659766658212,1000.0,True,4.777995377662592
cstr,IC3_concentration_only,WOA,0,13023000,10,1.0048848020206593,1.0052659766658212,1000.0,True,8.533777820994146
cstr,IC3_concentration_only,WOA,1,13023001,10,1.0048853686996466,1.0052659766658212,1000.0,True,8.515917857876047
cstr,IC3_concentration_only,WOA,2,13023002,10,1.0048848389493623,1.0052659766658212,1000.0,True,8.542948848917149
cstr,IC3_concentration_only,WOA,3,13023003,10,1.0048850286628872,1.0052659766658212,1000.0,True,8.53036773391068
cstr,IC3_concentration_only,WOA,4,13023004,10,1.0062507585811165,1.0052659766658212,1000.0,True,8.500722496537492
cstr,IC4_temperature_only,SGO,0,13030000,30,0.12244724029797374,0.12242190435811635,1000.0,True,12.979624070576392
cstr,IC4_temperature_only,SGO,1,13030001,30,0.12240931911328073,0.12242190435811635,1000.0,True,13.157181251444854
cstr,IC4_temperature_only,SGO,2,13030002,30,0.12242036785242197,0.12242190435811635,1000.0,True,13.16980026429519
cstr,IC4_temperature_only,SGO,3,13030003,30,0.12244553345749826,0.12242190435811635,1000.0,True,13.011025509913452
cstr,IC4_temperature_only,SGO,4,13030004,30,0.12252458618591298,0.12242190435811635,1000.0,True,12.874053665436804
cstr,IC4_temperature_only,GWO,0,13031000,20,0.12242268901807045,0.12242190435811635,1000.0,True,14.567390996962786
cstr,IC4_temperature_only,GWO,1,13031001,20,0.1224217251371932,0.12242190435811635,1000.0,True,14.6315635292558
cstr,IC4_temperature_only,GWO,2,13031002,20,0.1224225299229581,0.12242190435811635,1000.0,True,14.774185970891267
cstr,IC4_temperature_only,GWO,3,13031003,20,0.12242235816382566,0.12242190435811635,1000.0,True,14.69301056698896
cstr,IC4_temperature_only,GWO,4,13031004,20,0.12242157697365677,0.12242190435811635,1000.0,True,14.990938558476046
cstr,IC4_temperature_only,PSO,0,13032000,8,0.12242190275824513,0.12242190435811635,1000.0,True,5.09623488294892
cstr,IC4_temperature_only,PSO,1,13032001,8,0.1224235981949981,0.12242190435811635,1000.0,True,4.829704779549502
cstr,IC4_temperature_only,PSO,2,13032002,8,0.12242190639876155,0.12242190435811635,1000.0,True,4.794701589853503
cstr,IC4_temperature_only,PSO,3,13032003,8,0.12242190348702432,0.12242190435811635,1000.0,True,4.890825088950805
cstr,IC4_temperature_only,PSO,4,13032004,8,0.12242190438088617,0.12242190435811635,1000.0,True,4.759207860915922
cstr,IC4_temperature_only,WOA,0,13033000,10,0.12242313630797358,0.12242190435811635,1000.0,True,8.450452038669027
cstr,IC4_temperature_only,WOA,1,13033001,10,0.12242226005455263,0.12242190435811635,1000.0,True,8.440707823028788
cstr,IC4_temperature_only,WOA,2,13033002,10,0.12242419411304165,0.12242190435811635,1000.0,True,8.590606990037486
cstr,IC4_temperature_only,WOA,3,13033003,10,0.1224298464942864,0.12242190435811635,1000.0,True,8.532625517109409
cstr,IC4_temperature_only,WOA,4,13033004,10,0.12242426828731719,0.12242190435811635,1000.0,True,8.472412070841528
cstr,IC5_small_deviation,SGO,0,13040000,30,0.07090715155504468,0.07115553120106793,1000.0,True,12.912427598494105
cstr,IC5_small_deviation,SGO,1,13040001,30,0.07098448546845147,0.07115553120106793,1000.0,True,12.929506778600626
cstr,IC5_small_deviation,SGO,2,13040002,30,0.07139907971983664,0.07115553120106793,1000.0,True,13.0204661807511
cstr,IC5_small_deviation,SGO,3,13040003,30,0.0709809462762969,0.07115553120106793,1000.0,True,12.891385494731367
cstr,IC5_small_deviation,SGO,4,13040004,30,0.07194182244013915,0.07115553120106793,1000.0,True,12.873510000063106
cstr,IC5_small_deviation,GWO,0,13041000,20,0.0711256379659,0.07115553120106793,1000.0,True,14.705225579673424
cstr,IC5_small_deviation,GWO,1,13041001,20,0.07115540048180226,0.07115553120106793,1000.0,True,14.745630646357313
cstr,IC5_small_deviation,GWO,2,13041002,20,0.07332042732290665,0.07115553120106793,1000.0,True,14.647179242456332
cstr,IC5_small_deviation,GWO,3,13041003,20,0.07115348530959946,0.07115553120106793,1000.0,True,14.678877066471614
cstr,IC5_small_deviation,GWO,4,13041004,20,0.0711459006289519,0.07115553120106793,1000.0,True,14.89125655964017
cstr,IC5_small_deviation,PSO,0,13042000,8,0.07119638611312512,0.07115553120106793,1000.0,True,5.006419921992347
cstr,IC5_small_deviation,PSO,1,13042001,8,0.07115553402066807,0.07115553120106793,1000.0,True,4.815431170281954
cstr,IC5_small_deviation,PSO,2,13042002,8,0.07115553100815684,0.07115553120106793,1000.0,True,4.83042596722953
cstr,IC5_small_deviation,PSO,3,13042003,8,0.07115552942157097,0.07115553120106793,1000.0,True,4.852977559785359
cstr,IC5_small_deviation,PSO,4,13042004,8,0.07115951339914922,0.07115553120106793,1000.0,True,4.876301778131165
cstr,IC5_small_deviation,WOA,0,13043000,10,0.07115770888902004,0.07115553120106793,1000.0,True,8.57273218978662
cstr,IC5_small_deviation,WOA,1,13043001,10,0.0723339500114535,0.07115553120106793,1000.0,True,8.577381882350892
cstr,IC5_small_deviation,WOA,2,13043002,10,0.07115729853414053,0.07115553120106793,1000.0,True,8.59189988754224
cstr,IC5_small_deviation,WOA,3,13043003,10,0.07345547976329778,0.07115553120106793,1000.0,True,8.514550919062458
cstr,IC5_small_deviation,WOA,4,13043004,10,0.07326000051081577,0.07115553120106793,1000.0,True,8.549898843630217
flight,IC1_submitted,SGO,0,14000000,8,0.0181497663325524,0.018195653502689445,1000.0,True,14.775268312854072
flight,IC1_submitted,SGO,1,14000001,8,0.018080886181264088,0.018195653502689445,1000.0,True,14.878367769997567
flight,IC1_submitted,SGO,2,14000002,8,0.018194950001083784,0.018195653502689445,1000.0,True,14.772437525292238
flight,IC1_submitted,SGO,3,14000003,8,0.018149332875528786,0.018195653502689445,1000.0,True,14.7892897874893
flight,IC1_submitted,SGO,4,14000004,8,0.018217757501206317,0.018195653502689445,1000.0,True,14.588203976939743
flight,IC1_submitted,GWO,0,14001000,30,0.018195571096941303,0.018195653502689445,1000.0,True,14.410191934245328
flight,IC1_submitted,GWO,1,14001001,30,0.01817487793108196,0.018195653502689445,1000.0,True,14.360760120131696
flight,IC1_submitted,GWO,2,14001002,30,0.01819500512489973,0.018195653502689445,1000.0,True,14.40071033546701
flight,IC1_submitted,GWO,3,14001003,30,0.01818634839154099,0.018195653502689445,1000.0,True,14.35118883731775
flight,IC1_submitted,GWO,4,14001004,30,0.0181928248407549,0.018195653502689445,1000.0,True,14.181042624792704
flight,IC1_submitted,PSO,0,14002000,30,0.01819373112653456,0.018195653502689445,1000.0,True,3.755934994745379
flight,IC1_submitted,PSO,1,14002001,30,0.018179695786936536,0.018195653502689445,1000.0,True,3.7760806277704737
flight,IC1_submitted,PSO,2,14002002,30,0.018202205877050202,0.018195653502689445,1000.0,True,3.7755862526440374
flight,IC1_submitted,PSO,3,14002003,30,0.018190388734965035,0.018195653502689445,1000.0,True,3.7771300587337464
flight,IC1_submitted,PSO,4,14002004,30,0.018192827933970146,0.018195653502689445,1000.0,True,3.7897980345102646
flight,IC1_submitted,WOA,0,14003000,10,0.018191934033056998,0.018195653502689445,1000.0,True,8.349097490233058
flight,IC1_submitted,WOA,1,14003001,10,0.01818429004992951,0.018195653502689445,1000.0,True,8.339176666922867
flight,IC1_submitted,WOA,2,14003002,10,0.018194944895367327,0.018195653502689445,1000.0,True,8.433096441052234
flight,IC1_submitted,WOA,3,14003003,10,0.01819730822520517,0.018195653502689445,1000.0,True,8.337671615493795
flight,IC1_submitted,WOA,4,14003004,10,0.01819532869969438,0.018195653502689445,1000.0,True,8.317289918971559
flight,IC2_larger_alpha,SGO,0,14010000,8,0.059433197761712825,0.06479822579713684,1000.0,True,14.603071041249981
flight,IC2_larger_alpha,SGO,1,14010001,8,0.06494431365869627,0.06479822579713684,1000.0,True,14.581081666207561
flight,IC2_larger_alpha,SGO,2,14010002,8,0.06474005937611492,0.06479822579713684,1000.0,True,14.698579085525125
flight,IC2_larger_alpha,SGO,3,14010003,8,0.06828020605610369,0.06479822579713684,1000.0,True,14.619570929401865
flight,IC2_larger_alpha,SGO,4,14010004,8,0.06478950280751612,0.06479822579713684,1000.0,True,14.630122979870066
flight,IC2_larger_alpha,GWO,0,14011000,30,0.06479713406519169,0.06479822579713684,1000.0,True,14.307388466938088
flight,IC2_larger_alpha,GWO,1,14011001,30,0.06479596448995632,0.06479822579713684,1000.0,True,14.167278374079615
flight,IC2_larger_alpha,GWO,2,14011002,30,0.06479692300762414,0.06479822579713684,1000.0,True,14.249005757737905
flight,IC2_larger_alpha,GWO,3,14011003,30,0.06479702703338398,0.06479822579713684,1000.0,True,14.217833167640492
flight,IC2_larger_alpha,GWO,4,14011004,30,0.06479704506079845,0.06479822579713684,1000.0,True,14.210300823906437
flight,IC2_larger_alpha,PSO,0,14012000,30,0.06479240009923454,0.06479822579713684,1000.0,True,3.731898501282558
flight,IC2_larger_alpha,PSO,1,14012001,30,0.06479138600558318,0.06479822579713684,1000.0,True,3.747628500374655
flight,IC2_larger_alpha,PSO,2,14012002,30,0.0647864716789166,0.06479822579713684,1000.0,True,3.7242701125796884
flight,IC2_larger_alpha,PSO,3,14012003,30,0.06479873328014335,0.06479822579713684,1000.0,True,3.7290379075178257
flight,IC2_larger_alpha,PSO,4,14012004,30,0.0647894200952856,0.06479822579713684,1000.0,True,3.7525157820588597
flight,IC2_larger_alpha,WOA,0,14013000,10,0.06475291895357954,0.06479822579713684,1000.0,True,8.349897125347828
flight,IC2_larger_alpha,WOA,1,14013001,10,0.06479307007829012,0.06479822579713684,1000.0,True,8.342079698729018
flight,IC2_larger_alpha,WOA,2,14013002,10,0.06481328580829397,0.06479822579713684,1000.0,True,8.340974246384576
flight,IC2_larger_alpha,WOA,3,14013003,10,0.06475595925679284,0.06479822579713684,1000.0,True,8.23563297240374
flight,IC2_larger_alpha,WOA,4,14013004,10,0.0647903621430527,0.06479822579713684,1000.0,True,8.226886005528891
flight,IC3_pitch_rate,SGO,0,14020000,8,0.11876833789781194,0.11615212412629604,1000.0,True,14.569357119423026
flight,IC3_pitch_rate,SGO,1,14020001,8,0.11615538506410496,0.11615212412629604,1000.0,True,14.41966538472722
flight,IC3_pitch_rate,SGO,2,14020002,8,0.11911041188755431,0.11615212412629604,1000.0,True,14.516447812396413
flight,IC3_pitch_rate,SGO,3,14020003,8,0.11612486480964351,0.11615212412629604,1000.0,True,14.472018217590326
flight,IC3_pitch_rate,SGO,4,14020004,8,0.12588687906027649,0.11615212412629604,1000.0,True,14.497117913948992
flight,IC3_pitch_rate,GWO,0,14021000,30,0.11615020409051569,0.11615212412629604,1000.0,True,14.162082058222344
flight,IC3_pitch_rate,GWO,1,14021001,30,0.11615317102262569,0.11615212412629604,1000.0,True,14.138899493264034
flight,IC3_pitch_rate,GWO,2,14021002,30,0.11615155921564888,0.11615212412629604,1000.0,True,14.251632558104271
flight,IC3_pitch_rate,GWO,3,14021003,30,0.11615177146461533,0.11615212412629604,1000.0,True,14.233490584495788
flight,IC3_pitch_rate,GWO,4,14021004,30,0.11615218728329199,0.11615212412629604,1000.0,True,14.157461940000454
flight,IC3_pitch_rate,PSO,0,14022000,30,0.11615165961558148,0.11615212412629604,1000.0,True,3.747116981927926
flight,IC3_pitch_rate,PSO,1,14022001,30,0.11615312938226494,0.11615212412629604,1000.0,True,3.732612340633447
flight,IC3_pitch_rate,PSO,2,14022002,30,0.11615162825026056,0.11615212412629604,1000.0,True,3.732993611289809
flight,IC3_pitch_rate,PSO,3,14022003,30,0.1161522468345101,0.11615212412629604,1000.0,True,3.7263636954594404
flight,IC3_pitch_rate,PSO,4,14022004,30,0.1161523474262045,0.11615212412629604,1000.0,True,3.725095763026426
flight,IC3_pitch_rate,WOA,0,14023000,10,0.11608687869302206,0.11615212412629604,1000.0,True,8.318108600409081
flight,IC3_pitch_rate,WOA,1,14023001,10,0.11546217583682071,0.11615212412629604,1000.0,True,8.406299020862207
flight,IC3_pitch_rate,WOA,2,14023002,10,0.11614985588957555,0.11615212412629604,1000.0,True,8.305770107156908
flight,IC3_pitch_rate,WOA,3,14023003,10,0.11594528182979102,0.11615212412629604,1000.0,True,8.303933289522925
flight,IC3_pitch_rate,WOA,4,14023004,10,0.1160863771975778,0.11615212412629604,1000.0,True,8.298818520270288
flight,IC4_theta_offset,SGO,0,14030000,8,2.346566889240792,2.3240773760956475,1000.0,True,14.189343667821959
flight,IC4_theta_offset,SGO,1,14030001,8,2.344458794520984,2.3240773760956475,1000.0,True,14.174522166528428
flight,IC4_theta_offset,SGO,2,14030002,8,2.326647703235469,2.3240773760956475,1000.0,True,14.357850436742106
flight,IC4_theta_offset,SGO,3,14030003,8,2.3553779371870567,2.3240773760956475,1000.0,True,14.233924899405489
flight,IC4_theta_offset,SGO,4,14030004,8,2.324028457970839,2.3240773760956475,1000.0,True,14.253991257476931
flight,IC4_theta_offset,GWO,0,14031000,30,2.3240762033595033,2.3240773760956475,1000.0,True,14.068880518510317
flight,IC4_theta_offset,GWO,1,14031001,30,2.3240773713993668,2.3240773760956475,1000.0,True,14.208640089879433
flight,IC4_theta_offset,GWO,2,14031002,30,2.324078262130513,2.3240773760956475,1000.0,True,14.094085059283922
flight,IC4_theta_offset,GWO,3,14031003,30,2.324080313170423,2.3240773760956475,1000.0,True,14.113586052165678
flight,IC4_theta_offset,GWO,4,14031004,30,2.324077524088288,2.3240773760956475,1000.0,True,14.197715464203307
flight,IC4_theta_offset,PSO,0,14032000,30,2.3240771632857053,2.3240773760956475,1000.0,True,3.6469037062488496
flight,IC4_theta_offset,PSO,1,14032001,30,2.3240800819708163,2.3240773760956475,1000.0,True,3.680183608472968
flight,IC4_theta_offset,PSO,2,14032002,30,2.3240775028481373,2.3240773760956475,1000.0,True,3.6696303193457425
flight,IC4_theta_offset,PSO,3,14032003,30,2.3240820740882704,2.3240773760956475,1000.0,True,3.6895497348935655
flight,IC4_theta_offset,PSO,4,14032004,30,2.324086361492033,2.3240773760956475,1000.0,True,3.6453103099483997
flight,IC4_theta_offset,WOA,0,14033000,10,2.3257676676503154,2.3240773760956475,1000.0,True,8.241448967407146
flight,IC4_theta_offset,WOA,1,14033001,10,2.32319244566554,2.3240773760956475,1000.0,True,8.243633165257052
flight,IC4_theta_offset,WOA,2,14033002,10,2.325767446769057,2.3240773760956475,1000.0,True,8.180072512089586
flight,IC4_theta_offset,WOA,3,14033003,10,2.3288276295281434,2.3240773760956475,1000.0,True,8.262150898808613
flight,IC4_theta_offset,WOA,4,14033004,10,2.3251766969623167,2.3240773760956475,1000.0,True,8.306704453037431
flight,IC5_small,SGO,0,14040000,8,0.007469060488022047,0.007461288484941245,1000.0,True,14.576291432992244
flight,IC5_small,SGO,1,14040001,8,0.007445943414792443,0.007461288484941245,1000.0,True,14.626390806709727
flight,IC5_small,SGO,2,14040002,8,0.007364085673117514,0.007461288484941245,1000.0,True,14.529720324790105
flight,IC5_small,SGO,3,14040003,8,0.007352488440742381,0.007461288484941245,1000.0,True,14.470205943022544
flight,IC5_small,SGO,4,14040004,8,0.007444105904892714,0.007461288484941245,1000.0,True,14.550460457491377
flight,IC5_small,GWO,0,14041000,30,0.007458609305711449,0.007461288484941245,1000.0,True,14.229369012949368
flight,IC5_small,GWO,1,14041001,30,0.007468237412476567,0.007461288484941245,1000.0,True,14.242798402362192
flight,IC5_small,GWO,2,14041002,30,0.007451616112150309,0.007461288484941245,1000.0,True,14.026750408423444
flight,IC5_small,GWO,3,14041003,30,0.007451359172171994,0.007461288484941245,1000.0,True,14.141720673069358
flight,IC5_small,GWO,4,14041004,30,0.007473202429681397,0.007461288484941245,1000.0,True,14.209372981761893
flight,IC5_small,PSO,0,14042000,30,0.00747562306999114,0.007461288484941245,1000.0,True,3.734318360220641
flight,IC5_small,PSO,1,14042001,30,0.007460131477100256,0.007461288484941245,1000.0,True,3.7102062332754335
flight,IC5_small,PSO,2,14042002,30,0.007462797291268218,0.007461288484941245,1000.0,True,3.7784384260885417
flight,IC5_small,PSO,3,14042003,30,0.007464069357056962,0.007461288484941245,1000.0,True,3.729812732199207
flight,IC5_small,PSO,4,14042004,30,0.0074696801690357145,0.007461288484941245,1000.0,True,3.7457386679792157
flight,IC5_small,WOA,0,14043000,10,0.007456513255610865,0.007461288484941245,1000.0,True,8.249895045688996
flight,IC5_small,WOA,1,14043001,10,0.007472449751430683,0.007461288484941245,1000.0,True,8.271019567813104
flight,IC5_small,WOA,2,14043002,10,0.007295991546702814,0.007461288484941245,1000.0,True,8.334720687319836
flight,IC5_small,WOA,3,14043003,10,0.0074490496539694655,0.007461288484941245,1000.0,True,8.289395232374469
flight,IC5_small,WOA,4,14043004,10,0.0074618470338493476,0.007461288484941245,1000.0,True,8.328552606205145
hvac,IC1_submitted,SGO,0,15000000,30,0.020752134455294762,0.020766893738445827,1000.0,True,12.615804672047185
hvac,IC1_submitted,SGO,1,15000001,30,0.020751287562298416,0.020766893738445827,1000.0,True,12.567348375023963
hvac,IC1_submitted,SGO,2,15000002,30,0.020753748952443883,0.020766893738445827,1000.0,True,12.542110547966635
hvac,IC1_submitted,SGO,3,15000003,30,0.020750160718899124,0.020766893738445827,1000.0,True,12.601809896994382
hvac,IC1_submitted,SGO,4,15000004,30,0.020754897374471046,0.020766893738445827,1000.0,True,12.584122481367862
hvac,IC1_submitted,GWO,0,15001000,30,0.020758080405444527,0.020766893738445827,1000.0,True,18.208545717371937
hvac,IC1_submitted,GWO,1,15001001,30,0.020760780566658563,0.020766893738445827,1000.0,True,18.28403389628511
hvac,IC1_submitted,GWO,2,15001002,30,0.02075947695031241,0.020766893738445827,1000.0,True,18.192609536189895
hvac,IC1_submitted,GWO,3,15001003,30,0.020757243914520686,0.020766893738445827,1000.0,True,18.28429166103403
hvac,IC1_submitted,GWO,4,15001004,30,0.020760515499359186,0.020766893738445827,1000.0,True,18.262784719932824
hvac,IC1_submitted,PSO,0,15002000,8,0.02075924083115626,0.020766893738445827,1000.0,True,4.719474523871516
hvac,IC1_submitted,PSO,1,15002001,8,0.020761202468644813,0.020766893738445827,1000.0,True,4.72181775929251
hvac,IC1_submitted,PSO,2,15002002,8,0.0207567496064552,0.020766893738445827,1000.0,True,4.750569310349722
hvac,IC1_submitted,PSO,3,15002003,8,0.020752768436492274,0.020766893738445827,1000.0,True,4.763361084779414
hvac,IC1_submitted,PSO,4,15002004,8,0.020764137598663055,0.020766893738445827,1000.0,True,4.7413889916691305
hvac,IC1_submitted,WOA,0,15003000,30,0.020766941129627688,0.020766893738445827,1000.0,True,8.125273804025104
hvac,IC1_submitted,WOA,1,15003001,30,0.020766900988981915,0.020766893738445827,1000.0,True,8.099112144399745
hvac,IC1_submitted,WOA,2,15003002,30,0.020766895116550662,0.020766893738445827,1000.0,True,8.122892635564009
hvac,IC1_submitted,WOA,3,15003003,30,0.020766854058192258,0.020766893738445827,1000.0,True,8.09741132822819
hvac,IC1_submitted,WOA,4,15003004,30,0.02076685068924874,0.020766893738445827,1000.0,True,8.063254709239118
hvac,IC2_cold_building,SGO,0,15010000,30,0.10260772173663867,0.10261083524760088,1000.0,True,12.55588635080494
hvac,IC2_cold_building,SGO,1,15010001,30,0.10260770730384172,0.10261083524760088,1000.0,True,12.579960646146597
hvac,IC2_cold_building,SGO,2,15010002,30,0.10260685075179331,0.10261083524760088,1000.0,True,12.563601836950207
hvac,IC2_cold_building,SGO,3,15010003,30,0.10260818016266177,0.10261083524760088,1000.0,True,12.592879822904555
hvac,IC2_cold_building,SGO,4,15010004,30,0.10260779982640965,0.10261083524760088,1000.0,True,12.598232344452603
hvac,IC2_cold_building,GWO,0,15011000,30,0.10260895741087794,0.10261083524760088,1000.0,True,18.253785195178352
hvac,IC2_cold_building,GWO,1,15011001,30,0.1026085653509769,0.10261083524760088,1000.0,True,18.24292038703182
hvac,IC2_cold_building,GWO,2,15011002,30,0.10260845975404258,0.10261083524760088,1000.0,True,18.221656095741007
hvac,IC2_cold_building,GWO,3,15011003,30,0.1026090494074472,0.10261083524760088,1000.0,True,18.203170886651304
hvac,IC2_cold_building,GWO,4,15011004,30,0.10260866487906878,0.10261083524760088,1000.0,True,18.243919277369667
hvac,IC2_cold_building,PSO,0,15012000,8,0.1026058950406955,0.10261083524760088,1000.0,True,4.683068131213076
hvac,IC2_cold_building,PSO,1,15012001,8,0.10260983568126252,0.10261083524760088,1000.0,True,4.668704984437984
hvac,IC2_cold_building,PSO,2,15012002,8,0.10260912139878968,0.10261083524760088,1000.0,True,4.691076796036214
hvac,IC2_cold_building,PSO,3,15012003,8,0.10261002582035843,0.10261083524760088,1000.0,True,4.703856084689808
hvac,IC2_cold_building,PSO,4,15012004,8,0.10260773922890376,0.10261083524760088,1000.0,True,4.719818576122634
hvac,IC2_cold_building,WOA,0,15013000,30,0.10261083608080686,0.10261083524760088,1000.0,True,8.047698309916692
hvac,IC2_cold_building,WOA,1,15013001,30,0.1026108307849024,0.10261083524760088,1000.0,True,8.060171953829316
hvac,IC2_cold_building,WOA,2,15013002,30,0.10261083343986792,0.10261083524760088,1000.0,True,8.088839246464582
hvac,IC2_cold_building,WOA,3,15013003,30,0.10261083526376108,0.10261083524760088,1000.0,True,8.025682598585263
hvac,IC2_cold_building,WOA,4,15013004,30,0.10261082628051867,0.10261083524760088,1000.0,True,8.04271567434383
hvac,IC3_warm_building,SGO,0,15020000,30,0.020739113810892457,0.020754824114289337,1000.0,True,12.594672396429814
hvac,IC3_warm_building,SGO,1,15020001,30,0.02074025361692338,0.020754824114289337,1000.0,True,12.531465583558505
hvac,IC3_warm_building,SGO,2,15020002,30,0.020743411845679568,0.020754824114289337,1000.0,True,12.51909471656351
hvac,IC3_warm_building,SGO,3,15020003,30,0.02074128647921834,0.020754824114289337,1000.0,True,12.525843649481734
hvac,IC3_warm_building,SGO,4,15020004,30,0.020740785020979605,0.020754824114289337,1000.0,True,12.567981976860514
hvac,IC3_warm_building,GWO,0,15021000,30,0.020745536348388712,0.020754824114289337,1000.0,True,18.235072219433885
hvac,IC3_warm_building,GWO,1,15021001,30,0.02074857395117782,0.020754824114289337,1000.0,True,18.203771588974632
hvac,IC3_warm_building,GWO,2,15021002,30,0.0207464114074561,0.020754824114289337,1000.0,True,18.153793721537415
hvac,IC3_warm_building,GWO,3,15021003,30,0.020748399136511907,0.020754824114289337,1000.0,True,18.19440062378999
hvac,IC3_warm_building,GWO,4,15021004,30,0.020745678155125524,0.020754824114289337,1000.0,True,18.153739980577182
hvac,IC3_warm_building,PSO,0,15022000,8,0.02074942502578926,0.020754824114289337,1000.0,True,4.70192035252694
hvac,IC3_warm_building,PSO,1,15022001,8,0.02074186207992504,0.020754824114289337,1000.0,True,4.701271629853484
hvac,IC3_warm_building,PSO,2,15022002,8,0.02073592247393004,0.020754824114289337,1000.0,True,4.713185545561525
hvac,IC3_warm_building,PSO,3,15022003,8,0.020751459079552698,0.020754824114289337,1000.0,True,4.666780556086451
hvac,IC3_warm_building,PSO,4,15022004,8,0.020750452586986295,0.020754824114289337,1000.0,True,4.677390743046999
hvac,IC3_warm_building,WOA,0,15023000,30,0.020754843862813715,0.020754824114289337,1000.0,True,8.07806268427521
hvac,IC3_warm_building,WOA,1,15023001,30,0.02075478536784008,0.020754824114289337,1000.0,True,8.087391075018482
hvac,IC3_warm_building,WOA,2,15023002,30,0.020754843091087518,0.020754824114289337,1000.0,True,8.09326522188106
hvac,IC3_warm_building,WOA,3,15023003,30,0.020754878153442225,0.020754824114289337,1000.0,True,8.0861450676263
hvac,IC3_warm_building,WOA,4,15023004,30,0.020754848581885588,0.020754824114289337,1000.0,True,8.066928325570188
hvac,IC4_warm_rooms_cold_walls,SGO,0,15030000,30,0.00905104394886061,0.009069017298942727,1000.0,True,12.594908419957696
hvac,IC4_warm_rooms_cold_walls,SGO,1,15030001,30,0.009045097544516446,0.009069017298942727,1000.0,True,12.51426194270607
hvac,IC4_warm_rooms_cold_walls,SGO,2,15030002,30,0.009039077595389881,0.009069017298942727,1000.0,True,12.462518316111527
hvac,IC4_warm_rooms_cold_walls,SGO,3,15030003,30,0.009041820467217928,0.009069017298942727,1000.0,True,12.561105490817377
hvac,IC4_warm_rooms_cold_walls,SGO,4,15030004,30,0.00905103874137511,0.009069017298942727,1000.0,True,12.555225555086508
hvac,IC4_warm_rooms_cold_walls,GWO,0,15031000,30,0.009061313035717,0.009069017298942727,1000.0,True,18.032681536511518
hvac,IC4_warm_rooms_cold_walls,GWO,1,15031001,30,0.009064604246628291,0.009069017298942727,1000.0,True,18.045592425740324
hvac,IC4_warm_rooms_cold_walls,GWO,2,15031002,30,0.00905910362938233,0.009069017298942727,1000.0,True,18.1882253033109
hvac,IC4_warm_rooms_cold_walls,GWO,3,15031003,30,0.009060663322119057,0.009069017298942727,1000.0,True,18.17792995541822
hvac,IC4_warm_rooms_cold_walls,GWO,4,15031004,30,0.00905752279409171,0.009069017298942727,1000.0,True,18.108910419008073
hvac,IC4_warm_rooms_cold_walls,PSO,0,15032000,8,0.009053093436240535,0.009069017298942727,1000.0,True,4.695433939419066
hvac,IC4_warm_rooms_cold_walls,PSO,1,15032001,8,0.00904230586379477,0.009069017298942727,1000.0,True,4.693699909102482
hvac,IC4_warm_rooms_cold_walls,PSO,2,15032002,8,0.009069052601621648,0.009069017298942727,1000.0,True,4.711557483882643
hvac,IC4_warm_rooms_cold_walls,PSO,3,15032003,8,0.00906901655251164,0.009069017298942727,1000.0,True,4.690478786748524
hvac,IC4_warm_rooms_cold_walls,PSO,4,15032004,8,0.009069053162661891,0.009069017298942727,1000.0,True,4.691030169293906
hvac,IC4_warm_rooms_cold_walls,WOA,0,15033000,30,0.00906913667119828,0.009069017298942727,1000.0,True,8.049628986705406
hvac,IC4_warm_rooms_cold_walls,WOA,1,15033001,30,0.00906908419218926,0.009069017298942727,1000.0,True,8.023852849185156
hvac,IC4_warm_rooms_cold_walls,WOA,2,15033002,30,0.009069082715182296,0.009069017298942727,1000.0,True,8.02589730041412
hvac,IC4_warm_rooms_cold_walls,WOA,3,15033003,30,0.009069025207542282,0.009069017298942727,1000.0,True,8.026099533153078
hvac,IC4_warm_rooms_cold_walls,WOA,4,15033004,30,0.009069125939924219,0.009069017298942727,1000.0,True,8.025583021109924
hvac,IC5_at_room_setpoint,SGO,0,15040000,30,0.0007839469446086154,0.0007839952774648286,1000.0,True,12.574548030698983
hvac,IC5_at_room_setpoint,SGO,1,15040001,30,0.0007874479859821688,0.0007839952774648286,1000.0,True,12.578847520092191
hvac,IC5_at_room_setpoint,SGO,2,15040002,30,0.0007852429687833281,0.0007839952774648286,1000.0,True,12.607610228587873
hvac,IC5_at_room_setpoint,SGO,3,15040003,30,0.00078394016498791,0.0007839952774648286,1000.0,True,12.62513148113309
hvac,IC5_at_room_setpoint,SGO,4,15040004,30,0.0007876216334207206,0.0007839952774648286,1000.0,True,12.543579986901022
hvac,IC5_at_room_setpoint,GWO,0,15041000,30,0.0007837550542940502,0.0007839952774648286,1000.0,True,18.195771389097597
hvac,IC5_at_room_setpoint,GWO,1,15041001,30,0.000783777767071339,0.0007839952774648286,1000.0,True,18.275813851156272
hvac,IC5_at_room_setpoint,GWO,2,15041002,30,0.0007837725738173767,0.0007839952774648286,1000.0,True,18.261324950222235
hvac,IC5_at_room_setpoint,GWO,3,15041003,30,0.0007836459597486285,0.0007839952774648286,1000.0,True,18.17255781412435
hvac,IC5_at_room_setpoint,GWO,4,15041004,30,0.0007836611925571231,0.0007839952774648286,1000.0,True,18.085245078623604
hvac,IC5_at_room_setpoint,PSO,0,15042000,8,0.0007840025519275788,0.0007839952774648286,1000.0,True,4.695205200851585
hvac,IC5_at_room_setpoint,PSO,1,15042001,8,0.0007839993401166926,0.0007839952774648286,1000.0,True,4.711437379436878
hvac,IC5_at_room_setpoint,PSO,2,15042002,8,0.0007839881285770046,0.0007839952774648286,1000.0,True,4.713713523233309
hvac,IC5_at_room_setpoint,PSO,3,15042003,8,0.0007839921848780831,0.0007839952774648286,1000.0,True,4.710505022744958
hvac,IC5_at_room_setpoint,PSO,4,15042004,8,0.0007839949711920336,0.0007839952774648286,1000.0,True,4.687979024912541
hvac,IC5_at_room_setpoint,WOA,0,15043000,30,0.0007839930016089666,0.0007839952774648286,1000.0,True,7.960038723191246
hvac,IC5_at_room_setpoint,WOA,1,15043001,30,0.0007839947156847096,0.0007839952774648286,1000.0,True,8.008270824716115
hvac,IC5_at_room_setpoint,WOA,2,15043002,30,0.0007839953265362062,0.0007839952774648286,1000.0,True,8.072039419203065
hvac,IC5_at_room_setpoint,WOA,3,15043003,30,0.000783993449635318,0.0007839952774648286,1000.0,True,7.98614858284903
hvac,IC5_at_room_setpoint,WOA,4,15043004,30,0.0007839943471744832,0.0007839952774648286,1000.0,True,8.065267822666405
uav,IC1_submitted,SGO,0,16000000,20,0.0009655524840532963,0.0008692986026327382,1000.0,True,13.014921416179277
uav,IC1_submitted,SGO,1,16000001,20,0.0009744729786863494,0.0008692986026327382,1000.0,True,13.00202843383886
uav,IC1_submitted,SGO,2,16000002,20,0.0008914912905287387,0.0008692986026327382,1000.0,True,12.945538314059377
uav,IC1_submitted,SGO,3,16000003,20,0.0009385260888884116,0.0008692986026327382,1000.0,True,12.836400307016447
uav,IC1_submitted,SGO,4,16000004,20,0.0010714552341006588,0.0008692986026327382,1000.0,True,12.794013568549417
uav,IC1_submitted,GWO,0,16001000,30,0.0008688962144785336,0.0008692986026327382,1000.0,True,22.31721134716645
uav,IC1_submitted,GWO,1,16001001,30,0.000870542944445974,0.0008692986026327382,1000.0,True,22.11602130450774
uav,IC1_submitted,GWO,2,16001002,30,0.0008687052001695896,0.0008692986026327382,1000.0,True,22.297724550240673
uav,IC1_submitted,GWO,3,16001003,30,0.0008713012642515761,0.0008692986026327382,1000.0,True,22.235469806939363
uav,IC1_submitted,GWO,4,16001004,30,0.0008673051008441911,0.0008692986026327382,1000.0,True,22.337072331574745
uav,IC1_submitted,PSO,0,16002000,10,0.003625696232669283,0.0008692986026327382,1000.0,True,4.438943392364308
uav,IC1_submitted,PSO,1,16002001,10,0.002314727625131027,0.0008692986026327382,1000.0,True,4.448766663088463
uav,IC1_submitted,PSO,2,16002002,10,0.005086295640957589,0.0008692986026327382,1000.0,True,4.5019655850483105
uav,IC1_submitted,PSO,3,16002003,10,0.00093366824686169,0.0008692986026327382,1000.0,True,4.467079621972516
uav,IC1_submitted,PSO,4,16002004,10,0.0008734264864863612,0.0008692986026327382,1000.0,True,4.444003304815851
uav,IC1_submitted,WOA,0,16003000,30,0.0012038057979271617,0.0008692986026327382,1000.0,True,8.039045547950082
uav,IC1_submitted,WOA,1,16003001,30,0.0015462812243829287,0.0008692986026327382,1000.0,True,8.109699210035615
uav,IC1_submitted,WOA,2,16003002,30,0.0009299622163254998,0.0008692986026327382,1000.0,True,8.018004541401751
uav,IC1_submitted,WOA,3,16003003,30,0.001062995542916588,0.0008692986026327382,1000.0,True,8.029314027749933
uav,IC1_submitted,WOA,4,16003004,30,0.0008674831503244562,0.0008692986026327382,1000.0,True,8.04938755754847
uav,IC2_offset_xy,SGO,0,16010000,20,0.010887406300258242,0.01081766982445975,1000.0,True,12.936358825536445
uav,IC2_offset_xy,SGO,1,16010001,20,0.011030374023800207,0.01081766982445975,1000.0,True,12.964851852040738
uav,IC2_offset_xy,SGO,2,16010002,20,0.010885556255190795,0.01081766982445975,1000.0,True,12.885623899055645
uav,IC2_offset_xy,SGO,3,16010003,20,0.010963252262893066,0.01081766982445975,1000.0,True,12.820791271864437
uav,IC2_offset_xy,SGO,4,16010004,20,0.010888975688567143,0.01081766982445975,1000.0,True,12.900735232746229
uav,IC2_offset_xy,GWO,0,16011000,30,0.01082205430332397,0.01081766982445975,1000.0,True,22.38989858806599
uav,IC2_offset_xy,GWO,1,16011001,30,0.010849147345643274,0.01081766982445975,1000.0,True,22.273168166866526
uav,IC2_offset_xy,GWO,2,16011002,30,0.010826412897651254,0.01081766982445975,1000.0,True,22.15517693804577
uav,IC2_offset_xy,GWO,3,16011003,30,0.010816972564173922,0.01081766982445975,1000.0,True,22.33580709726084
uav,IC2_offset_xy,GWO,4,16011004,30,0.01082576147541228,0.01081766982445975,1000.0,True,22.186853116261773
uav,IC2_offset_xy,PSO,0,16012000,10,0.010812686042732824,0.01081766982445975,1000.0,True,4.45583711238578
uav,IC2_offset_xy,PSO,1,16012001,10,0.011138324008542894,0.01081766982445975,1000.0,True,4.44262206251733
uav,IC2_offset_xy,PSO,2,16012002,10,0.010856759137592058,0.01081766982445975,1000.0,True,4.449377860408276
uav,IC2_offset_xy,PSO,3,16012003,10,0.010807498312395872,0.01081766982445975,1000.0,True,4.450837176758796
uav,IC2_offset_xy,PSO,4,16012004,10,0.010816095172966887,0.01081766982445975,1000.0,True,4.405432801228017
uav,IC2_offset_xy,WOA,0,16013000,30,0.010953347587452587,0.01081766982445975,1000.0,True,8.051144994562492
uav,IC2_offset_xy,WOA,1,16013001,30,0.011292602168417652,0.01081766982445975,1000.0,True,8.037508774432354
uav,IC2_offset_xy,WOA,2,16013002,30,0.011227609079306393,0.01081766982445975,1000.0,True,8.0480161489686
uav,IC2_offset_xy,WOA,3,16013003,30,0.01123272975710306,0.01081766982445975,1000.0,True,8.056901231757365
uav,IC2_offset_xy,WOA,4,16013004,30,0.010868194634601197,0.01081766982445975,1000.0,True,8.098059549578466
uav,IC3_altitude_offset,SGO,0,16020000,20,0.009407448054040977,0.00920144780154077,1000.0,True,13.231384901911952
uav,IC3_altitude_offset,SGO,1,16020001,20,0.009778316118783518,0.00920144780154077,1000.0,True,13.208896921016276
uav,IC3_altitude_offset,SGO,2,16020002,20,0.009118314997759547,0.00920144780154077,1000.0,True,13.094172095297836
uav,IC3_altitude_offset,SGO,3,16020003,20,0.009202439984500797,0.00920144780154077,1000.0,True,13.10205804859288
uav,IC3_altitude_offset,SGO,4,16020004,20,0.009624941765932352,0.00920144780154077,1000.0,True,13.05520659207832
uav,IC3_altitude_offset,GWO,0,16021000,30,0.009196371216703003,0.00920144780154077,1000.0,True,22.015396737027913
uav,IC3_altitude_offset,GWO,1,16021001,30,0.009201421690517094,0.00920144780154077,1000.0,True,22.1650209906511
uav,IC3_altitude_offset,GWO,2,16021002,30,0.00920270962415167,0.00920144780154077,1000.0,True,22.17618504818529
uav,IC3_altitude_offset,GWO,3,16021003,30,0.009202688315319528,0.00920144780154077,1000.0,True,22.149110333179124
uav,IC3_altitude_offset,GWO,4,16021004,30,0.009200848082152982,0.00920144780154077,1000.0,True,22.282568214694038
uav,IC3_altitude_offset,PSO,0,16022000,10,0.009230563546478646,0.00920144780154077,1000.0,True,4.43730732111726
uav,IC3_altitude_offset,PSO,1,16022001,10,0.00919575577491625,0.00920144780154077,1000.0,True,4.450514602707699
uav,IC3_altitude_offset,PSO,2,16022002,10,0.01047866704082648,0.00920144780154077,1000.0,True,4.392617075704038
uav,IC3_altitude_offset,PSO,3,16022003,10,0.014981247038901064,0.00920144780154077,1000.0,True,4.448878341470845
uav,IC3_altitude_offset,PSO,4,16022004,10,0.009600270292315105,0.00920144780154077,1000.0,True,4.44938436942175
uav,IC3_altitude_offset,WOA,0,16023000,30,0.00952738809316165,0.00920144780154077,1000.0,True,8.068743652896956
uav,IC3_altitude_offset,WOA,1,16023001,30,0.009222551089508627,0.00920144780154077,1000.0,True,8.026319696684368
uav,IC3_altitude_offset,WOA,2,16023002,30,0.009890202201416374,0.00920144780154077,1000.0,True,8.037654300918803
uav,IC3_altitude_offset,WOA,3,16023003,30,0.009758678354724697,0.00920144780154077,1000.0,True,8.033205136307515
uav,IC3_altitude_offset,WOA,4,16023004,30,0.009578239319234244,0.00920144780154077,1000.0,True,7.976231881184503
uav,IC4_attitude_perturbed,SGO,0,16030000,20,0.00144873808878619,0.0012838281036897717,1000.0,True,12.994076694129035
uav,IC4_attitude_perturbed,SGO,1,16030001,20,0.0014237958686129223,0.0012838281036897717,1000.0,True,12.96484947775025
uav,IC4_attitude_perturbed,SGO,2,16030002,20,0.0013986734681021244,0.0012838281036897717,1000.0,True,12.93151314149145
uav,IC4_attitude_perturbed,SGO,3,16030003,20,0.0013553987590978888,0.0012838281036897717,1000.0,True,12.91796554333996
uav,IC4_attitude_perturbed,SGO,4,16030004,20,0.001369937919256532,0.0012838281036897717,1000.0,True,12.981158781447448
uav,IC4_attitude_perturbed,GWO,0,16031000,30,0.0012797371479494034,0.0012838281036897717,1000.0,True,22.307301989174448
uav,IC4_attitude_perturbed,GWO,1,16031001,30,0.0012829728236001948,0.0012838281036897717,1000.0,True,22.34365996462293
uav,IC4_attitude_perturbed,GWO,2,16031002,30,0.0012836120891486869,0.0012838281036897717,1000.0,True,22.150812475243583
uav,IC4_attitude_perturbed,GWO,3,16031003,30,0.0012814329684188587,0.0012838281036897717,1000.0,True,22.241574980085716
uav,IC4_attitude_perturbed,GWO,4,16031004,30,0.001282996790110003,0.0012838281036897717,1000.0,True,22.238706487580203
uav,IC4_attitude_perturbed,PSO,0,16032000,10,0.0012913982342344203,0.0012838281036897717,1000.0,True,4.448087967350148
uav,IC4_attitude_perturbed,PSO,1,16032001,10,0.0012812303342980304,0.0012838281036897717,1000.0,True,4.452786442707293
uav,IC4_attitude_perturbed,PSO,2,16032002,10,0.0016467769185294892,0.0012838281036897717,1000.0,True,4.4509382649557665
uav,IC4_attitude_perturbed,PSO,3,16032003,10,0.00127405223784331,0.0012838281036897717,1000.0,True,4.461119655170478
uav,IC4_attitude_perturbed,PSO,4,16032004,10,0.009004285899446808,0.0012838281036897717,1000.0,True,4.452780568506569
uav,IC4_attitude_perturbed,WOA,0,16033000,30,0.00240578931223722,0.0012838281036897717,1000.0,True,8.066571540664881
uav,IC4_attitude_perturbed,WOA,1,16033001,30,0.0015227040469712012,0.0012838281036897717,1000.0,True,8.043845824548043
uav,IC4_attitude_perturbed,WOA,2,16033002,30,0.0017682560677299,0.0012838281036897717,1000.0,True,8.029186864267103
uav,IC4_attitude_perturbed,WOA,3,16033003,30,0.0017915911551111081,0.0012838281036897717,1000.0,True,7.980865642777644
uav,IC4_attitude_perturbed,WOA,4,16033004,30,0.0017745902957756333,0.0012838281036897717,1000.0,True,8.014115501078777
uav,IC5_with_velocity,SGO,0,16040000,20,0.001950947159910086,0.0019675502542653013,1000.0,True,12.911431097076274
uav,IC5_with_velocity,SGO,1,16040001,20,0.0019674834723951108,0.0019675502542653013,1000.0,True,12.869305921019986
uav,IC5_with_velocity,SGO,2,16040002,20,0.0019411089359744624,0.0019675502542653013,1000.0,True,12.958451033802703
uav,IC5_with_velocity,SGO,3,16040003,20,0.0019650687174099604,0.0019675502542653013,1000.0,True,12.93942918558605
uav,IC5_with_velocity,SGO,4,16040004,20,0.001954616125044953,0.0019675502542653013,1000.0,True,12.945092864800245
uav,IC5_with_velocity,GWO,0,16041000,30,0.001967229370437903,0.0019675502542653013,1000.0,True,22.241019678884186
uav,IC5_with_velocity,GWO,1,16041001,30,0.001969398874832817,0.0019675502542653013,1000.0,True,22.195807854412124
uav,IC5_with_velocity,GWO,2,16041002,30,0.00196473464719822,0.0019675502542653013,1000.0,True,22.139853688888252
uav,IC5_with_velocity,GWO,3,16041003,30,0.00197415221566287,0.0019675502542653013,1000.0,True,22.23839505703654
uav,IC5_with_velocity,GWO,4,16041004,30,0.001966574091943733,0.0019675502542653013,1000.0,True,22.181537150405347
uav,IC5_with_velocity,PSO,0,16042000,10,0.0019684254665550027,0.0019675502542653013,1000.0,True,4.432961898623034
uav,IC5_with_velocity,PSO,1,16042001,10,0.001966946238728924,0.0019675502542653013,1000.0,True,4.481590738752857
uav,IC5_with_velocity,PSO,2,16042002,10,0.0019707890962613046,0.0019675502542653013,1000.0,True,4.452049531741068
uav,IC5_with_velocity,PSO,3,16042003,10,0.0019695955669038084,0.0019675502542653013,1000.0,True,4.470580066205002
uav,IC5_with_velocity,PSO,4,16042004,10,0.0019670003280883685,0.0019675502542653013,1000.0,True,4.4646480003139
uav,IC5_with_velocity,WOA,0,16043000,30,0.0019857344544998213,0.0019675502542653013,1000.0,True,8.069137148326263
uav,IC5_with_velocity,WOA,1,16043001,30,0.0020173005520609153,0.0019675502542653013,1000.0,True,8.018175630830228
uav,IC5_with_velocity,WOA,2,16043002,30,0.0019733450584947555,0.0019675502542653013,1000.0,True,7.9365571272792295
uav,IC5_with_velocity,WOA,3,16043003,30,0.0019953525205953205,0.0019675502542653013,1000.0,True,8.004704797524028
uav,IC5_with_velocity,WOA,4,16043004,30,0.0019205827470646327,0.0019675502542653013,1000.0,True,8.015121686621569
