system,condition,alg,trial,seed,nrmse,reference_nrmse,realized_nfe_mean,fe_exact,time_ms_mean
hvac,nominal,SGO,0,16000000,0.04006413881327,0.04009219076759363,1000.0,True,11.791224519256502
hvac,nominal,SGO,1,16000001,0.04007290003549619,0.04009219076759363,1000.0,True,11.738489573617699
hvac,nominal,SGO,2,16000002,0.04007950561382689,0.04009219076759363,1000.0,True,11.68279210352921
hvac,nominal,SGO,3,16000003,0.04006676091053079,0.04009219076759363,1000.0,True,11.601991985517088
hvac,nominal,SGO,4,16000004,0.04007094776278177,0.04009219076759363,1000.0,True,11.477504545619013
hvac,nominal,SGO,5,16000005,0.040066144103574605,0.04009219076759363,1000.0,True,11.661360754078487
hvac,nominal,SGO,6,16000006,0.04006043616919286,0.04009219076759363,1000.0,True,11.732461240317207
hvac,nominal,SGO,7,16000007,0.04006146201125765,0.04009219076759363,1000.0,True,11.644257943844423
hvac,nominal,SGO,8,16000008,0.040075281311014586,0.04009219076759363,1000.0,True,11.738916545000393
hvac,nominal,SGO,9,16000009,0.04006932042292689,0.04009219076759363,1000.0,True,11.68729196084314
hvac,nominal,GWO,0,16001000,0.04007522917457685,0.04009219076759363,1000.0,True,17.224333145277342
hvac,nominal,GWO,1,16001001,0.040077603294546855,0.04009219076759363,1000.0,True,17.13901536902995
hvac,nominal,GWO,2,16001002,0.040083127872668434,0.04009219076759363,1000.0,True,17.16864450732828
hvac,nominal,GWO,3,16001003,0.04007841202443461,0.04009219076759363,1000.0,True,17.145996537292376
hvac,nominal,GWO,4,16001004,0.04008075757865386,0.04009219076759363,1000.0,True,16.98901177252992
hvac,nominal,GWO,5,16001005,0.04007851982761489,0.04009219076759363,1000.0,True,16.81892555585364
hvac,nominal,GWO,6,16001006,0.04007935587238301,0.04009219076759363,1000.0,True,16.962787821539678
hvac,nominal,GWO,7,16001007,0.04007553911839417,0.04009219076759363,1000.0,True,16.977575400815113
hvac,nominal,GWO,8,16001008,0.04007674631517697,0.04009219076759363,1000.0,True,16.818127743172226
hvac,nominal,GWO,9,16001009,0.040078920206661095,0.04009219076759363,1000.0,True,17.034332892508246
hvac,nominal,PSO,0,16002000,0.04005980631407489,0.04009219076759363,1000.0,True,4.428180676768534
hvac,nominal,PSO,1,16002001,0.04008303615405078,0.04009219076759363,1000.0,True,4.451584245980484
hvac,nominal,PSO,2,16002002,0.04006497083593247,0.04009219076759363,1000.0,True,4.441346291132504
hvac,nominal,PSO,3,16002003,0.04008370109862384,0.04009219076759363,1000.0,True,4.432853780017467
hvac,nominal,PSO,4,16002004,0.040082103616670466,0.04009219076759363,1000.0,True,4.402174385759281
hvac,nominal,PSO,5,16002005,0.04007595477637708,0.04009219076759363,1000.0,True,4.4136560180049855
hvac,nominal,PSO,6,16002006,0.04004740850146467,0.04009219076759363,1000.0,True,4.411515918181976
hvac,nominal,PSO,7,16002007,0.040074251838462936,0.04009219076759363,1000.0,True,4.4584155424672645
hvac,nominal,PSO,8,16002008,0.0400714189442887,0.04009219076759363,1000.0,True,4.429762525687693
hvac,nominal,PSO,9,16002009,0.040069700176776045,0.04009219076759363,1000.0,True,4.418382135190768
hvac,nominal,WOA,0,16003000,0.04009232309856211,0.04009219076759363,1000.0,True,7.420192530262284
hvac,nominal,WOA,1,16003001,0.040092101074933835,0.04009219076759363,1000.0,True,7.410506921441993
hvac,nominal,WOA,2,16003002,0.040092242661379736,0.04009219076759363,1000.0,True,7.393584514647955
hvac,nominal,WOA,3,16003003,0.04009206133126638,0.04009219076759363,1000.0,True,7.411764026328456
hvac,nominal,WOA,4,16003004,0.04009221571388615,0.04009219076759363,1000.0,True,7.45668758143438
hvac,nominal,WOA,5,16003005,0.04009219147260063,0.04009219076759363,1000.0,True,7.419251251267269
hvac,nominal,WOA,6,16003006,0.040092162476996575,0.04009219076759363,1000.0,True,7.49449006296345
hvac,nominal,WOA,7,16003007,0.04009213620759691,0.04009219076759363,1000.0,True,7.442280575050972
hvac,nominal,WOA,8,16003008,0.040092118391222044,0.04009219076759363,1000.0,True,7.536365770210978
hvac,nominal,WOA,9,16003009,0.04009224727538418,0.04009219076759363,1000.0,True,7.779489666718291
hvac,process_disturbance,SGO,0,16010000,0.036067724421861194,0.03636963376125622,1000.0,True,11.662328141828766
hvac,process_disturbance,SGO,1,16010001,0.0433745513803006,0.03636963376125622,1000.0,True,11.683694935200037
hvac,process_disturbance,SGO,2,16010002,0.04910804471906833,0.03636963376125622,1000.0,True,11.995323173177894
hvac,process_disturbance,SGO,3,16010003,0.04369720949322569,0.03636963376125622,1000.0,True,11.92863175572711
hvac,process_disturbance,SGO,4,16010004,0.054868699645682216,0.03636963376125622,1000.0,True,11.875359981931979
hvac,process_disturbance,SGO,5,16010005,0.05201295824154873,0.03636963376125622,1000.0,True,11.57750411744928
hvac,process_disturbance,SGO,6,16010006,0.04715072621639408,0.03636963376125622,1000.0,True,11.837980599084403
hvac,process_disturbance,SGO,7,16010007,0.036911214339251375,0.03636963376125622,1000.0,True,11.787914240849204
hvac,process_disturbance,SGO,8,16010008,0.04179385871806939,0.03636963376125622,1000.0,True,11.696064736606786
hvac,process_disturbance,SGO,9,16010009,0.03844375770939631,0.03636963376125622,1000.0,True,11.773526048782514
hvac,process_disturbance,GWO,0,16011000,0.0400538804995759,0.03636963376125622,1000.0,True,17.193377439543838
hvac,process_disturbance,GWO,1,16011001,0.037379097191912534,0.03636963376125622,1000.0,True,17.199249360419344
hvac,process_disturbance,GWO,2,16011002,0.03907238048286967,0.03636963376125622,1000.0,True,17.25563277504989
hvac,process_disturbance,GWO,3,16011003,0.05883320067075846,0.03636963376125622,1000.0,True,17.096825387707213
hvac,process_disturbance,GWO,4,16011004,0.04272501074338908,0.03636963376125622,1000.0,True,17.14643419982167
hvac,process_disturbance,GWO,5,16011005,0.0379228154325793,0.03636963376125622,1000.0,True,17.142396391864168
hvac,process_disturbance,GWO,6,16011006,0.04489671142081769,0.03636963376125622,1000.0,True,17.213428352552
hvac,process_disturbance,GWO,7,16011007,0.044362866187735106,0.03636963376125622,1000.0,True,16.925791814137483
hvac,process_disturbance,GWO,8,16011008,0.03926634563851217,0.03636963376125622,1000.0,True,17.18272533165873
hvac,process_disturbance,GWO,9,16011009,0.04588275695751795,0.03636963376125622,1000.0,True,17.114484053017804
hvac,process_disturbance,PSO,0,16012000,0.04245791486905854,0.03636963376125622,1000.0,True,4.523845669900766
hvac,process_disturbance,PSO,1,16012001,0.04230257634932627,0.03636963376125622,1000.0,True,4.51625320041785
hvac,process_disturbance,PSO,2,16012002,0.038958137235848574,0.03636963376125622,1000.0,True,4.510899702872848
hvac,process_disturbance,PSO,3,16012003,0.042043607072505124,0.03636963376125622,1000.0,True,4.507534102158388
hvac,process_disturbance,PSO,4,16012004,0.04138323466138192,0.03636963376125622,1000.0,True,4.470590542914579
hvac,process_disturbance,PSO,5,16012005,0.04140130631481654,0.03636963376125622,1000.0,True,4.4507035725109745
hvac,process_disturbance,PSO,6,16012006,0.042071323063488174,0.03636963376125622,1000.0,True,4.490347685205052
hvac,process_disturbance,PSO,7,16012007,0.039927128749789376,0.03636963376125622,1000.0,True,4.494899561977945
hvac,process_disturbance,PSO,8,16012008,0.04516308628992353,0.03636963376125622,1000.0,True,4.468107424618211
hvac,process_disturbance,PSO,9,16012009,0.038094384026168014,0.03636963376125622,1000.0,True,4.502538632805226
hvac,process_disturbance,WOA,0,16013000,0.05165587613138827,0.03636963376125622,1000.0,True,7.712052058777772
hvac,process_disturbance,WOA,1,16013001,0.03754654517511156,0.03636963376125622,1000.0,True,7.593408979882952
hvac,process_disturbance,WOA,2,16013002,0.051948660840046894,0.03636963376125622,1000.0,True,7.614357081329217
hvac,process_disturbance,WOA,3,16013003,0.04566497777740262,0.03636963376125622,1000.0,True,7.64622443850385
hvac,process_disturbance,WOA,4,16013004,0.04269201716562344,0.03636963376125622,1000.0,True,7.5682297196181025
hvac,process_disturbance,WOA,5,16013005,0.04702199148865196,0.03636963376125622,1000.0,True,7.5804625620367005
hvac,process_disturbance,WOA,6,16013006,0.037359531771539785,0.03636963376125622,1000.0,True,7.595461558375973
hvac,process_disturbance,WOA,7,16013007,0.03406025419911482,0.03636963376125622,1000.0,True,7.660810064407997
hvac,process_disturbance,WOA,8,16013008,0.03831852709976325,0.03636963376125622,1000.0,True,7.716909687733278
hvac,process_disturbance,WOA,9,16013009,0.04520009718020918,0.03636963376125622,1000.0,True,7.536619529710151
hvac,measurement_noise,SGO,0,16020000,0.04008637605058254,0.04010683502094508,1000.0,True,11.532895910931984
hvac,measurement_noise,SGO,1,16020001,0.04009996413624428,0.04010683502094508,1000.0,True,11.584891784004867
hvac,measurement_noise,SGO,2,16020002,0.04006445137560002,0.04010683502094508,1000.0,True,11.553609596012393
hvac,measurement_noise,SGO,3,16020003,0.04010058625759261,0.04010683502094508,1000.0,True,11.513022700964939
hvac,measurement_noise,SGO,4,16020004,0.04011465897294962,0.04010683502094508,1000.0,True,11.630086205841508
hvac,measurement_noise,SGO,5,16020005,0.04011473511653706,0.04010683502094508,1000.0,True,11.611284501559567
hvac,measurement_noise,SGO,6,16020006,0.04012308184532398,0.04010683502094508,1000.0,True,11.517298393591773
hvac,measurement_noise,SGO,7,16020007,0.0401448339261132,0.04010683502094508,1000.0,True,11.619579224352492
hvac,measurement_noise,SGO,8,16020008,0.04011608186253246,0.04010683502094508,1000.0,True,11.460820053034695
hvac,measurement_noise,SGO,9,16020009,0.04011054302840603,0.04010683502094508,1000.0,True,11.836251460481435
hvac,measurement_noise,GWO,0,16021000,0.04010751600864306,0.04010683502094508,1000.0,True,17.159866305446485
hvac,measurement_noise,GWO,1,16021001,0.0401120588498835,0.04010683502094508,1000.0,True,17.331462193687912
hvac,measurement_noise,GWO,2,16021002,0.040119051523262304,0.04010683502094508,1000.0,True,17.170420804759488
hvac,measurement_noise,GWO,3,16021003,0.04010684275376712,0.04010683502094508,1000.0,True,16.995180812227773
hvac,measurement_noise,GWO,4,16021004,0.040081506032332466,0.04010683502094508,1000.0,True,16.812905412662076
hvac,measurement_noise,GWO,5,16021005,0.04007119043134281,0.04010683502094508,1000.0,True,16.78925176820485
hvac,measurement_noise,GWO,6,16021006,0.04009768571883809,0.04010683502094508,1000.0,True,16.78380193436169
hvac,measurement_noise,GWO,7,16021007,0.04009045685708575,0.04010683502094508,1000.0,True,16.76639308963786
hvac,measurement_noise,GWO,8,16021008,0.04010572788669363,0.04010683502094508,1000.0,True,17.351512028690195
hvac,measurement_noise,GWO,9,16021009,0.04013283691308056,0.04010683502094508,1000.0,True,17.234054586442653
hvac,measurement_noise,PSO,0,16022000,0.04008398623625132,0.04010683502094508,1000.0,True,4.462186995369848
hvac,measurement_noise,PSO,1,16022001,0.04003599230475914,0.04010683502094508,1000.0,True,4.456444865645608
hvac,measurement_noise,PSO,2,16022002,0.040047539553640245,0.04010683502094508,1000.0,True,4.466154794499744
hvac,measurement_noise,PSO,3,16022003,0.04002914485711776,0.04010683502094508,1000.0,True,4.454284419916803
hvac,measurement_noise,PSO,4,16022004,0.04004199243690812,0.04010683502094508,1000.0,True,4.56561308412347
hvac,measurement_noise,PSO,5,16022005,0.04002467915664005,0.04010683502094508,1000.0,True,4.645321376883658
hvac,measurement_noise,PSO,6,16022006,0.040041284496442266,0.04010683502094508,1000.0,True,4.492752007063245
hvac,measurement_noise,PSO,7,16022007,0.04003357408259873,0.04010683502094508,1000.0,True,4.651592506415909
hvac,measurement_noise,PSO,8,16022008,0.04001615501069937,0.04010683502094508,1000.0,True,4.515201212634565
hvac,measurement_noise,PSO,9,16022009,0.040040649915240804,0.04010683502094508,1000.0,True,4.737890580581734
hvac,measurement_noise,WOA,0,16023000,0.040120764712614464,0.04010683502094508,1000.0,True,7.623992909793742
hvac,measurement_noise,WOA,1,16023001,0.040088311923264855,0.04010683502094508,1000.0,True,7.575243857281748
hvac,measurement_noise,WOA,2,16023002,0.04011192959131168,0.04010683502094508,1000.0,True,7.484401526889997
hvac,measurement_noise,WOA,3,16023003,0.040067685544381844,0.04010683502094508,1000.0,True,7.679105605056975
hvac,measurement_noise,WOA,4,16023004,0.04012445132081662,0.04010683502094508,1000.0,True,7.78173736325698
hvac,measurement_noise,WOA,5,16023005,0.040082401222793905,0.04010683502094508,1000.0,True,7.6055514681502245
hvac,measurement_noise,WOA,6,16023006,0.04007971714279462,0.04010683502094508,1000.0,True,7.5254726721323095
hvac,measurement_noise,WOA,7,16023007,0.04010589235116203,0.04010683502094508,1000.0,True,7.651910134300124
hvac,measurement_noise,WOA,8,16023008,0.04009402340256382,0.04010683502094508,1000.0,True,7.530272219592007
hvac,measurement_noise,WOA,9,16023009,0.04011911458563581,0.04010683502094508,1000.0,True,7.7083020201826
hvac,reference_event,SGO,0,16030000,0.041264889748612484,0.0412631911061791,1000.0,True,11.744783886242658
hvac,reference_event,SGO,1,16030001,0.04126779667647653,0.0412631911061791,1000.0,True,12.227625535451807
hvac,reference_event,SGO,2,16030002,0.04127611966152965,0.0412631911061791,1000.0,True,11.462097153125796
hvac,reference_event,SGO,3,16030003,0.04126951598373072,0.0412631911061791,1000.0,True,11.531882796552964
hvac,reference_event,SGO,4,16030004,0.04126802090196404,0.0412631911061791,1000.0,True,11.362896857754095
hvac,reference_event,SGO,5,16030005,0.04127089642549831,0.0412631911061791,1000.0,True,11.34716815140564
hvac,reference_event,SGO,6,16030006,0.041269007376929075,0.0412631911061791,1000.0,True,11.313956457015593
hvac,reference_event,SGO,7,16030007,0.041262282779694154,0.0412631911061791,1000.0,True,11.262354128848528
hvac,reference_event,SGO,8,16030008,0.041268373089776156,0.0412631911061791,1000.0,True,11.341498345864238
hvac,reference_event,SGO,9,16030009,0.041273546984500635,0.0412631911061791,1000.0,True,11.351502680627163
hvac,reference_event,GWO,0,16031000,0.04126665784876088,0.0412631911061791,1000.0,True,16.959700123697985
hvac,reference_event,GWO,1,16031001,0.04126428388458747,0.0412631911061791,1000.0,True,17.041614918707637
hvac,reference_event,GWO,2,16031002,0.041266925608609804,0.0412631911061791,1000.0,True,16.9777487180545
hvac,reference_event,GWO,3,16031003,0.041263714545751895,0.0412631911061791,1000.0,True,17.253702695597894
hvac,reference_event,GWO,4,16031004,0.04126169936410967,0.0412631911061791,1000.0,True,17.164603876299225
hvac,reference_event,GWO,5,16031005,0.04126355958195845,0.0412631911061791,1000.0,True,16.939756077481434
hvac,reference_event,GWO,6,16031006,0.04126624374452328,0.0412631911061791,1000.0,True,17.029003792413278
hvac,reference_event,GWO,7,16031007,0.0412637890004725,0.0412631911061791,1000.0,True,17.371192930295365
hvac,reference_event,GWO,8,16031008,0.04126239046821103,0.0412631911061791,1000.0,True,17.566402328084223
hvac,reference_event,GWO,9,16031009,0.0412684574216344,0.0412631911061791,1000.0,True,17.28330174126313
hvac,reference_event,PSO,0,16032000,0.04125447165682283,0.0412631911061791,1000.0,True,4.485879596322775
hvac,reference_event,PSO,1,16032001,0.04125473169215762,0.0412631911061791,1000.0,True,4.548173954099184
hvac,reference_event,PSO,2,16032002,0.04126168227778417,0.0412631911061791,1000.0,True,4.509200590546243
hvac,reference_event,PSO,3,16032003,0.04126363583908055,0.0412631911061791,1000.0,True,4.538736278191209
hvac,reference_event,PSO,4,16032004,0.04124275389684817,0.0412631911061791,1000.0,True,4.672271351737436
hvac,reference_event,PSO,5,16032005,0.04125785971735881,0.0412631911061791,1000.0,True,4.59318512599566
hvac,reference_event,PSO,6,16032006,0.04123267496989289,0.0412631911061791,1000.0,True,4.513369570195209
hvac,reference_event,PSO,7,16032007,0.04125025382733744,0.0412631911061791,1000.0,True,4.469266579544637
hvac,reference_event,PSO,8,16032008,0.04125800144905029,0.0412631911061791,1000.0,True,4.474084582179785
hvac,reference_event,PSO,9,16032009,0.04124563120434759,0.0412631911061791,1000.0,True,4.481658609001897
hvac,reference_event,WOA,0,16033000,0.04126322843030036,0.0412631911061791,1000.0,True,7.645526245905785
hvac,reference_event,WOA,1,16033001,0.04126327655486081,0.0412631911061791,1000.0,True,7.728315269632731
hvac,reference_event,WOA,2,16033002,0.0412632297606701,0.0412631911061791,1000.0,True,7.668584099592408
hvac,reference_event,WOA,3,16033003,0.04126311657135636,0.0412631911061791,1000.0,True,7.719659199938178
hvac,reference_event,WOA,4,16033004,0.04126319665781033,0.0412631911061791,1000.0,True,7.637006110599032
hvac,reference_event,WOA,5,16033005,0.041263210295392365,0.0412631911061791,1000.0,True,7.654990059236297
hvac,reference_event,WOA,6,16033006,0.04126319332756906,0.0412631911061791,1000.0,True,7.60260295268381
hvac,reference_event,WOA,7,16033007,0.04126317683473983,0.0412631911061791,1000.0,True,7.657679118856322
hvac,reference_event,WOA,8,16033008,0.04126318248793015,0.0412631911061791,1000.0,True,7.750216429994907
hvac,reference_event,WOA,9,16033009,0.04126307358373814,0.0412631911061791,1000.0,True,7.67231191333849
uav,nominal,SGO,0,17000000,0.001354521422179516,0.0011383115947594536,1000.0,True,12.227098760486115
uav,nominal,SGO,1,17000001,0.0012570082778328125,0.0011383115947594536,1000.0,True,12.20925601257477
uav,nominal,SGO,2,17000002,0.00126548423970793,0.0011383115947594536,1000.0,True,12.068514244019752
uav,nominal,SGO,3,17000003,0.0011731942520644939,0.0011383115947594536,1000.0,True,12.026411846018163
uav,nominal,SGO,4,17000004,0.0013412091608737125,0.0011383115947594536,1000.0,True,11.9556874645059
uav,nominal,SGO,5,17000005,0.001309645116928603,0.0011383115947594536,1000.0,True,12.012739714991767
uav,nominal,SGO,6,17000006,0.0013639015995396784,0.0011383115947594536,1000.0,True,12.014307284698589
uav,nominal,SGO,7,17000007,0.0012211347971118407,0.0011383115947594536,1000.0,True,11.976524924102705
uav,nominal,SGO,8,17000008,0.0013765753558779073,0.0011383115947594536,1000.0,True,12.050262974080397
uav,nominal,SGO,9,17000009,0.0013062071074671179,0.0011383115947594536,1000.0,True,12.078192096669227
uav,nominal,GWO,0,17001000,0.0011371831941219604,0.0011383115947594536,1000.0,True,21.18763621125254
uav,nominal,GWO,1,17001001,0.001136623298690483,0.0011383115947594536,1000.0,True,21.140149997227127
uav,nominal,GWO,2,17001002,0.001136218062244773,0.0011383115947594536,1000.0,True,21.036151468433673
uav,nominal,GWO,3,17001003,0.001135956015540243,0.0011383115947594536,1000.0,True,20.844207998015918
uav,nominal,GWO,4,17001004,0.001134395805642858,0.0011383115947594536,1000.0,True,20.909876790246926
uav,nominal,GWO,5,17001005,0.0011353459914480296,0.0011383115947594536,1000.0,True,20.94612806031364
uav,nominal,GWO,6,17001006,0.0011374886291341817,0.0011383115947594536,1000.0,True,21.465641050745035
uav,nominal,GWO,7,17001007,0.0011358174343109447,0.0011383115947594536,1000.0,True,21.18239213261404
uav,nominal,GWO,8,17001008,0.001139752362529934,0.0011383115947594536,1000.0,True,21.073135942133376
uav,nominal,GWO,9,17001009,0.001136831922996296,0.0011383115947594536,1000.0,True,21.023748073057504
uav,nominal,PSO,0,17002000,0.0027836246293558554,0.0011383115947594536,1000.0,True,4.216051448602229
uav,nominal,PSO,1,17002001,0.0011122384663363146,0.0011383115947594536,1000.0,True,4.236309819971211
uav,nominal,PSO,2,17002002,0.004315203515464615,0.0011383115947594536,1000.0,True,4.313315398612758
uav,nominal,PSO,3,17002003,0.008011155284425078,0.0011383115947594536,1000.0,True,4.257485817070119
uav,nominal,PSO,4,17002004,0.0011316582676712122,0.0011383115947594536,1000.0,True,4.198834217531839
uav,nominal,PSO,5,17002005,0.0012211299863817918,0.0011383115947594536,1000.0,True,4.2059136876196135
uav,nominal,PSO,6,17002006,0.011400448961678565,0.0011383115947594536,1000.0,True,4.237314725178294
uav,nominal,PSO,7,17002007,0.0011397486107788707,0.0011383115947594536,1000.0,True,4.299797679996118
uav,nominal,PSO,8,17002008,0.0017069060331081516,0.0011383115947594536,1000.0,True,4.27125470872852
uav,nominal,PSO,9,17002009,0.0011039310380444429,0.0011383115947594536,1000.0,True,4.277260757808108
uav,nominal,WOA,0,17003000,0.0016428107011439246,0.0011383115947594536,1000.0,True,7.5829269891255535
uav,nominal,WOA,1,17003001,0.0013256485215432543,0.0011383115947594536,1000.0,True,7.617814355326118
uav,nominal,WOA,2,17003002,0.0018258934712003505,0.0011383115947594536,1000.0,True,7.587306973146042
uav,nominal,WOA,3,17003003,0.0015718676655902888,0.0011383115947594536,1000.0,True,7.5622100570763
uav,nominal,WOA,4,17003004,0.001440137687857634,0.0011383115947594536,1000.0,True,7.597774047026178
uav,nominal,WOA,5,17003005,0.0015740723778858293,0.0011383115947594536,1000.0,True,7.616546588251367
uav,nominal,WOA,6,17003006,0.001310660999514086,0.0011383115947594536,1000.0,True,7.587017092737369
uav,nominal,WOA,7,17003007,0.001845604738381532,0.0011383115947594536,1000.0,True,7.6163069330505095
uav,nominal,WOA,8,17003008,0.0016762861755886445,0.0011383115947594536,1000.0,True,7.602616109070368
uav,nominal,WOA,9,17003009,0.0017859873813417214,0.0011383115947594536,1000.0,True,7.583852643001592
uav,process_disturbance,SGO,0,17010000,0.006597935873567817,0.006728507719622423,1000.0,True,12.034771067847032
uav,process_disturbance,SGO,1,17010001,0.0061783322246203995,0.006728507719622423,1000.0,True,11.9251307786908
uav,process_disturbance,SGO,2,17010002,0.0068462429223709875,0.006728507719622423,1000.0,True,11.938097043312155
uav,process_disturbance,SGO,3,17010003,0.006838150911141164,0.006728507719622423,1000.0,True,12.022483505279524
uav,process_disturbance,SGO,4,17010004,0.006441193609419002,0.006728507719622423,1000.0,True,12.006574967817869
uav,process_disturbance,SGO,5,17010005,0.006472535896132006,0.006728507719622423,1000.0,True,11.913307705544867
uav,process_disturbance,SGO,6,17010006,0.0067987288647937995,0.006728507719622423,1000.0,True,11.994370113243349
uav,process_disturbance,SGO,7,17010007,0.006748420273465877,0.006728507719622423,1000.0,True,11.919175815273775
uav,process_disturbance,SGO,8,17010008,0.006014696409614987,0.006728507719622423,1000.0,True,11.961877261055633
uav,process_disturbance,SGO,9,17010009,0.006212406077123814,0.006728507719622423,1000.0,True,11.89529950323049
uav,process_disturbance,GWO,0,17011000,0.006605705092314606,0.006728507719622423,1000.0,True,21.214485716773197
uav,process_disturbance,GWO,1,17011001,0.0062670168750288335,0.006728507719622423,1000.0,True,21.27836217681761
uav,process_disturbance,GWO,2,17011002,0.006459282075880447,0.006728507719622423,1000.0,True,21.280954618996475
uav,process_disturbance,GWO,3,17011003,0.006865798703639721,0.006728507719622423,1000.0,True,21.231771946477238
uav,process_disturbance,GWO,4,17011004,0.007324789098273408,0.006728507719622423,1000.0,True,21.182637806196
uav,process_disturbance,GWO,5,17011005,0.006371953673232932,0.006728507719622423,1000.0,True,21.229939911718247
uav,process_disturbance,GWO,6,17011006,0.006870904168592622,0.006728507719622423,1000.0,True,21.237008516618516
uav,process_disturbance,GWO,7,17011007,0.006373747609626783,0.006728507719622423,1000.0,True,21.57953323883703
uav,process_disturbance,GWO,8,17011008,0.00702152785038944,0.006728507719622423,1000.0,True,21.242333685513586
uav,process_disturbance,GWO,9,17011009,0.0064060120181749225,0.006728507719622423,1000.0,True,20.972244201984722
uav,process_disturbance,PSO,0,17012000,0.009079405348478198,0.006728507719622423,1000.0,True,4.177559658855898
uav,process_disturbance,PSO,1,17012001,0.008953852289572031,0.006728507719622423,1000.0,True,4.163254550949205
uav,process_disturbance,PSO,2,17012002,0.006555311547228625,0.006728507719622423,1000.0,True,4.2068913477123715
uav,process_disturbance,PSO,3,17012003,0.019024816825744015,0.006728507719622423,1000.0,True,4.360577634215588
uav,process_disturbance,PSO,4,17012004,0.007076678534329584,0.006728507719622423,1000.0,True,4.206575368589256
uav,process_disturbance,PSO,5,17012005,0.006196948286189455,0.006728507719622423,1000.0,True,4.165427526313579
uav,process_disturbance,PSO,6,17012006,0.012731316368270304,0.006728507719622423,1000.0,True,4.149893416033592
uav,process_disturbance,PSO,7,17012007,0.0064591152166476725,0.006728507719622423,1000.0,True,4.20065322163282
uav,process_disturbance,PSO,8,17012008,0.006672931948135732,0.006728507719622423,1000.0,True,4.234655888139969
uav,process_disturbance,PSO,9,17012009,0.0078073847822049515,0.006728507719622423,1000.0,True,4.203860512789106
uav,process_disturbance,WOA,0,17013000,0.006958517375450529,0.006728507719622423,1000.0,True,7.501626425655559
uav,process_disturbance,WOA,1,17013001,0.00681058075700047,0.006728507719622423,1000.0,True,7.508811574371066
uav,process_disturbance,WOA,2,17013002,0.00716215115485614,0.006728507719622423,1000.0,True,7.51230514535564
uav,process_disturbance,WOA,3,17013003,0.00758376033730834,0.006728507719622423,1000.0,True,7.525153806054732
uav,process_disturbance,WOA,4,17013004,0.0062734978076826224,0.006728507719622423,1000.0,True,7.523392006842187
uav,process_disturbance,WOA,5,17013005,0.007312978931959151,0.006728507719622423,1000.0,True,7.536252493446227
uav,process_disturbance,WOA,6,17013006,0.007720100492292758,0.006728507719622423,1000.0,True,7.878375095460797
uav,process_disturbance,WOA,7,17013007,0.006998459662808762,0.006728507719622423,1000.0,True,7.611968266428448
uav,process_disturbance,WOA,8,17013008,0.0073473764163002634,0.006728507719622423,1000.0,True,7.665064090542728
uav,process_disturbance,WOA,9,17013009,0.006818596903501474,0.006728507719622423,1000.0,True,7.567818821262335
uav,measurement_noise,SGO,0,17020000,0.0016285713255378646,0.001432390048719209,1000.0,True,11.769977017393103
uav,measurement_noise,SGO,1,17020001,0.0015859707952009057,0.001432390048719209,1000.0,True,11.87986756573082
uav,measurement_noise,SGO,2,17020002,0.001569103368700248,0.001432390048719209,1000.0,True,11.813773625035537
uav,measurement_noise,SGO,3,17020003,0.00148236394143846,0.001432390048719209,1000.0,True,11.769082927203272
uav,measurement_noise,SGO,4,17020004,0.0015661639393250968,0.001432390048719209,1000.0,True,11.981916403165087
uav,measurement_noise,SGO,5,17020005,0.001605807068879232,0.001432390048719209,1000.0,True,12.074790332553675
uav,measurement_noise,SGO,6,17020006,0.001599113365199869,0.001432390048719209,1000.0,True,11.960305415123003
uav,measurement_noise,SGO,7,17020007,0.0014800207690121995,0.001432390048719209,1000.0,True,12.10943417972885
uav,measurement_noise,SGO,8,17020008,0.001629712814577064,0.001432390048719209,1000.0,True,12.135833419160917
uav,measurement_noise,SGO,9,17020009,0.0016637236951407063,0.001432390048719209,1000.0,True,12.287734869896667
uav,measurement_noise,GWO,0,17021000,0.0014616341031031398,0.001432390048719209,1000.0,True,21.544643554807408
uav,measurement_noise,GWO,1,17021001,0.0014827763606915303,0.001432390048719209,1000.0,True,21.617562843166525
uav,measurement_noise,GWO,2,17021002,0.001525242374631317,0.001432390048719209,1000.0,True,21.870360728207743
uav,measurement_noise,GWO,3,17021003,0.0014687277546571334,0.001432390048719209,1000.0,True,22.27843480897718
uav,measurement_noise,GWO,4,17021004,0.0014693358122552906,0.001432390048719209,1000.0,True,22.25072899265797
uav,measurement_noise,GWO,5,17021005,0.0014276826836559034,0.001432390048719209,1000.0,True,22.13413056844729
uav,measurement_noise,GWO,6,17021006,0.0015215333134881747,0.001432390048719209,1000.0,True,22.663434082787717
uav,measurement_noise,GWO,7,17021007,0.0013846546892543937,0.001432390048719209,1000.0,True,22.550116446072934
uav,measurement_noise,GWO,8,17021008,0.0014091291016616863,0.001432390048719209,1000.0,True,22.832568519515917
uav,measurement_noise,GWO,9,17021009,0.0014579929816990345,0.001432390048719209,1000.0,True,22.866754745482467
uav,measurement_noise,PSO,0,17022000,0.013524367730598202,0.001432390048719209,1000.0,True,4.509364557598019
uav,measurement_noise,PSO,1,17022001,0.003417783542916582,0.001432390048719209,1000.0,True,4.474367169168545
uav,measurement_noise,PSO,2,17022002,0.006739956578257224,0.001432390048719209,1000.0,True,4.352206366020255
uav,measurement_noise,PSO,3,17022003,0.007175930610879437,0.001432390048719209,1000.0,True,4.338814848451875
uav,measurement_noise,PSO,4,17022004,0.003208153502606439,0.001432390048719209,1000.0,True,4.375353217474185
uav,measurement_noise,PSO,5,17022005,0.0014621413348032714,0.001432390048719209,1000.0,True,4.39365217476734
uav,measurement_noise,PSO,6,17022006,0.003494423908807378,0.001432390048719209,1000.0,True,4.4207789993379265
uav,measurement_noise,PSO,7,17022007,0.006706510684750308,0.001432390048719209,1000.0,True,4.348583931714529
uav,measurement_noise,PSO,8,17022008,0.0014474596070533398,0.001432390048719209,1000.0,True,4.355912713363068
uav,measurement_noise,PSO,9,17022009,0.0022209691778886276,0.001432390048719209,1000.0,True,4.3143859012343455
uav,measurement_noise,WOA,0,17023000,0.0025114612906999615,0.001432390048719209,1000.0,True,7.774873495072825
uav,measurement_noise,WOA,1,17023001,0.0027629902377240764,0.001432390048719209,1000.0,True,7.725384568620939
uav,measurement_noise,WOA,2,17023002,0.002482088500845771,0.001432390048719209,1000.0,True,7.672495464066742
uav,measurement_noise,WOA,3,17023003,0.0025448543670740804,0.001432390048719209,1000.0,True,7.65535018988885
uav,measurement_noise,WOA,4,17023004,0.0026270655107377377,0.001432390048719209,1000.0,True,7.63440828275634
uav,measurement_noise,WOA,5,17023005,0.0022195153684730936,0.001432390048719209,1000.0,True,7.665137993462849
uav,measurement_noise,WOA,6,17023006,0.002285357522350956,0.001432390048719209,1000.0,True,7.710520749387797
uav,measurement_noise,WOA,7,17023007,0.0027144679779085006,0.001432390048719209,1000.0,True,7.8828819716
uav,measurement_noise,WOA,8,17023008,0.003003981847868821,0.001432390048719209,1000.0,True,7.944556011498207
uav,measurement_noise,WOA,9,17023009,0.002259153978576907,0.001432390048719209,1000.0,True,7.800375785736833
uav,reference_event,SGO,0,17030000,0.029642664518904984,0.02941726141456163,1000.0,True,12.290195458190283
uav,reference_event,SGO,1,17030001,0.02945948062622031,0.02941726141456163,1000.0,True,12.201113654882647
uav,reference_event,SGO,2,17030002,0.029600730392793678,0.02941726141456163,1000.0,True,12.277818724542158
uav,reference_event,SGO,3,17030003,0.029603546562177837,0.02941726141456163,1000.0,True,12.109645680320682
uav,reference_event,SGO,4,17030004,0.02961909643496871,0.02941726141456163,1000.0,True,12.117832319490844
uav,reference_event,SGO,5,17030005,0.029522847579907124,0.02941726141456163,1000.0,True,12.196522650774568
uav,reference_event,SGO,6,17030006,0.029513384579564966,0.02941726141456163,1000.0,True,11.949195902561769
uav,reference_event,SGO,7,17030007,0.029514508858103226,0.02941726141456163,1000.0,True,11.98949115932919
uav,reference_event,SGO,8,17030008,0.029510300244957776,0.02941726141456163,1000.0,True,11.885763570317067
uav,reference_event,SGO,9,17030009,0.02956784512395998,0.02941726141456163,1000.0,True,11.908237245079363
uav,reference_event,GWO,0,17031000,0.029416424825324125,0.02941726141456163,1000.0,True,21.148615397687536
uav,reference_event,GWO,1,17031001,0.02941634824511417,0.02941726141456163,1000.0,True,21.004462830751436
uav,reference_event,GWO,2,17031002,0.029416446815618457,0.02941726141456163,1000.0,True,20.953110224509146
uav,reference_event,GWO,3,17031003,0.02941833272965323,0.02941726141456163,1000.0,True,20.929313909000484
uav,reference_event,GWO,4,17031004,0.029417923740566853,0.02941726141456163,1000.0,True,21.033887899975525
uav,reference_event,GWO,5,17031005,0.0294131968922002,0.02941726141456163,1000.0,True,20.943501580040902
uav,reference_event,GWO,6,17031006,0.029416809771321967,0.02941726141456163,1000.0,True,20.987261539848987
uav,reference_event,GWO,7,17031007,0.02941713799972344,0.02941726141456163,1000.0,True,21.06582872060244
uav,reference_event,GWO,8,17031008,0.029434490959562843,0.02941726141456163,1000.0,True,21.073881213233108
uav,reference_event,GWO,9,17031009,0.02941604961279017,0.02941726141456163,1000.0,True,21.14714956653188
uav,reference_event,PSO,0,17032000,0.040482220465614366,0.02941726141456163,1000.0,True,4.306768785754684
uav,reference_event,PSO,1,17032001,0.04701314521325453,0.02941726141456163,1000.0,True,4.2988186530419625
uav,reference_event,PSO,2,17032002,0.03025025856726042,0.02941726141456163,1000.0,True,4.220640220592031
uav,reference_event,PSO,3,17032003,0.029414262372528272,0.02941726141456163,1000.0,True,4.202621254516998
uav,reference_event,PSO,4,17032004,0.02938840346102538,0.02941726141456163,1000.0,True,4.239446558494819
uav,reference_event,PSO,5,17032005,0.041026530418642515,0.02941726141456163,1000.0,True,4.295447574550053
uav,reference_event,PSO,6,17032006,0.030721856170279182,0.02941726141456163,1000.0,True,4.221640658943215
uav,reference_event,PSO,7,17032007,0.029970508983549457,0.02941726141456163,1000.0,True,4.228278749651508
uav,reference_event,PSO,8,17032008,0.031033878675377245,0.02941726141456163,1000.0,True,4.201914799195947
uav,reference_event,PSO,9,17032009,0.03189371592278247,0.02941726141456163,1000.0,True,4.223097401700215
uav,reference_event,WOA,0,17033000,0.02978795275623156,0.02941726141456163,1000.0,True,7.617345443723025
uav,reference_event,WOA,1,17033001,0.03012074936931689,0.02941726141456163,1000.0,True,7.598478957661428
uav,reference_event,WOA,2,17033002,0.029766277286759735,0.02941726141456163,1000.0,True,7.631749287684215
uav,reference_event,WOA,3,17033003,0.029658892725428015,0.02941726141456163,1000.0,True,7.535268298233859
uav,reference_event,WOA,4,17033004,0.029718617440102305,0.02941726141456163,1000.0,True,7.523538608656963
uav,reference_event,WOA,5,17033005,0.030610309197016322,0.02941726141456163,1000.0,True,7.568572634481825
uav,reference_event,WOA,6,17033006,0.029795493453283157,0.02941726141456163,1000.0,True,7.598056398128392
uav,reference_event,WOA,7,17033007,0.030259852674620485,0.02941726141456163,1000.0,True,7.574000815802719
uav,reference_event,WOA,8,17033008,0.029543425912536465,0.02941726141456163,1000.0,True,7.521421130077215
uav,reference_event,WOA,9,17033009,0.029721377038013485,0.02941726141456163,1000.0,True,7.51797607212211
