lambda_min,lambda_max,cond_H,J_lbfgsb,lbfgsb_multistart_spread,lbfgsb_success,osqp_status,J_osqp,osqp_iterations,osqp_primal_residual,osqp_dual_residual,obj_abs_diff,obj_rel_diff,sol_inf_diff,osqp_minus_lbfgsb,proj_grad_norm,subopt_bound_abs,n_free,n_active,subopt_bound_norm,reference_solver,J_reference,system,Nc,P,dim,step,role
0.253939042026306,0.253939042026306,1.0,-2.1378418508270904,2.220446049250313e-14,True,solved,-2.13784185082709,25,,,4.440892098500626e-16,2.077278118950908e-16,6.673079866459375e-10,4.440892098500626e-16,1.694555606945869e-10,5.653952779608849e-20,1,0,2.6447011398066894e-20,L-BFGS-B,-2.1378418508270904,pendcart,1,20,1,0,k0
0.253939042026306,0.253939042026306,1.0,-2.1826130819069216,9.325873406851315e-15,True,solved,-2.1826130819069216,25,,,0.0,0.0,4.6792472119250306e-08,0.0,0.0,0.0,1,0,0.0,OSQP,-2.1826130819069216,pendcart,1,20,1,7,early_transient
0.253939042026306,0.253939042026306,1.0,-3.15970471722486e-05,3.178067618098135e-18,True,solved,-3.1597047172248606e-05,50,,,6.776263578034403e-21,6.776263578034403e-21,2.0525091001810658e-10,-6.776263578034403e-21,8.673617379884035e-19,1.4812932633815524e-36,1,0,1.4812932633815524e-36,OSQP,-3.1597047172248606e-05,pendcart,1,20,1,75,mid_trajectory
0.253939042026306,0.253939042026306,1.0,-0.07440895513206784,2.7755575615628914e-17,True,solved,-0.07440895513206786,50,,,1.3877787807814457e-17,1.3877787807814457e-17,2.0940338352204435e-10,-1.3877787807814457e-17,2.7755575615628914e-17,1.5168443017027097e-33,1,0,1.5168443017027097e-33,OSQP,-0.07440895513206786,pendcart,1,20,1,12,high_drift_phase1
0.253939042026306,0.253939042026306,1.0,-6.5537275197727635e-09,2.652900573355568e-19,True,solved,-6.553727522805044e-09,25,,,3.032280343858114e-18,3.032280343858114e-18,4.886917108286835e-09,-3.032280343858114e-18,0.0,0.0,1,0,0.0,OSQP,-6.553727522805044e-09,pendcart,1,20,1,135,near_settled
0.20097742880377573,0.30110470053880206,1.4982015758236493,-23.072779250990717,5.506706202140776e-13,True,solved,-23.072779250990717,75,,,0.0,0.0,7.536631319027265e-09,0.0,2.220446049250313e-16,1.2266005906675967e-31,1,1,5.316223838161708e-33,OSQP,-23.072779250990717,pendcart,2,20,2,0,k0
0.20097742880377573,0.30110470053880206,1.4982015758236493,-22.464782888087935,1.8474111129762605e-13,True,solved,-22.46478288808793,75,,,3.552713678800501e-15,1.58145916499569e-16,5.1199706696536396e-09,3.552713678800501e-15,1.3001604237672382e-09,4.205489983606674e-18,1,1,1.8720367806611014e-19,L-BFGS-B,-22.464782888087935,pendcart,2,20,2,7,early_transient
0.20097742880377573,0.30110470053880206,1.4982015758236493,-16.354578210040533,2.0961010704922955e-13,True,solved,-16.354578210040533,75,,,0.0,0.0,3.900642564502732e-08,0.0,8.673617379884035e-19,1.8716439676934765e-36,1,1,1.144415920518465e-37,OSQP,-16.354578210040533,pendcart,2,20,2,75,mid_trajectory
0.20097742880377573,0.30110470053880206,1.4982015758236493,-16.757463140142576,2.8066438062523957e-13,True,solved,-16.757463140142576,75,,,0.0,0.0,4.173192941214765e-08,0.0,5.551115123125783e-17,7.66625369167248e-33,1,1,4.574829511817893e-34,OSQP,-16.757463140142576,pendcart,2,20,2,12,high_drift_phase1
0.20097742880377573,0.30110470053880206,1.4982015758236493,-16.377246228132353,1.5276668818842154e-13,True,solved,-16.377246228132357,75,,,3.552713678800501e-15,2.169298567849431e-16,1.1738831173779829e-07,-3.552713678800501e-15,2.0935266324337287e-16,1.0903845737295472e-31,1,1,6.657923795860847e-33,OSQP,-16.377246228132357,pendcart,2,20,2,135,near_settled
0.2003501482014924,0.3417236377300703,1.705632068644134,-60.11183890090685,6.110667527536862e-13,True,solved,-60.11183890090684,75,,,7.105427357601002e-15,1.1820346020879772e-16,1.0666098670952806e-07,7.105427357601002e-15,2.7085388820680123e-08,1.8308403915669254e-15,1,2,3.045723479837356e-17,L-BFGS-B,-60.11183890090685,pendcart,3,20,3,0,k0
0.2003501482014924,0.3417236377300703,1.705632068644134,-58.154577334795746,6.252776074688882e-13,True,solved,-58.15457733479575,75,,,7.105427357601002e-15,1.2218173845018383e-16,2.34941806009914e-07,-7.105427357601002e-15,0.0,0.0,1,2,0.0,OSQP,-58.15457733479575,pendcart,3,20,3,7,early_transient
0.2003501482014924,0.3417236377300703,1.705632068644134,-48.46460583572542,4.263256414560601e-13,True,solved,-48.46460583572542,75,,,0.0,0.0,1.130494484691269e-07,0.0,6.245004513516506e-17,9.732980415522102e-33,1,2,2.0082656709337124e-34,OSQP,-48.46460583572542,pendcart,3,20,3,75,mid_trajectory
0.2003501482014924,0.3417236377300703,1.705632068644134,-48.747570290468445,6.608047442568932e-13,True,solved,-48.747570290468445,75,,,0.0,0.0,7.391846135185176e-08,0.0,2.7755575615628914e-17,1.922564032695724e-33,1,2,3.94391765833638e-35,OSQP,-48.747570290468445,pendcart,3,20,3,12,high_drift_phase1
0.2003501482014924,0.3417236377300703,1.705632068644134,-48.51580515177473,1.4139800441625994e-12,True,solved,-48.51580515177472,75,,,7.105427357601002e-15,1.4645592988455396e-16,1.0609709288900149e-07,7.105427357601002e-15,2.694219337212589e-08,1.8115329342581867e-15,1,2,3.733902650056133e-17,L-BFGS-B,-48.51580515177473,pendcart,3,20,3,135,near_settled
0.20028676612631413,0.4045958473666307,2.020082780264502,-168.5301233548296,3.1519675758318044e-11,True,solved,-168.5301233548296,100,,,0.0,0.0,6.388449336203195e-08,0.0,0.0,0.0,1,4,0.0,OSQP,-168.5301233548296,pendcart,5,20,5,0,k0
0.20028676612631413,0.4045958473666307,2.020082780264502,-162.0358591149117,8.668621376273222e-12,True,solved,-162.0358591149117,75,,,0.0,0.0,2.7765568311188815e-07,0.0,0.0,0.0,1,4,0.0,OSQP,-162.0358591149117,pendcart,5,20,5,7,early_transient
0.20028676612631413,0.4045958473666307,2.020082780264502,-146.5702652759782,1.1567635738174431e-11,True,solved,-146.5702652759782,75,,,0.0,0.0,3.1467601901979947e-07,0.0,5.551115123125783e-17,7.692689763327115e-33,1,4,5.248465470702735e-35,OSQP,-146.5702652759782,pendcart,5,20,5,75,mid_trajectory
0.20028676612631413,0.4045958473666307,2.020082780264502,-145.4037796236861,5.229594535194337e-12,True,solved,-145.40377962368612,75,,,2.842170943040401e-14,1.9546747343130375e-16,9.507188547530632e-08,-2.842170943040401e-14,5.551115123125783e-17,7.692689763327115e-33,1,4,5.290570701281814e-35,OSQP,-145.40377962368612,pendcart,5,20,5,12,high_drift_phase1
0.20028676612631413,0.4045958473666307,2.020082780264502,-146.69080337523718,2.7824853532365523e-11,True,solved,-146.69080337523718,75,,,0.0,0.0,1.7139671992794092e-07,0.0,5.551115123125783e-17,7.692689763327115e-33,1,4,5.244152725545516e-35,OSQP,-146.69080337523718,pendcart,5,20,5,135,near_settled
0.20026829155587844,0.46099988965599725,2.3019115311490537,-359.7940132068219,2.9393731892923824e-10,True,solved,-359.7940132068219,100,,,0.0,0.0,1.5966607369577446e-08,0.0,2.220446049250313e-16,1.2309439051302985e-31,1,7,3.421246212962165e-34,OSQP,-359.7940132068219,pendcart,8,20,8,0,k0
0.20026829155587844,0.46099988965599725,2.3019115311490537,-343.7509784504069,3.376499080331996e-11,True,solved,-343.7509784504072,75,,,3.410605131648481e-13,9.921732141747287e-16,1.6099834702076876e-06,-3.410605131648481e-13,0.0,0.0,1,7,0.0,OSQP,-343.7509784504072,pendcart,8,20,8,7,early_transient
0.20026829155587844,0.46099988965599725,2.3019115311490537,-323.60351690186667,8.71978045324795e-11,True,solved,-323.6035169018666,100,,,5.684341886080802e-14,1.756576053468723e-16,7.064626483810343e-08,5.684341886080802e-14,1.793984472087118e-08,8.035171871408583e-16,1,7,2.483029834884416e-18,L-BFGS-B,-323.60351690186667,pendcart,8,20,8,75,mid_trajectory
0.20026829155587844,0.46099988965599725,2.3019115311490537,-318.19796825091527,7.5203843152849e-11,True,solved,-318.19796825091555,100,,,2.8421709430404007e-13,8.932083880558297e-16,1.6646468865566533e-06,-2.8421709430404007e-13,5.551115123125783e-17,7.693399407064366e-33,1,7,2.417802806647e-35,OSQP,-318.19796825091555,pendcart,8,20,8,12,high_drift_phase1
0.20026829155587844,0.46099988965599725,2.3019115311490537,-323.8353417028524,8.753886504564434e-12,True,solved,-323.8353417028524,100,,,0.0,0.0,1.5849827494918145e-07,0.0,0.0,0.0,1,7,0.0,OSQP,-323.8353417028524,pendcart,8,20,8,135,near_settled
0.11920134987966657,954.5075242631683,8007.522777441203,-3404.760030526873,0.0,True,solved,-3404.760030526873,75,,,0.0,0.0,0.0,0.0,0.0,0.0,0,2,0.0,OSQP,-3404.760030526873,cstr,1,20,2,0,k0
0.11920134987966657,954.5075242631683,8007.522777441203,-8.01266853205643,3.552713678800501e-15,True,solved,-8.01266853205644,75,,,8.881784197001252e-15,1.1084676923134577e-15,5.056090726651696e-09,-8.881784197001252e-15,1.4210854715202004e-14,8.470893657682792e-28,1,1,1.0571875803664064e-28,OSQP,-8.01266853205644,cstr,1,20,2,5,early_transient
0.11920134987966657,954.5075242631683,8007.522777441203,-1.326946659101464e-11,1.289528123401018e-11,True,solved,-1.3339427898867642e-11,25,,,6.99613078530021e-14,6.99613078530021e-14,9.853460339967089e-07,-6.99613078530021e-14,3.875655030864127e-14,6.3005586486334976e-27,2,0,6.3005586486334976e-27,OSQP,-1.3339427898867642e-11,cstr,1,20,2,50,mid_trajectory
0.11920134987966657,954.5075242631683,8007.522777441203,-11.547357019715943,3.552713678800501e-15,True,solved,-11.547357019715953,75,,,1.0658141036401503e-14,9.22993981930567e-16,5.031817879030953e-09,-1.0658141036401503e-14,2.842170943040401e-14,3.388357463073117e-27,1,1,2.9343142827296643e-28,OSQP,-11.547357019715953,cstr,1,20,2,4,high_drift_phase1
0.11920134987966657,954.5075242631683,8007.522777441203,-1.3182670805560638e-11,1.2872209678173766e-11,True,solved,-1.3246125312711794e-11,25,,,6.34545071511556e-14,6.34545071511556e-14,9.30517385433534e-07,-6.34545071511556e-14,2.3604945801588614e-13,2.3371944481267252e-25,2,0,2.3371944481267252e-25,OSQP,-1.3246125312711794e-11,cstr,1,20,2,90,near_settled
0.021445503460923172,1889.9485597545352,88127.96413002364,-5709.944724700124,0.0,True,solved,-5709.944724700124,75,,,0.0,0.0,1.1102230246251565e-16,0.0,0.0,0.0,0,4,0.0,OSQP,-5709.944724700124,cstr,2,20,4,0,k0
0.021445503460923172,1889.9485597545352,88127.96413002364,-54.54581718370039,9.058239668305966,True,solved,-54.545817183700336,100,,,5.684341886080802e-14,1.0421224173683147e-15,1.6972048211272295e-09,5.684341886080802e-14,1.6184643527594744e-06,6.10717035840665e-11,1,3,1.1196404552596234e-12,L-BFGS-B,-54.54581718370039,cstr,2,20,4,5,early_transient
0.021445503460923172,1889.9485597545352,88127.96413002364,-1.3416669701479145e-11,1.2560032249400737e-11,True,solved,-1.3889600443152457e-11,75,,,4.729307416733121e-13,4.729307416733121e-13,5.798530566678902e-06,-4.729307416733121e-13,2.315674226846228e-14,1.2502264483207057e-26,4,0,1.2502264483207057e-26,OSQP,-1.3889600443152457e-11,cstr,2,20,4,50,mid_trajectory
0.021445503460923172,1889.9485597545352,88127.96413002364,-75.62160726969537,8.526512829121202e-14,True,solved,-75.62160726969532,100,,,5.684341886080802e-14,7.516822362434429e-16,3.6928948787817717e-10,5.684341886080802e-14,3.5215654747844383e-07,2.8913808005932208e-12,1,3,3.823484986614287e-14,L-BFGS-B,-75.62160726969537,cstr,2,20,4,4,high_drift_phase1
0.021445503460923172,1889.9485597545352,88127.96413002364,-1.3504542773496672e-11,1.2738803620888182e-11,True,solved,-1.3795027160822697e-11,75,,,2.904843873260258e-13,2.904843873260258e-13,4.301858207003342e-06,-2.904843873260258e-13,2.1673588852738903e-14,1.0952050032621309e-26,4,0,1.0952050032621309e-26,OSQP,-1.3795027160822697e-11,cstr,2,20,4,90,near_settled
0.02135629115282952,2794.824348935617,130866.55959760725,-6889.408092026945,0.0,True,solved,-6889.408092026945,75,,,0.0,0.0,1.1102230246251565e-16,0.0,0.0,0.0,0,6,0.0,OSQP,-6889.408092026945,cstr,3,20,6,0,k0
0.02135629115282952,2794.824348935617,130866.55959760725,-70.1059749310467,4.664720033259982,True,solved,-70.10597493104662,125,,,8.526512829121202e-14,1.2162319741659e-15,1.4181786411882058e-08,8.526512829121202e-14,2.2475323528438533e-06,1.1826495623540328e-10,2,4,1.6869454615205584e-12,L-BFGS-B,-70.1059749310467,cstr,3,20,6,5,early_transient
0.02135629115282952,2794.824348935617,130866.55959760725,-1.3337880109528244e-11,1.5964075463355763e-10,True,solved,-1.3890675789005197e-11,75,,,5.527956794769533e-13,5.527956794769533e-13,5.022504214841047e-06,-5.527956794769533e-13,1.3248625099991344e-13,4.109469799414703e-25,6,0,4.109469799414703e-25,OSQP,-1.3890675789005197e-11,cstr,3,20,6,50,mid_trajectory
0.02135629115282952,2794.824348935617,130866.55959760725,-108.6669227276421,16.49056578812464,True,solved,-108.66692272764206,150,,,4.263256414560601e-14,3.923232854624802e-16,2.9954316804747805e-11,4.263256414560601e-14,2.8373591476338333e-08,1.8848326413630953e-14,1,5,1.734504478503689e-16,L-BFGS-B,-108.6669227276421,cstr,3,20,6,4,high_drift_phase1
0.02135629115282952,2794.824348935617,130866.55959760725,-1.3328577156904724e-11,1.5970137007127508e-10,True,solved,-1.3796100536281666e-11,75,,,4.675233793769425e-13,4.675233793769425e-13,4.892020500537188e-06,-4.675233793769425e-13,1.3275228267305122e-13,4.1259899550888973e-25,6,0,4.1259899550888973e-25,OSQP,-1.3796100536281666e-11,cstr,3,20,6,90,near_settled
0.021307568140349623,4471.608453623953,209860.10342288556,-7100.4408146159985,7.275957614183426e-12,True,solved,-7100.440814615998,125,,,9.094947017729282e-13,1.280898926586032e-16,2.4399258613527763e-08,9.094947017729282e-13,2.2048395749152405e-05,1.1407490331819378e-08,1,9,1.6065890315341373e-12,L-BFGS-B,-7100.4408146159985,cstr,5,20,10,0,k0
0.021307568140349623,4471.608453623953,209860.10342288556,-70.11644999178712,6.402976993058473e-07,True,solved,-70.1164499917931,450,,,5.9827698351000436e-12,8.53261942925065e-14,2.0648483218518865e-05,-5.9827698351000436e-12,4.997772038440181e-11,5.861233244378276e-20,6,4,8.359284083926545e-22,OSQP,-70.1164499917931,cstr,5,20,10,5,early_transient
0.021307568140349623,4471.608453623953,209860.10342288556,-1.1276403926050374e-11,8.405013448276312e-10,True,solved,-1.389067642408316e-11,75,,,2.6142724980327857e-12,2.6142724980327857e-12,9.861207623752025e-06,-2.6142724980327857e-12,1.2599491612331352e-13,3.7251362483875487e-25,10,0,3.7251362483875487e-25,OSQP,-1.389067642408316e-11,cstr,5,20,10,50,mid_trajectory
0.021307568140349623,4471.608453623953,209860.10342288556,-110.52509021632625,0.21061433759042814,True,solved,-110.52509021632648,325,,,2.2737367544323206e-13,2.0572132083149883e-15,1.1165902709525666e-06,-2.2737367544323206e-13,2.2033795207898538e-11,1.1392387157130699e-20,4,6,1.0307512199114989e-22,OSQP,-110.52509021632648,cstr,5,20,10,4,high_drift_phase1
0.021307568140349623,4471.608453623953,209860.10342288556,-1.1871370443277168e-11,3.897936306236338e-10,True,solved,-1.3796101170564074e-11,75,,,1.9247307272869052e-12,1.9247307272869052e-12,9.590491977634397e-06,-1.9247307272869052e-12,1.2612933897476336e-13,3.733089117778066e-25,10,0,3.733089117778066e-25,OSQP,-1.3796101170564074e-11,cstr,5,20,10,90,near_settled
0.021291488205300357,6527.539668527161,306579.7752409894,-7175.464038319836,0.002534269287934876,True,solved,-7175.4640383211345,1700,,,1.2987584341317415e-09,1.8099992240165295e-13,0.00031955964616882165,-1.2987584341317415e-09,3.3859233129399565e-09,2.6922675790826814e-16,4,12,3.7520466477211966e-20,OSQP,-7175.4640383211345,cstr,8,20,16,0,k0
0.021291488205300357,6527.539668527161,306579.7752409894,-70.11644999174047,1.2231025607434276e-05,True,solved,-70.11644999205792,475,,,3.1745628348289756e-10,4.527557848697318e-12,7.085828111207115e-05,-3.1745628348289756e-10,5.837865726997574e-11,8.003357003003854e-20,12,4,1.1414378514471844e-21,OSQP,-70.11644999205792,cstr,8,20,16,5,early_transient
0.021291488205300357,6527.539668527161,306579.7752409894,-6.476703142356099e-12,8.065793007240587e-05,True,solved,-1.3890676424085158e-11,75,,,7.41397328172906e-12,7.41397328172906e-12,1.1620822043315385e-05,-7.41397328172906e-12,1.2552992713104107e-13,3.7004840745706313e-25,16,0,3.7004840745706313e-25,OSQP,-1.3890676424085158e-11,cstr,8,20,16,50,mid_trajectory
0.021291488205300357,6527.539668527161,306579.7752409894,-110.52511018671356,1.4207579965841433e-06,True,solved,-110.52511018711128,350,,,3.977191909143585e-10,3.5984509786281043e-12,0.0001540442567479483,-3.977191909143585e-10,2.7168248797509604e-11,1.7333540417800247e-20,10,6,1.5682898111076999e-22,OSQP,-110.52511018711128,cstr,8,20,16,4,high_drift_phase1
0.021291488205300357,6527.539668527161,306579.7752409894,-6.374539698019294e-12,3.918231180270026e-05,True,solved,-1.3796101170566059e-11,75,,,7.421561472546766e-12,7.421561472546766e-12,1.1607664269435074e-05,-7.421561472546766e-12,1.256528155991125e-13,3.7077328544967815e-25,16,0,3.7077328544967815e-25,OSQP,-1.3796101170566059e-11,cstr,8,20,16,90,near_settled
0.03596684187208898,0.26043876822533957,7.241079690887331,-7.344862983109914,1.7763568394002505e-14,True,solved,-7.344862983109915,50,,,8.881784197001252e-16,1.2092511756074428e-16,8.912016902229425e-08,-8.881784197001252e-16,0.0,0.0,1,1,0.0,OSQP,-7.344862983109915,flight,1,20,2,0,k0
0.03596684187208898,0.26043876822533957,7.241079690887331,-1.1203344731553335,3.68594044175552e-14,True,solved,-1.120334473155334,50,,,4.440892098500626e-16,3.963898465065709e-16,3.5144926968655454e-08,-4.440892098500626e-16,1.8041124150158794e-16,4.5247531289927326e-31,2,0,4.038752031122564e-31,OSQP,-1.120334473155334,flight,1,20,2,7,early_transient
0.03596684187208898,0.26043876822533957,7.241079690887331,-8.41271665166486e-06,1.2161699056677244e-17,True,solved,-8.412716651673687e-06,50,,,8.827777376284318e-18,8.827777376284318e-18,1.9221455180989944e-08,-8.827777376284318e-18,4.9920416902738796e-18,3.4643686991005054e-34,2,0,3.4643686991005054e-34,OSQP,-8.412716651673687e-06,flight,1,20,2,75,mid_trajectory
0.03596684187208898,0.26043876822533957,7.241079690887331,-1.7075167804355509e-07,5.365973917297829e-15,True,solved,-1.7075167804861592e-07,50,,,5.060836571387233e-18,5.060836571387233e-18,9.929062967650726e-09,-5.060836571387233e-18,2.7906361414913366e-19,1.0826152184689081e-36,2,0,1.0826152184689081e-36,OSQP,-1.7075167804861592e-07,flight,1,20,2,135,near_settled
0.020047519281786483,0.4707167253371937,23.480048514772996,-11.123510403881044,1.98596694644948e-12,True,solved,-11.123510403881058,75,,,1.4210854715202004e-14,1.2775512584807555e-15,5.201006096910987e-07,-1.4210854715202004e-14,0.0,0.0,2,2,0.0,OSQP,-11.123510403881058,flight,2,20,4,0,k0
0.020047519281786483,0.4707167253371937,23.480048514772996,-1.7392325742539338,1.822986206434507e-13,True,solved,-1.7392325742539358,50,,,1.9984014443252818e-15,1.1490133487078471e-15,2.6148954468396823e-07,-1.9984014443252818e-15,3.2487068343022356e-16,2.632269845184943e-30,4,0,1.5134662748103633e-30,OSQP,-1.7392325742539358,flight,2,20,4,7,early_transient
0.020047519281786483,0.4707167253371937,23.480048514772996,-1.1547099458298718e-05,6.724620826273255e-14,True,solved,-1.1547099458313885e-05,50,,,1.5166971953535502e-17,1.5166971953535502e-17,1.5436511419802956e-08,-1.5166971953535502e-17,2.784003605401202e-16,1.933076099327789e-30,4,0,1.933076099327789e-30,OSQP,-1.1547099458313885e-05,flight,2,20,4,75,mid_trajectory
0.020047519281786483,0.4707167253371937,23.480048514772996,-2.667928089641154e-07,2.541658024750833e-12,True,solved,-2.6679280897886234e-07,50,,,1.4746949490815776e-17,1.4746949490815776e-17,2.570708160449034e-08,-1.4746949490815776e-17,1.7896245289870033e-17,7.987910897438848e-33,4,0,7.987910897438848e-33,OSQP,-2.6679280897886234e-07,flight,2,20,4,135,near_settled
0.02002775445071596,0.6540633049775262,32.657845221092394,-13.249187621922268,7.761613574075454e-11,True,solved,-13.249187621922463,100,,,1.9539925233402755e-13,1.474801760756392e-14,2.845892661973437e-06,-1.9539925233402755e-13,5.551115123125783e-16,7.69304396706696e-30,4,2,5.806426919593049e-31,OSQP,-13.249187621922463,flight,3,20,6,0,k0
0.02002775445071596,0.6540633049775262,32.657845221092394,-2.236653921135097,2.263078613395919e-12,True,solved,-2.2366539211351406,50,,,4.3520742565306136e-14,1.94579689571373e-14,1.283885894931558e-06,-4.3520742565306136e-14,1.131614254073831e-15,3.196940583564263e-29,6,0,1.4293407457250965e-29,OSQP,-2.2366539211351406,flight,3,20,6,7,early_transient
0.02002775445071596,0.6540633049775262,32.657845221092394,-1.7847808819799473e-05,5.500533703647545e-13,True,solved,-1.7847808821634577e-05,50,,,1.8351036564900197e-15,1.8351036564900197e-15,3.219372175407298e-07,-1.8351036564900197e-15,1.1384846312357037e-15,3.235877638577602e-29,6,0,3.235877638577602e-29,OSQP,-1.7847808821634577e-05,flight,3,20,6,75,mid_trajectory
0.02002775445071596,0.6540633049775262,32.657845221092394,-3.5743157712500734e-07,1.2551589770195343e-12,True,solved,-3.5743157731781396e-07,50,,,1.9280661577258896e-16,1.9280661577258896e-16,1.0013283027049402e-07,-1.9280661577258896e-16,7.964307802702737e-17,1.583557431070965e-31,6,0,1.583557431070965e-31,OSQP,-3.5743157731781396e-07,flight,3,20,6,135,near_settled
0.020022959327572417,0.9509443686977787,47.49269841387982,-15.332320370951656,4.012079557469406e-11,True,solved,-15.332320370954992,75,,,3.3359981443936704e-12,2.1757947027470113e-13,9.377999854898178e-06,-3.3359981443936704e-12,1.3213018377356169e-13,4.3595917013111765e-25,10,0,2.843399821966826e-26,OSQP,-15.332320370954992,flight,5,20,10,0,k0
0.020022959327572417,0.9509443686977787,47.49269841387982,-2.9646751837402925,2.007816135574103e-11,True,solved,-2.964675183740435,50,,,1.425526363618701e-13,4.808372841102373e-14,2.0597785925779988e-06,-1.425526363618701e-13,1.8056479259242028e-14,8.141564838282229e-27,10,0,2.746191179031721e-27,OSQP,-2.964675183740435,flight,5,20,10,7,early_transient
0.020022959327572417,0.9509443686977787,47.49269841387982,-4.227220170928653e-05,5.457474140028833e-13,True,solved,-4.22722017123763e-05,50,,,3.0897661274127686e-15,3.0897661274127686e-15,2.466601484365366e-07,-3.0897661274127686e-15,3.486766490733058e-15,3.035900029062513e-28,10,0,3.035900029062513e-28,OSQP,-4.22722017123763e-05,flight,5,20,10,75,mid_trajectory
0.020022959327572417,0.9509443686977787,47.49269841387982,-5.245874985461489e-07,1.8091109247854253e-12,True,solved,-5.24587501328693e-07,50,,,2.7825441010700816e-15,2.7825441010700816e-15,2.755723438087332e-07,-2.7825441010700816e-15,3.026639554862797e-16,2.287510763317995e-30,10,0,2.287510763317995e-30,OSQP,-5.24587501328693e-07,flight,5,20,10,135,near_settled
0.02002156762322977,1.2563657493659435,62.750618383560585,-16.899281665131,1.5759127336423262e-10,True,solved,-16.899281665139323,75,,,8.324008149429574e-12,4.925657974329672e-13,1.733132130787851e-05,-8.324008149429574e-12,1.3070867751244835e-13,4.26658858550887e-25,16,0,2.5247159435836854e-26,OSQP,-16.899281665139323,flight,8,20,16,0,k0
0.02002156762322977,1.2563657493659435,62.750618383560585,-3.5223836921822813,7.008171820643838e-12,True,solved,-3.522383692182487,50,,,2.05613304160579e-13,5.837334093299527e-14,1.943602742304762e-06,-2.05613304160579e-13,9.167662614654387e-14,2.098887544615097e-25,16,0,5.958713553192201e-26,OSQP,-3.522383692182487,flight,8,20,16,7,early_transient
0.02002156762322977,1.2563657493659435,62.750618383560585,-9.195758563439962e-05,2.4523620845628633e-12,True,solved,-9.195758564019794e-05,50,,,5.798326770979634e-15,5.798326770979634e-15,4.4323479592850434e-07,-5.798326770979634e-15,6.5347087741709706e-15,1.0664104721171315e-27,16,0,1.0664104721171315e-27,OSQP,-9.195758564019794e-05,flight,8,20,16,75,mid_trajectory
0.02002156762322977,1.2563657493659435,62.750618383560585,-6.959290463778524e-07,2.4760885283715855e-12,True,solved,-6.95929047913751e-07,50,,,1.535898585234858e-15,1.535898585234858e-15,2.2512700455093806e-07,-1.535898585234858e-15,7.782520893885744e-16,1.5125596707396512e-29,16,0,1.5125596707396512e-29,OSQP,-6.95929047913751e-07,flight,8,20,16,135,near_settled
0.02015975703252567,0.02015975708343763,1.0000000025254252,-160.35966334536283,0.0,True,solved,-160.35966334536283,75,,,0.0,0.0,0.0,0.0,0.0,0.0,0,3,0.0,OSQP,-160.35966334536283,hvac,1,20,3,0,k0
0.02015975703252567,0.02015975708343763,1.0000000025254252,-77.78614072217528,0.0,True,solved,-77.78614072217528,75,,,0.0,0.0,0.0,0.0,0.0,0.0,0,3,0.0,OSQP,-77.78614072217528,hvac,1,20,3,75,early_transient
0.02015975703252567,0.02015975708343763,1.0000000025254252,-0.027568726267744634,6.245004513516506e-17,True,solved,-0.027568726267744634,50,,,0.0,0.0,1.894781631595066e-08,0.0,4.9065389333867974e-18,5.97083691683371e-34,3,0,5.97083691683371e-34,OSQP,-0.027568726267744634,hvac,1,20,3,750,mid_trajectory
0.02015975703252567,0.02015975708343763,1.0000000025254252,-36.16202718995202,6.860290113763767e-11,True,solved,-36.16202718995267,75,,,6.465938895416912e-13,1.788046577547383e-14,6.784788901370575e-06,-6.465938895416912e-13,7.850462293418876e-16,1.5285342507094294e-29,3,0,4.226904212754203e-31,OSQP,-36.16202718995267,hvac,1,20,3,124,high_drift_phase1
0.02015975703252567,0.02015975708343763,1.0000000025254252,-0.01395630894753796,8.673617379884035e-18,True,solved,-0.013956308947537955,50,,,5.204170427930421e-18,5.204170427930421e-18,1.162745388860742e-08,5.204170427930421e-18,3.0521373217554715e-10,2.3104301842088186e-18,3,0,2.3104301842088186e-18,L-BFGS-B,-0.01395630894753796,hvac,1,20,3,1350,near_settled
0.020003947617365566,0.020307590827494268,1.0151791644297803,-308.1962628247522,0.0,True,solved,-308.1962628247522,75,,,0.0,0.0,0.0,0.0,0.0,0.0,0,6,0.0,OSQP,-308.1962628247522,hvac,2,20,6,0,k0
0.020003947617365566,0.020307590827494268,1.0151791644297803,-147.17805941715264,1.1671943411784014e-09,True,solved,-147.17805941717603,100,,,2.3391066861222498e-11,1.5893039325191987e-13,3.552940660966897e-05,-2.3391066861222498e-11,1.1102230246251565e-16,3.080879804288746e-31,3,3,2.093301010007202e-33,OSQP,-147.17805941717603,hvac,2,20,6,75,early_transient
0.020003947617365566,0.020307590827494268,1.0151791644297803,-0.05205368077381309,2.498001805406602e-16,True,solved,-0.05205368077381309,50,,,0.0,0.0,3.3846497715650514e-08,0.0,1.0408340855860843e-17,2.7078045154881555e-33,6,0,2.7078045154881555e-33,OSQP,-0.05205368077381309,hvac,2,20,6,750,mid_trajectory
0.020003947617365566,0.020307590827494268,1.0151791644297803,-68.2975058283301,3.2889602152863517e-10,True,solved,-68.29750582836527,75,,,3.517186542012496e-11,5.149802323459888e-13,3.61546408811364e-05,-3.517186542012496e-11,8.527784864785346e-16,1.8177190845303597e-29,6,0,2.6614721320839597e-31,OSQP,-68.29750582836527,hvac,2,20,6,124,high_drift_phase1
0.020003947617365566,0.020307590827494268,1.0151791644297803,-0.026340360568713365,1.0755285551056204e-16,True,solved,-0.026340360568713375,50,,,1.0408340855860843e-17,1.0408340855860843e-17,1.6168437699803917e-08,-1.0408340855860843e-17,6.009258394948637e-18,9.026015051627183e-34,6,0,9.026015051627183e-34,OSQP,-0.026340360568713375,hvac,2,20,6,1350,near_settled
0.02000265849588253,0.02044490303936082,1.0221092883013188,-443.6201492317171,0.0,True,solved,-443.6201492317171,75,,,0.0,0.0,0.0,0.0,0.0,0.0,0,9,0.0,OSQP,-443.6201492317171,hvac,3,20,9,0,k0
0.02000265849588253,0.02044490303936082,1.0221092883013188,-208.55050349347826,2.8260274120839313e-09,True,solved,-208.5505034935789,100,,,1.0064127309306059e-10,4.825750665052114e-13,7.918717333410541e-05,-1.0064127309306059e-10,2.482534153247273e-16,1.5405391796564894e-30,6,3,7.386887846587824e-33,OSQP,-208.5505034935789,hvac,3,20,9,75,early_transient
0.02000265849588253,0.02044490303936082,1.0221092883013188,-0.07369871343679363,1.4988010832439613e-15,True,solved,-0.07369871343679382,50,,,1.942890293094024e-16,1.942890293094024e-16,8.518783456423762e-08,-1.942890293094024e-16,1.4304896245381992e-17,5.115071494953186e-33,9,0,5.115071494953186e-33,OSQP,-0.07369871343679382,hvac,3,20,9,750,mid_trajectory
0.02000265849588253,0.02044490303936082,1.0221092883013188,-96.72215224000496,5.553886239795247e-10,True,solved,-96.7221522400619,75,,,5.694289484381443e-11,5.887265070623857e-13,4.180880372928186e-05,-5.694289484381443e-11,6.661338147750939e-16,1.1091882093526722e-29,9,0,1.1467778411296055e-31,OSQP,-96.7221522400619,hvac,3,20,9,124,high_drift_phase1
0.02000265849588253,0.02044490303936082,1.0221092883013188,-0.0372781090708893,4.2327252813834093e-16,True,solved,-0.03727810907088933,50,,,3.469446951953614e-17,3.469446951953614e-17,1.8486350339408375e-08,-3.469446951953614e-17,1.214306433183765e-17,3.685860341951561e-33,9,0,3.685860341951561e-33,OSQP,-0.03727810907088933,hvac,3,20,9,1350,near_settled
0.02000220982308542,0.02068827676611748,1.03429955735392,-677.6712515626843,0.0,True,solved,-677.6712515626843,75,,,0.0,0.0,0.0,0.0,0.0,0.0,0,15,0.0,OSQP,-677.6712515626843,hvac,5,20,15,0,k0
0.02000220982308542,0.02068827676611748,1.03429955735392,-309.7563937856469,1.1703264135576319e-08,True,solved,-309.75639378693626,100,,,1.2893792700197082e-09,4.162559016980182e-12,0.00018432703377158077,-1.2893792700197082e-09,3.1401849173675503e-16,2.4649179771831803e-30,12,3,7.957601607664172e-33,OSQP,-309.75639378693626,hvac,5,20,15,75,early_transient
0.02000220982308542,0.02068827676611748,1.03429955735392,-0.10936642498145491,2.1094237467877974e-15,True,solved,-0.10936642498145549,50,,,5.828670879282072e-16,5.828670879282072e-16,1.1135797850503337e-07,-5.828670879282072e-16,2.4716005021753138e-17,1.5270335368902143e-32,15,0,1.5270335368902143e-32,OSQP,-0.10936642498145549,hvac,5,20,15,750,mid_trajectory
0.02000220982308542,0.02068827676611748,1.03429955735392,-143.60178588404597,2.1672121874871664e-09,True,solved,-143.60178588427564,75,,,2.2967583390709478e-10,1.5993939942540198e-12,6.753691663519135e-05,-2.2967583390709478e-10,9.222205069512407e-16,2.1259917553204924e-29,15,0,1.480477239352556e-31,OSQP,-143.60178588427564,hvac,5,20,15,124,high_drift_phase1
0.02000220982308542,0.02068827676611748,1.03429955735392,-0.0552776509734237,1.5404344466674047e-15,True,solved,-0.055277650973423895,50,,,1.942890293094024e-16,1.942890293094024e-16,9.043201332215034e-08,-1.942890293094024e-16,1.8111044797400594e-17,8.199342636504108e-33,15,0,8.199342636504108e-33,OSQP,-0.055277650973423895,hvac,5,20,15,1350,near_settled
0.02000207888848934,0.020976817226016412,1.0487318514720991,-938.4120809368766,0.0,True,solved,-938.4120809368766,75,,,0.0,0.0,0.0,0.0,0.0,0.0,0,24,0.0,OSQP,-938.4120809368766,hvac,8,20,24,0,k0
0.02000207888848934,0.020976817226016412,1.0487318514720991,-416.1983917070856,2.2745098249288276e-08,True,solved,-416.19839171086966,100,,,3.7840663935639895e-09,9.09197745345244e-12,0.00024749692545356083,-3.7840663935639895e-09,7.28021923224409e-16,1.32490208555366e-29,21,3,3.183342636446469e-32,OSQP,-416.19839171086966,hvac,8,20,24,75,early_transient
0.02000207888848934,0.020976817226016412,1.0487318514720991,-0.14683176888641206,6.217248937900877e-15,True,solved,-0.14683176888641442,50,,,2.3592239273284576e-15,2.3592239273284576e-15,2.1254279969351586e-07,-2.3592239273284576e-15,3.286831800046536e-17,2.700535114881018e-32,24,0,2.700535114881018e-32,OSQP,-0.14683176888641442,hvac,8,20,24,750,mid_trajectory
0.02000207888848934,0.020976817226016412,1.0487318514720991,-192.9150299330666,6.0320815009617945e-09,True,solved,-192.9150299340895,75,,,1.0228973224002402e-09,5.302320522953254e-12,0.00014453499645128431,-1.0228973224002402e-09,9.305364597889227e-16,2.1645202676777827e-29,24,0,1.122007066228745e-31,OSQP,-192.9150299340895,hvac,8,20,24,124,high_drift_phase1
0.02000207888848934,0.020976817226016412,1.0487318514720991,-0.07414169130836493,4.232725281383409e-15,True,solved,-0.07414169130836556,50,,,6.38378239159465e-16,6.38378239159465e-16,1.123087166599035e-07,-6.38378239159465e-16,2.0304417714388973e-17,1.030566325177436e-32,24,0,1.030566325177436e-32,OSQP,-0.07414169130836556,hvac,8,20,24,1350,near_settled
953.3798842949244,10620917.678640964,11140.278763586146,-1866.5028362954088,9.040377335622907e-10,True,solved,-1866.5028362955595,75,,,1.5074874681886286e-10,8.076534569755353e-14,2.8656352750518256e-08,-1.5074874681886286e-10,2.0579515874459978e-11,2.2211317891417618e-25,3,1,1.1899964714492654e-28,OSQP,-1866.5028362955595,uav,1,10,4,0,k0
953.3798842949244,10620917.678640964,11140.278763586146,-0.8235286545995406,1.096748247775281e-10,True,solved,-0.8235286547589318,50,,,1.5939116693175492e-10,1.5939116693175492e-10,1.018506371274321e-07,-1.5939116693175492e-10,1.0369835082193626e-11,5.639592433367758e-26,4,0,5.639592433367758e-26,OSQP,-0.8235286547589318,uav,1,10,4,25,early_transient
953.3798842949244,10620917.678640964,11140.278763586146,-3.005036193340514e-11,4.055281013441523e-11,True,solved,-2.553276852000387e-10,50,,,2.2527732326663356e-10,2.2527732326663356e-10,1.3319740552900147e-08,-2.2527732326663356e-10,1.3879587636116338e-17,1.010315804445063e-37,4,0,1.010315804445063e-37,OSQP,-2.553276852000387e-10,uav,1,10,4,250,mid_trajectory
953.3798842949244,10620917.678640964,11140.278763586146,-3.83248297280032e-11,6.260843452658325e-11,True,solved,-2.415836341201457e-10,50,,,2.0325880439214248e-10,2.0325880439214248e-10,5.7195643386557336e-08,-2.0325880439214248e-10,3.975120477536323e-18,8.28713877397084e-39,4,0,8.28713877397084e-39,OSQP,-2.415836341201457e-10,uav,1,10,4,450,near_settled
3.9353295535705115,14959918.651840704,3801439.8662667572,-2160.9109238055526,7.02821125742048e-08,True,solved,-2160.9109238083697,175,,,2.8171598387416452e-09,1.3036908683771107e-12,6.25474935567194e-07,-2.8171598387416452e-09,5.386174870530058e-10,3.6859530238843675e-20,7,1,1.7057403816480678e-23,OSQP,-2160.9109238083697,uav,2,10,8,0,k0
3.9353295535705115,14959918.651840704,3801439.8662667572,-2.4506027633469056,9.047652159921427e-06,True,solved,-2.4506027636654775,100,,,3.185718355780409e-10,1.2999733793777008e-10,1.92856823847537e-06,-3.185718355780409e-10,1.1603351819122645e-11,1.7106289524873513e-23,8,0,6.98044161971272e-24,OSQP,-2.4506027636654775,uav,2,10,8,25,early_transient
3.9353295535705115,14959918.651840704,3801439.8662667572,-0.007544368578400399,2.132697524397792e-08,True,solved,-0.007544370951490273,100,,,2.373089873913825e-09,2.373089873913825e-09,1.1126222052855461e-05,-2.373089873913825e-09,1.0021847626066978e-12,1.2760993516918776e-25,8,0,1.2760993516918776e-25,OSQP,-0.007544370951490273,uav,2,10,8,250,mid_trajectory
3.9353295535705115,14959918.651840704,3801439.8662667572,-0.007544220977991188,5.89305831942815e-06,True,solved,-0.00754422366586868,100,,,2.687877491761026e-09,2.687877491761026e-09,3.1890130127287114e-06,-2.687877491761026e-09,1.02433902549526e-12,1.3331417672512066e-25,8,0,1.3331417672512066e-25,OSQP,-0.00754422366586868,uav,2,10,8,450,near_settled
0.7176458188604807,16497763.169858627,22988726.10454935,-2172.563173608165,11.029598052306483,True,solved,-2172.563173881019,200,,,2.728538675000891e-07,1.2559076339627763e-10,1.3623392315522762e-05,-2.728538675000891e-07,1.8373946743792231e-09,2.3521485813139473e-18,10,2,1.0826606147024582e-21,OSQP,-2172.563173881019,uav,3,10,12,0,k0
0.7176458188604807,16497763.169858627,22988726.10454935,-2.566027542249865,2.7372155228398856,True,solved,-2.5660813489778582,100,,,5.3806727993155334e-05,2.0968881708096626e-05,0.009896784419768576,-5.3806727993155334e-05,1.792456098155505e-10,2.2384989777523422e-20,12,0,8.72341392701365e-21,OSQP,-2.5660813489778582,uav,3,10,12,25,early_transient
0.7176458188604807,16497763.169858627,22988726.10454935,-0.00798777809959998,2.9606648560856743,True,solved,-0.007988615606925974,100,,,8.375073259937749e-07,8.375073259937749e-07,0.0012184339402570462,-8.375073259937749e-07,1.6940372745415775e-12,1.9994279992413454e-24,12,0,1.9994279992413454e-24,OSQP,-0.007988615606925974,uav,3,10,12,250,mid_trajectory
0.7176458188604807,16497763.169858627,22988726.10454935,-0.007987570578597463,5.586491023276394,True,solved,-0.007988470310169629,100,,,8.997315721660792e-07,8.997315721660792e-07,0.0012196546780313198,-8.997315721660792e-07,1.576828269099372e-12,1.7323220764937713e-24,12,0,1.7323220764937713e-24,OSQP,-0.007988470310169629,uav,3,10,12,450,near_settled
0.4868531361110302,17041501.883559007,35003372.92614785,-2181.6523112084656,43.87003487153015,True,solved,-2182.9852539238263,850,,,1.3329427153607867,0.00061097852692322,0.7108853819558222,-1.3329427153607867,3.6652823712507934e-09,1.379707129784007e-17,18,2,6.320276911188658e-21,OSQP,-2182.9852539238263,uav,5,10,20,0,k0
0.4868531361110302,17041501.883559007,35003372.92614785,-2.664218332845322,18.812508606667368,True,solved,-2.6645320415494926,100,,,0.00031370870417068986,0.00011774887226890913,0.0179466914905,-0.00031370870417068986,9.381680340798564e-11,9.039268671451429e-21,20,0,3.392441348235717e-21,OSQP,-2.6645320415494926,uav,5,10,20,25,early_transient
0.4868531361110302,17041501.883559007,35003372.92614785,-0.008632190365277764,16.031700141421837,True,solved,-0.008685185728178823,100,,,5.299536290105829e-05,5.299536290105829e-05,0.006855412723150156,-5.299536290105829e-05,1.6200478497727423e-12,2.6954278825419113e-24,20,0,2.6954278825419113e-24,OSQP,-0.008685185728178823,uav,5,10,20,250,mid_trajectory
0.4868531361110302,17041501.883559007,35003372.92614785,-0.008632783942683088,7.956944411112853,True,solved,-0.008685046311502567,100,,,5.2262368819479266e-05,5.2262368819479266e-05,0.00687390326924699,-5.2262368819479266e-05,1.7680126278588838e-12,3.210278850453579e-24,20,0,3.210278850453579e-24,OSQP,-0.008685046311502567,uav,5,10,20,450,near_settled
0.4444066398406714,17055511.274433482,38378164.82793376,-2181.411892162945,99.8789566251071,True,solved,-2183.140934613345,800,,,1.729042450399902,0.0007926253893690369,0.7461701649210014,-1.729042450399902,7.91373491803513e-09,7.046159388548018e-17,30,2,3.227532990120933e-20,OSQP,-2183.140934613345,uav,8,10,32,0,k0
0.4444066398406714,17055511.274433482,38378164.82793376,-2.6652013686950338,30.006277923713963,True,solved,-2.6667002179155386,100,,,0.0014988492205048054,0.0005623774766552401,0.02565011651034423,-0.0014988492205048054,1.440762841665014e-10,2.3354709176564743e-20,32,0,8.757905751708477e-21,OSQP,-2.6667002179155386,uav,8,10,32,25,early_transient
0.4444066398406714,17055511.274433482,38378164.82793376,-0.009624177970728186,15.46457932308797,True,solved,-0.010330774264958681,100,,,0.0007065962942304944,0.0007065962942304944,0.025429730163820004,-0.0007065962942304944,3.1168282814485962e-12,1.0929875552175248e-23,32,0,1.0929875552175248e-23,OSQP,-0.010330774264958681,uav,8,10,32,250,mid_trajectory
0.4444066398406714,17055511.274433482,38378164.82793376,-0.009625832737596453,14.911865056708615,True,solved,-0.010330635321746448,100,,,0.0007048025841499949,0.0007048025841499949,0.025719447313647732,-0.0007048025841499949,2.823850923144902e-12,8.971663923614194e-24,32,0,8.971663923614194e-24,OSQP,-0.010330635321746448,uav,8,10,32,450,near_settled
