system,k,Nc,P,J_zero,J_hold,J_abs_diff,J_rel_diff,U_inf_diff,U_norm_diff,first_control_diff,first_control_diff_rel_range,osqp_status_zero,osqp_status_hold,lbfgsb_rel_zero,lbfgsb_rel_hold,spread_zero,spread_hold,worst_cart_zero,worst_cart_hold,n_active_zero,n_active_hold
pendcart,0,1,20,-2.13784185082709,-629.2967247269758,627.1588828761487,293.3607472571056,0.8966548704999644,0.8966548704999644,0.8966548704999644,0.08966548704999644,solved,solved,2.0772781189509086e-16,1.8065696714207398e-16,2.220446049250313e-14,0.0,1.5697602982579666,2.5451501024331415,0,1
pendcart,6,1,20,-2.700759950826642,-603.3806799823974,600.6799200315708,222.41144380407303,0.3879580185939622,0.3879580185939622,0.3879580185939622,0.03879580185939622,solved,solved,1.6443120378548893e-16,1.884164367426094e-16,2.0872192862952943e-14,0.0,1.8872891970234849,2.6711320552964466,0,1
pendcart,12,1,20,-0.07440895576363651,-554.1179941895158,554.0435852337522,554.0435852337522,4.234468855038265,4.234468855038265,4.234468855038265,0.4234468855038265,solved,solved,2.7755575615628914e-17,0.0,5.551115123125783e-17,0.0,2.5105928806235145,3.350496470441897,0,1
pendcart,18,1,20,-0.6108038953801935,-535.7749904018636,535.1641865064835,535.1641865064835,7.193315755874833,7.193315755874833,7.193315755874833,0.7193315755874833,solved,solved,2.220446049250313e-16,2.1219138585835077e-16,1.6653345369377348e-15,0.0,2.91584493980303,3.7683457271949115,0,1
pendcart,24,1,20,-0.5177386455201606,-549.3076669600556,548.7899283145355,548.7899283145355,7.019321879808559,7.019321879808559,7.019321879808559,0.7019321879808559,solved,solved,1.1102230246251565e-16,2.0696386480599236e-16,4.440892098500626e-16,0.0,2.9439072379200653,3.778836392572153,0,1
pendcart,31,1,20,-0.015392265646689066,-566.7164507500823,566.7010584844356,566.7010584844356,5.348178166836195,5.348178166836195,5.348178166836195,0.5348178166836195,solved,solved,0.0,2.006062071625852e-16,5.204170427930421e-18,0.0,2.844009066935072,3.642313291850958,0,1
pendcart,37,1,20,-0.0017659727165493424,-567.5155591873796,567.5137932146631,567.5137932146631,4.882065124148399,4.882065124148399,4.882065124148399,0.4882065124148399,solved,solved,2.168404344971009e-19,2.0032373717542332e-16,3.686287386450715e-18,0.0,2.8456611289504754,3.6332617377030654,0,1
pendcart,43,1,20,-0.006675831055391706,-563.3779899389085,563.3713141078531,563.3713141078531,5.229299405175931,5.229299405175931,5.229299405175931,0.5229299405175931,solved,solved,0.0,2.017949578291903e-16,5.204170427930421e-18,0.0,2.8978974240125632,3.689061054688323,0,1
pendcart,49,1,20,-0.028153072354039972,-563.1796468938385,563.1514938214845,563.1514938214845,5.470883158256906,5.470883158256906,5.470883158256906,0.5470883158256906,solved,solved,3.469446951953614e-18,2.018660268506586e-16,1.0408340855860843e-17,0.0,2.9208751255209653,3.7114479910038582,0,1
pendcart,55,1,20,-0.011209937575496843,-566.618753421078,566.6075434835026,566.6075434835026,5.297133662715668,5.297133662715668,5.297133662715668,0.5297133662715667,solved,solved,0.0,2.006407960117949e-16,6.938893903907228e-18,0.0,2.9008858264604056,3.6845397291631494,0,1
pendcart,62,1,20,-9.323358054645783e-06,-569.457613695261,569.4576043719029,569.4576043719029,4.991430875731161,4.991430875731161,4.991430875731161,0.4991430875731161,solved,solved,3.172985420414609e-18,1.996405614526638e-16,5.082197683525802e-21,0.0,2.8720518426245394,3.649396440596472,0,1
pendcart,68,1,20,-0.0005288740791927941,-569.3082190152156,569.3076901411364,569.3076901411364,4.935460380524394,4.935460380524394,4.935460380524394,0.4935460380524394,solved,solved,1.0842021724855044e-19,1.9969295001268474e-16,3.144186300207963e-18,0.0,2.867677916968402,3.64474460281437,0,1
pendcart,74,1,20,-2.3676176849229332e-06,-568.51285249672,568.5128501291024,568.5128501291024,5.0043182327519276,5.0043182327519276,5.0043182327519276,0.5004318232751928,solved,solved,3.0611770713770414e-18,1.9997232643438248e-16,2.439454888092385e-19,0.0,2.873028697126565,3.6516293743720323,0,1
pendcart,80,1,20,-0.00024728442932552057,-568.4316419047752,568.4313946203459,568.4313946203459,5.044131495516809,5.044131495516809,5.044131495516809,0.5044131495516809,solved,solved,9.75781955236954e-19,2.0000089604558127e-16,2.3310346708438345e-18,0.0,2.8744150027570767,3.6534752225226037,0,1
pendcart,86,1,20,-4.497054917025358e-05,-568.8773398670166,568.8772948964674,568.8772948964674,5.018819771881027,5.018819771881027,5.018819771881027,0.5018819771881027,solved,solved,3.5236570605778894e-19,1.998442014726619e-16,2.825701912040346e-18,0.0,2.870350097388705,3.648765265052102,0,1
pendcart,93,1,20,-4.562431677679379e-05,-569.1533484730492,569.1533028487324,569.1533028487324,4.981043923776127,4.981043923776127,4.981043923776127,0.4981043923776127,solved,solved,6.776263578034403e-21,1.997472878383661e-16,3.415236843329339e-18,0.0,2.866301486391047,3.644218548198708,0,1
pendcart,99,1,20,-4.203155099631429e-05,-569.0208807056266,569.0208386740757,569.0208386740757,4.981805590402872,4.981805590402872,4.981805590402872,0.4981805590402872,solved,solved,5.082197683525802e-19,0.0,2.676624113323589e-18,0.0,2.8663650380844565,3.6445323500739293,0,1
pendcart,105,1,20,-7.961273093257132e-07,-568.8518994212192,568.8518986250918,568.8518986250918,4.997495958511774,4.997495958511774,4.997495958511774,0.4997495958511774,solved,solved,2.818713890225498e-18,0.0,3.5829493668856904e-19,0.0,2.867638888698692,3.646178163952924,0,1
pendcart,111,1,20,-2.9169829292042315e-06,-568.8283652486211,568.8283623316382,568.8283623316382,5.00479310787172,5.00479310787172,5.00479310787172,0.500479310787172,solved,solved,1.3637230450794235e-19,1.9986140753006623e-16,3.358909152336928e-18,0.0,2.868024128191645,3.6466714944488627,0,1
pendcart,117,1,20,-1.753993943902803e-07,-568.8878673630428,568.8878671876435,568.8878671876435,5.001175342134525,5.001175342134525,5.001175342134525,0.5001175342134525,solved,solved,1.7133094242790343e-18,1.99840503276308e-16,1.4609465455564562e-18,0.0,2.8675326324487727,3.6460962676610187,0,1
pendcart,124,1,20,-1.6067740060482156e-06,-568.9142792887982,568.9142776820241,568.9142776820241,4.996442641305911,4.996442641305911,4.996442641305911,0.49964426413059104,solved,solved,2.117582368135751e-22,1.9983122565272288e-16,3.1746794863091177e-18,0.0,2.8671237673308787,3.645633715747984,0,1
pendcart,130,1,20,-8.037825142993704e-07,-568.8858029032342,568.8858020994517,568.8858020994517,4.997483948440752,4.997483948440752,4.997483948440752,0.4997483948440752,solved,solved,3.086376301557857e-19,1.9984122848809047e-16,2.8658300979165184e-18,0.0,2.867280300770373,3.645839246168916,0,1
pendcart,136,1,20,-2.6197554733366224e-09,-568.860139816693,568.8601398140732,568.8601398140732,5.000143641733475,5.000143641733475,5.000143641733475,0.5000143641733474,solved,solved,3.532888396213981e-21,1.998502439602289e-16,3.17071605040407e-18,0.0,2.867535491041739,3.646147124239496,0,1
pendcart,142,1,20,-1.37305986489073e-07,-568.8599273129413,568.8599271756353,568.8599271756353,5.001039908186044,5.001039908186044,5.001039908186044,0.5001039908186045,solved,solved,2.0601429464000686e-19,0.0,2.9682681449750854e-18,0.0,2.86759964965841,3.646217458696789,0,1
pendcart,149,1,20,-1.7136419634474559e-09,-568.8721578177216,568.872157816008,568.872157816008,5.000116174364017,5.000116174364017,5.000116174364017,0.5000116174364017,solved,solved,1.595153704811041e-19,1.998460219212269e-16,3.0147240557421354e-18,0.0,2.867511226619232,3.6461064078786727,0,1
cstr,0,1,20,-3404.760030526873,-4055.970821001106,651.2107904742329,0.1912648129781589,0.7916606084322377,0.7916606084322377,0.7916606084322377,0.39583030421611887,solved,solved,0.0,2.242360070895294e-16,0.0,1.3642420526593924e-12,,,2,1
cstr,4,1,20,-11.547356328699887,-51.03658096278498,39.48922463408509,3.4197632349785785,0.07813252704775936,0.07813252704775936,0.07813252704775936,0.03906626352387968,solved,solved,6.15329358109537e-16,2.506000402536347e-15,5.329070518200751e-15,5.535121141627712,,,1,1
cstr,8,1,20,-2.778479680084029,-8.156489315501485,5.378009635417456,1.9355943734146042,0.024647202465277303,0.024647202465277303,0.024647202465277303,0.012323601232638651,solved,solved,4.155624940813832e-15,1.289284161662992e-13,8.881784197001252e-16,3.1291079753179796,,,1,1
cstr,12,1,20,-0.6075581528520424,-0.747403265793305,0.13984511294126256,0.13984511294126256,0.4187133449630752,0.4191240464559171,0.4191240464559171,0.20956202322795855,solved,solved,1.1546319456101628e-14,3.674394122299418e-12,3.3306690738754696e-16,1.2256906600782713e-10,,,1,0
cstr,16,1,20,-0.0009651201101463249,-0.00044323347722256975,0.0005218866329237551,0.0005218866329237551,0.1108850105823291,0.11094176141408563,0.11094176141408563,0.05547088070704281,solved,solved,7.538479389335162e-14,3.9176993246736735e-11,2.0557991073366644e-14,8.561289199272848e-11,,,0,0
cstr,20,1,20,-9.17979264263159e-11,-4.215839423428356e-11,4.963953219203234e-11,4.963953219203234e-11,3.419783361707292e-05,3.421533603322493e-05,3.421533603322493e-05,1.7107668016612466e-05,solved,solved,6.772705716331713e-14,3.2915001585014755e-12,3.845248750139377e-14,1.2149554438848145e-10,,,0,0
cstr,24,1,20,-8.731409852732608e-18,-4.009918667775372e-18,4.721491184957236e-18,4.721491184957236e-18,1.0546888275765184e-08,1.0552286162327291e-08,1.0552286162327291e-08,5.2761430811636454e-09,solved,solved,8.731409852732608e-18,4.009918667775372e-18,9.580783963711536e-14,1.2478706352859318e-10,,,0,0
cstr,28,1,20,-8.304928138510402e-25,-3.8139596712993874e-25,4.490968467211015e-25,4.490968467211015e-25,3.255801040541475e-12,3.2574676868828677e-12,3.2574676868828677e-12,1.6287338434414338e-12,solved,solved,8.304928138510402e-25,3.8139596712993874e-25,9.582120383268872e-14,1.2478712840173977e-10,,,0,0
cstr,33,1,20,-1.3872357087398231e-33,-6.347823758506982e-34,7.524533328891249e-34,7.524533328891249e-34,1.3443606505601543e-16,1.3450503126290766e-16,1.3450503126290766e-16,6.725251563145383e-17,solved,solved,1.3872357087398231e-33,6.347823758506982e-34,9.590688456981656e-14,1.2478766293475785e-10,,,0,0
cstr,37,1,20,-1.3194768160670224e-40,-6.037767215088483e-41,7.157000945581741e-41,7.157000945581741e-41,4.14611691431781e-20,4.148243887885454e-20,4.148243887885454e-20,2.074121943942727e-20,solved,solved,1.3194768160670224e-40,6.037767215088483e-41,9.58162597436277e-14,1.2478818614619786e-10,,,0,0
cstr,41,1,20,-1.2550275754651074e-47,-5.742855241490152e-48,6.807420513160922e-48,6.807420513160922e-48,1.2786959704622092e-23,1.2793519463033231e-23,1.2793519463033231e-23,6.3967597315166154e-24,solved,solved,1.2550275754651074e-47,5.742855241490152e-48,9.581628974620839e-14,1.2478712316802382e-10,,,0,0
cstr,45,1,20,-1.193726328494915e-54,-5.462348108137161e-55,6.474915176811989e-55,6.474915176811989e-55,3.943601733057567e-27,3.945624815575709e-27,3.945624815575709e-27,1.9728124077878544e-27,solved,solved,1.193726328494915e-54,5.462348108137161e-55,9.595600614562568e-14,1.2478822202001473e-10,,,0,0
cstr,49,1,20,-1.1354193128496453e-61,-5.195542217206857e-62,6.158650911289596e-62,6.158650911289596e-62,1.2162386515813511e-30,1.2168625865830215e-30,1.2168625865830215e-30,6.084312932915107e-31,solved,solved,1.1354193128496453e-61,5.195542217206857e-62,9.597454526690244e-14,1.247871937501099e-10,,,0,0
cstr,53,1,20,-1.0799602766719454e-68,-4.941768337789861e-69,5.857834428929593e-69,5.857834428929593e-69,3.7509783130497096e-34,3.7529025790290676e-34,3.7529025790290676e-34,1.8764512895145338e-34,solved,solved,1.0799602766719454e-68,4.941768337789861e-69,9.604898863299104e-14,1.2478776295709422e-10,,,0,0
cstr,57,1,20,-1.0272101117094279e-75,-4.70038992725396e-76,5.571711189840319e-76,5.571711189840319e-76,1.1568320318282582e-37,1.1574254910106091e-37,1.1574254910106091e-37,5.787127455053046e-38,solved,solved,1.0272101117094279e-75,4.70038992725396e-76,9.607442953661452e-14,1.2478921993646804e-10,,,0,0
cstr,61,1,20,-9.770365043886097e-83,-4.4708015346004985e-83,5.299563509285599e-83,5.299563509285599e-83,3.567763495747435e-41,3.5695937718365764e-41,3.5695937718365764e-41,1.7847968859182882e-41,solved,solved,9.770365043886097e-83,4.4708015346004985e-83,9.584390814971333e-14,1.2478748978794762e-10,,,0,0
cstr,66,1,20,-1.6320188507655534e-91,-7.46792197602217e-92,8.852266531633364e-92,8.852266531633364e-92,1.4581535109122716e-45,1.4589015491464487e-45,1.4589015491464487e-45,7.294507745732244e-46,solved,solved,1.6320188507655534e-91,7.46792197602217e-92,9.581677342130705e-14,1.2478702593066052e-10,,,0,0
cstr,70,1,20,-1.552303637660603e-98,-7.103154748308783e-99,8.419881628297249e-99,8.419881628297249e-99,4.497063293801596e-49,4.499370304181575e-49,4.499370304181575e-49,2.2496851520907874e-49,solved,solved,1.552303637660603e-98,7.103154748308783e-99,9.583276142103269e-14,1.2478739636294401e-10,,,0,0
cstr,74,1,20,-1.4764820776206033e-105,-6.756204408725699e-106,8.008616367480335e-106,8.008616367480335e-106,1.3869306706812341e-52,1.3876421713305541e-52,1.3876421713305541e-52,6.938210856652771e-53,solved,solved,1.4764820776206033e-105,6.756204408725699e-106,9.581678665935357e-14,1.2478723496475864e-10,,,0,0
cstr,78,1,20,-1.4043639869453607e-112,-6.426200699534635e-113,7.617439169918972e-113,7.617439169918972e-113,4.2774062974110205e-56,4.279600622925877e-56,4.279600622925877e-56,2.1398003114629386e-56,solved,solved,1.4043639869453607e-112,6.426200699534635e-113,9.581625973000567e-14,1.247889175944634e-10,,,0,0
cstr,82,1,20,-1.3357684713704137e-119,-6.112315870337719e-120,7.245368843366418e-120,7.245368843366418e-120,1.3191866774526505e-59,1.3198634251787073e-59,1.3198634251787073e-59,6.599317125893537e-60,solved,solved,1.3357684713704137e-119,6.112315870337719e-120,9.583172087770859e-14,1.2478699277318662e-10,,,0,0
cstr,86,1,20,-1.270523472328731e-126,-5.813762601825919e-127,6.891472121461391e-127,6.891472121461391e-127,4.068478346379853e-63,4.070565491070201e-63,4.070565491070201e-63,2.0352827455351006e-63,solved,solved,1.270523472328731e-126,5.813762601825919e-127,9.595768992844599e-14,1.2478779155681615e-10,,,0,0
cstr,90,1,20,-1.2084653353752014e-133,-5.529792030941378e-134,6.554861322810636e-134,6.554861322810636e-134,1.2547516085384312e-66,1.2553953008318403e-66,1.2553953008318403e-66,6.276976504159201e-67,solved,solved,1.2084653353752014e-133,5.529792030941378e-134,9.582260480175695e-14,1.2478844474407587e-10,,,0,0
cstr,94,1,20,-1.1494383996910888e-140,-5.259691872499072e-141,6.234692124411816e-141,6.234692124411816e-141,3.869755385402727e-70,3.8717405844668385e-70,3.8717405844668385e-70,1.9358702922334193e-70,solved,solved,1.1494383996910888e-140,5.259691872499072e-141,9.582136098308961e-14,1.2478854063831276e-10,,,0,0
cstr,99,1,20,-1.919994931267711e-149,-8.785665885133266e-150,1.0414283427543844e-149,1.0414283427543844e-149,1.5815783216355091e-74,1.5823896772617001e-74,1.5823896772617001e-74,7.9119483863085005e-75,solved,solved,1.919994931267711e-149,8.785665885133266e-150,9.581712597263326e-14,1.2478731895762974e-10,,,0,0
flight,0,1,20,-7.344862983109915,-19.594605829218175,12.249742846108258,1.6677973264140524,4.774816653674952,5.782073196558765,5.782073196558765,0.2891036598279383,solved,solved,1.2092511756074425e-16,7.252432041277259e-16,1.7763568394002505e-14,1.7912782368512126e-11,,,1,0
flight,6,1,20,-1.3705061514015333,-4.841309079818119,3.4708029284165858,2.532497154330323,3.5011975933144583,4.093724337895686,4.093724337895686,0.20468621689478428,solved,solved,0.0,0.0,1.7319479184152442e-14,7.238654120556021e-13,,,0,0
flight,12,1,20,-0.33530274203147536,-0.9335862610593207,0.5982835190278454,0.5982835190278454,2.0512660437363577,2.3757073521408487,2.3757073521408487,0.11878536760704243,solved,solved,5.551115123125783e-17,1.3322676295501878e-15,2.4980018054066022e-15,3.4638958368304884e-14,,,0,0
flight,18,1,20,-0.00943811182981002,-0.0015624688061006478,0.007875643023709373,0.007875643023709373,0.6672449101312043,0.7577316671388437,0.7577316671388437,0.037886583356942186,solved,solved,1.734723475976807e-18,2.1571286423771596e-15,1.734723475976807e-17,4.9164231713527684e-15,,,0,0
flight,24,1,20,-0.03873049791193491,-0.23174790202235385,0.19301740411041893,0.19301740411041893,0.2927458775347467,0.35703850503488216,0.35703850503488216,0.01785192525174411,solved,solved,6.938893903907228e-18,8.326672684688674e-16,1.5265566588595902e-16,1.074140776324839e-14,,,0,0
flight,31,1,20,-0.06168881429849579,-0.25157720640505854,0.18988839210656275,0.18988839210656275,0.6609050237826646,0.7748930053632465,0.7748930053632465,0.038744650268162324,solved,solved,2.0816681711721685e-17,2.9976021664879227e-15,1.457167719820518e-16,1.0769163338864018e-14,,,0,0
flight,37,1,20,-0.026171673645625445,-0.08415389413471745,0.057982220489092004,0.057982220489092004,0.523767488642337,0.6087031258596803,0.6087031258596803,0.030435156292984017,solved,solved,3.469446951953614e-18,5.509481759702339e-15,3.0531133177191805e-16,5.676015213396113e-15,,,0,0
flight,43,1,20,-0.0028289667290329274,-0.004398601946383433,0.0015696352173505054,0.0015696352173505054,0.2408429994034304,0.27660126673873897,0.27660126673873897,0.013830063336936949,solved,solved,9.540979117872439e-18,4.8606951796870135e-15,1.431146867680866e-17,2.230854390106174e-15,,,0,0
flight,49,1,20,-0.000622196054550367,-0.005367857187935608,0.004745661133385241,0.004745661133385241,0.006503971507435022,0.006600994711883148,0.006600994711883148,0.0003300497355941574,solved,solved,9.215718466126788e-18,6.539907504432563e-15,8.348356728138384e-17,7.303185833862358e-16,,,0,0
flight,55,1,20,-0.0027018353138991043,-0.01261127897651428,0.009909443662615175,0.009909443662615175,0.11885005983490704,0.14048314834707779,0.14048314834707779,0.007024157417353889,solved,solved,8.239936510889834e-18,6.38378239159465e-16,1.951563910473908e-17,6.7584826624056404e-15,,,0,0
flight,62,1,20,-0.0017216276111931533,-0.006126216865718812,0.004404589254525659,0.004404589254525659,0.12462243090761703,0.14529324651423872,0.14529324651423872,0.0072646623257119364,solved,solved,4.336808689942018e-19,8.8557633448616e-16,2.8796409701215e-16,6.2536781308963896e-15,,,0,0
flight,68,1,20,-0.00036355598145809096,-0.0008901773727468549,0.0005266213912887639,0.0005266213912887639,0.07231930223286834,0.08354197407660627,0.08354197407660627,0.004177098703830313,solved,solved,2.222614453595284e-18,4.347650711666873e-17,1.315137235224917e-16,7.0435194135520796e-15,,,0,0
flight,74,1,20,-3.455217198648043e-06,-4.578699350369774e-05,4.2331776305049695e-05,4.2331776305049695e-05,0.01661812668723226,0.01857647297809862,0.01857647297809862,0.0009288236489049309,solved,solved,5.4671741580528815e-18,3.883815469750418e-15,4.115792383014953e-16,3.1801276022258573e-15,,,0,0
flight,80,1,20,-9.117579877171902e-05,-0.0004857052669091278,0.00039452946813740874,0.00039452946813740874,0.01796030470327836,0.021496162120846662,0.021496162120846662,0.0010748081060423331,solved,solved,5.271933063710765e-18,2.609674629172609e-16,5.011724542314244e-17,6.81388539341965e-15,,,0,0
flight,86,1,20,-0.0001065308747976983,-0.0004284221683633911,0.00032189129356569284,0.00032189129356569284,0.02784310154108996,0.03262331518390332,0.03262331518390332,0.0016311657591951661,solved,solved,2.168404344971009e-19,3.8914184374849725e-15,2.5222608290159654e-16,3.1835428390691867e-15,,,0,0
flight,93,1,20,-3.273523380588537e-05,-9.741815602667791e-05,6.468292222079255e-05,6.468292222079255e-05,0.019485932788170027,0.02260005894656939,0.02260005894656939,0.0011300029473284695,solved,solved,3.279711571768651e-18,1.338989683019598e-15,3.5797645230040143e-16,5.728449940962943e-15,,,0,0
flight,99,1,20,-1.8378516726306857e-06,-1.1945415634381935e-06,6.433101091924922e-07,6.433101091924922e-07,0.007460687332450153,0.008520772849482565,0.008520772849482565,0.00042603864247412826,solved,solved,8.23612486262719e-18,8.487958345757734e-16,1.0257992507723204e-17,6.213981508306843e-15,,,0,0
flight,105,1,20,-2.1627897632332526e-06,-1.443404638028658e-05,1.2271256617053328e-05,1.2271256617053328e-05,0.0015909099798743463,0.0020082818639939994,0.0020082818639939994,0.00010041409319969997,solved,solved,8.629571666626812e-18,3.4941633733544947e-16,1.09268097228752e-16,6.713850802348917e-15,,,0,0
flight,111,1,20,-4.9135961741507885e-06,-2.158346286711429e-05,1.66698666929635e-05,1.66698666929635e-05,0.005452111324553742,0.006418405618981821,0.006418405618981821,0.00032092028094909107,solved,solved,1.128247885742728e-18,2.207628746692461e-15,4.04130430563341e-16,4.856287220229502e-15,,,0,0
flight,117,1,20,-2.8634665479824715e-06,-1.0035135500717342e-05,7.171668952734871e-06,7.171668952734871e-06,0.005143851199252807,0.005993902993530262,0.005993902993530262,0.0002996951496765131,solved,solved,2.82061971435682e-19,5.796212576743287e-16,3.5724885099871e-17,6.48503332197764e-15,,,0,0
flight,124,1,20,-3.506378069743182e-07,-6.955822342145709e-07,3.449444272402527e-07,3.449444272402527e-07,0.0024629533951588804,0.002836241730517845,0.002836241730517845,0.00014181208652589225,solved,solved,2.9466158652608973e-18,2.7746447776831064e-15,1.2207068258914553e-17,4.289782373622525e-15,,,0,0
flight,130,1,20,-2.2266192207821185e-08,-2.584098574345728e-07,2.3614366522675162e-07,2.3614366522675162e-07,0.0002680401598798487,0.00028440109362379783,0.00028440109362379783,1.4220054681189892e-05,solved,solved,2.0910861187544523e-18,7.723881687775151e-18,1.969566669325512e-17,7.055301906546183e-15,,,0,0
flight,136,1,20,-1.900848442218824e-07,-9.299292377194694e-07,7.398443934975871e-07,7.398443934975871e-07,0.0009360830852548161,0.0011106272949422589,0.0011106272949422589,5.5531364747112946e-05,solved,solved,7.752442579965382e-18,6.454716106971277e-16,8.906283036813807e-16,6.419491077189405e-15,,,0,0
flight,142,1,20,-1.6645719607870293e-07,-6.367349450832471e-07,4.702777490045442e-07,4.702777490045442e-07,0.0011529785877433566,0.0013479328363220312,0.0013479328363220312,6.739664181610156e-05,solved,solved,8.877011166343474e-18,2.1536301845467625e-15,1.3182453167457481e-16,4.909956392437837e-15,,,0,0
flight,149,1,20,-3.797759370464263e-08,-1.0204178113506971e-07,6.406418743042707e-08,6.406418743042707e-08,0.0007044312292349805,0.0008151638350311417,0.0008151638350311417,4.075819175155709e-05,solved,solved,6.341153340941709e-18,2.384674620415489e-16,4.672271059443959e-16,6.824420246587117e-15,,,0,0
hvac,0,1,20,-160.35966334536283,-2266.9546135399346,2106.5949501945715,13.1366885303173,0.0,0.0,0.0,0.0,solved,solved,0.0,0.0,0.0,0.0,,,3,3
hvac,62,1,20,-92.06419145503662,-1549.848423649012,1457.7842321939752,15.834432575296605,0.0,0.0,0.0,0.0,solved,solved,0.0,0.0,0.0,0.0,,,3,3
hvac,124,1,20,-36.16202860937362,-905.6971356986439,869.5351070892704,24.045528985170833,13.418960596523632,23.242311442019975,23.242311442019975,0.24210741085437473,solved,solved,5.894658815484034e-15,0.0,6.394884621840902e-11,0.0,,,0,3
hvac,187,1,20,-13.529662763580024,-496.3603422683847,482.8306795048047,35.68682294170095,26.8478274321553,46.50178194547343,46.50178194547343,0.48439356193201494,solved,solved,1.2866763444380281e-14,0.0,3.709033080667723e-12,0.0,,,0,3
hvac,249,1,20,-5.233073877598917,-252.58881998977267,247.35574611217376,47.2677726127703,34.84503475665258,60.3533469180796,60.3533469180796,0.6286806970633292,solved,solved,3.903652830232138e-15,0.0,2.2817303602096217e-12,0.0,,,0,3
hvac,312,1,20,-2.0498926389102823,-106.10212177216899,104.0522291332587,50.759843300170395,32.35650293689308,56.04310074857449,56.04310074857449,0.5837822994643176,solved,solved,4.3328045715227246e-16,2.5179898778977657e-14,2.2071233729548112e-13,9.235634479409782e-11,,,0,0
hvac,374,1,20,-0.8497380746928316,-43.975793840725665,43.126055766032835,43.126055766032835,20.83043087304624,36.0793561508233,36.0793561508233,0.3758266265710761,solved,solved,6.661338147750939e-16,1.179503885668375e-14,3.3306690738754696e-14,2.311395519427606e-11,,,0,0
hvac,437,1,20,-0.3693388294828635,-19.1093334793826,18.739994649899735,18.739994649899735,13.73095958352272,23.782688987620986,23.782688987620986,0.24773634362105193,solved,solved,2.7755575615628914e-16,2.9746416285077338e-15,2.9976021664879227e-15,1.4011902749189176e-11,,,0,0
hvac,499,1,20,-0.17668746583823908,-9.138272001358112,8.961584535519874,8.961584535519874,9.494898800764542,16.445594552194837,16.445594552194837,0.17130827658536288,solved,solved,2.7755575615628914e-17,3.3045707399950754e-15,6.106226635438361e-16,1.1972645097557688e-12,,,0,0
hvac,562,1,20,-0.09282101588417443,-4.798170953322019,4.705349937437845,4.705349937437845,6.879681715197895,11.91588356193831,11.91588356193831,0.12412378710352406,solved,solved,1.3877787807814457e-17,1.8510770631988296e-15,6.522560269672795e-16,4.2810199829546036e-13,,,0,0
hvac,624,1,20,-0.05541078250893606,-2.862475695089946,2.80706491258101,2.80706491258101,5.313336381010305,9.202872322532691,9.202872322532691,0.09586325335971553,solved,solved,6.938893903907228e-18,4.654249577858249e-16,1.249000902703301e-16,1.234568003383174e-13,,,0,0
hvac,687,1,20,-0.03700892483010094,-1.9104294443145453,1.8734205194844444,1.8734205194844444,4.340332739750424,7.517558925877936,7.517558925877936,0.07830790547789516,solved,solved,0.0,4.649103490020801e-16,1.0408340855860843e-16,1.9984014443252818e-14,,,0,0
hvac,749,1,20,-0.027677150020103368,-1.4276374384883987,1.3999602884682953,1.3999602884682953,3.7516918467646443,6.497981873284953,6.497981873284953,0.0676873111800516,solved,solved,0.0,0.0,4.85722573273506e-17,3.086420008457935e-14,,,0,0
hvac,811,1,20,-0.022548218301315145,-1.1622274866039335,1.1396792683026185,1.1396792683026185,3.3847439155760566,5.862388443661455,5.862388443661455,0.06106654628814016,solved,solved,3.469446951953614e-18,3.8210179587793583e-16,2.7755575615628914e-17,6.838973831690964e-14,,,0,0
hvac,874,1,20,-0.019540107348325682,-1.0064772882432322,0.9869371808949066,0.9869371808949066,3.149533921895896,5.454971592846733,5.454971592846733,0.056822620758820136,solved,solved,3.469446951953614e-18,1.1030780700109075e-15,1.734723475976807e-17,2.1316282072803006e-14,,,0,0
hvac,936,1,20,-0.017744450813522526,-0.9134072531007116,0.8956628022871891,0.8956628022871891,3.0001561747617034,5.196220975322633,5.196220975322633,0.054127301826277424,solved,solved,0.0,4.440892098500626e-16,2.0816681711721685e-17,3.175237850427948e-14,,,0,0
hvac,999,1,20,-0.01657795357634888,-0.8528488117217143,0.8362708581453655,0.8362708581453655,2.8987901151187665,5.020628768852263,5.020628768852263,0.052298216342211074,solved,solved,3.469446951953614e-18,6.661338147750939e-16,2.0816681711721685e-17,1.6209256159527285e-14,,,0,0
hvac,1061,1,20,-0.01580144867869933,-0.812446939913265,0.7966454912345656,0.7966454912345656,2.82910791032166,4.89991498982107,4.89991498982107,0.05104078114396948,solved,solved,0.0,3.3306690738754696e-16,1.3877787807814457e-17,5.773159728050814e-15,,,0,0
hvac,1124,1,20,-0.01523258678822428,-0.7827694561023526,0.7675368693141283,0.7675368693141283,2.776775990267557,4.8092524887190695,4.8092524887190695,0.05009638009082364,solved,solved,3.469446951953614e-18,4.440892098500626e-16,1.3877787807814457e-17,1.9539925233402755e-14,,,0,0
hvac,1186,1,20,-0.014801362883977869,-0.7602088845995691,0.7454075217155913,0.7454075217155913,2.736297742136202,4.739121510467504,4.739121510467504,0.04936584906736983,solved,solved,0.0,2.220446049250313e-16,2.0816681711721685e-17,1.2878587085651816e-14,,,0,0
hvac,1249,1,20,-0.014441474737064338,-0.7413315081938385,0.7268900334567742,0.7268900334567742,2.7019414421632395,4.679593748567729,4.679593748567729,0.04874576821424718,solved,solved,1.734723475976807e-18,1.1102230246251565e-16,8.673617379884035e-18,9.769962616701378e-15,,,0,0
hvac,1311,1,20,-0.014134150976412003,-0.7251774159752005,0.7110432649987884,0.7110432649987884,2.672176424920486,4.628018672861692,4.628018672861692,0.048208527842309286,solved,solved,3.469446951953614e-18,3.3306690738754696e-16,1.214306433183765e-17,1.0325074129013956e-14,,,0,0
hvac,1374,1,20,-0.013851174647343742,-0.7102806529104811,0.6964294782631374,0.6964294782631374,2.6444216712136996,4.5799251615483865,4.5799251615483865,0.04770755376612903,solved,solved,1.734723475976807e-18,4.440892098500626e-16,1.214306433183765e-17,8.104628079763643e-15,,,0,0
hvac,1436,1,20,-0.013590854348164715,-0.6965632104506309,0.6829723561024661,0.6829723561024661,2.618598307888664,4.53517726325283,4.53517726325283,0.04724142982555032,solved,solved,3.469446951953614e-18,0.0,6.938893903907228e-18,6.328271240363392e-15,,,0,0
hvac,1499,1,20,-0.013338274145278647,-0.6832462514684937,0.669907977323215,0.669907977323215,2.593279737559788,4.491303375814688,4.491303375814688,0.046784410164736334,solved,solved,1.734723475976807e-18,1.1102230246251565e-16,1.9081958235744878e-17,4.440892098500626e-15,,,0,0
uav,0,1,10,-1866.5028362955595,-1727.8921770903232,138.6106592052363,0.07426222800729106,0.7067714880747995,0.7068261852122781,0.7068261852122781,0.35341309260613907,solved,solved,8.0765345697547e-14,4.0082374617052343e-13,9.040377335622907e-10,8.615188562544063e-10,,,1,0
uav,20,1,10,-0.3753794236196381,-0.47267555179319254,0.09729612817355443,0.09729612817355443,0.0007830046682881943,0.0007954709514683922,0.0007954709514683922,0.0003977354757341961,solved,solved,1.6736340091583202e-10,1.0773176795098038e-10,1.7300494370431352e-10,1.3999109094164908e-09,,,0,0
uav,41,1,10,-9.424320620119851e-06,-0.00011766253358552746,0.00010823821296540761,0.00010823821296540761,5.797932321364678e-05,5.803340028940743e-05,5.803340028940743e-05,2.9016700144703713e-05,solved,solved,3.7827864504799604e-11,1.3178506259891622e-11,2.2802923574572658e-10,1.4944788413387552e-09,,,0,0
uav,62,1,10,-9.4675106315239e-05,-5.548149265103721e-05,3.9193613664201786e-05,3.9193613664201786e-05,8.081498900358103e-05,8.091918014271256e-05,8.091918014271256e-05,4.045959007135628e-05,solved,solved,1.355346599654552e-10,7.277601185259105e-10,3.26454237869144e-10,7.828060505108499e-10,,,0,0
uav,83,1,10,-4.648946074520422e-06,-0.00011473539148278764,0.00011008644540826722,0.00011008644540826722,8.143505744445819e-05,8.146903010941549e-05,8.146903010941549e-05,4.0734515054707746e-05,solved,solved,3.4214606042565383e-13,1.0292143520903782e-09,2.655665497019872e-10,4.785774364421316e-10,,,0,0
uav,103,1,10,-1.5466779003680387e-07,-0.0001487938825481971,0.0001486392147581603,0.0001486392147581603,8.145180643255401e-05,8.147500426532052e-05,8.147500426532052e-05,4.073750213266026e-05,solved,solved,3.5794553559782664e-16,1.1292606827396044e-09,3.120674440230234e-10,3.7892296432203744e-10,,,0,0
uav,124,1,10,-2.035101318823185e-09,-0.00015641584344494916,0.00015641380834363034,0.00015641380834363034,8.145234927293607e-05,8.147366071848636e-05,8.147366071848636e-05,4.073683035924318e-05,solved,solved,1.7452620903662005e-10,3.677471252321561e-10,9.346589436907843e-11,1.1402203956673799e-09,,,0,0
uav,145,1,10,-1.7599931552669713e-11,-0.00015733072055929714,0.0001573307029593656,0.0001573307029593656,8.145236401066245e-05,8.147345895332533e-05,8.147345895332533e-05,4.073672947666267e-05,solved,solved,1.7048918774145974e-11,6.183224161089747e-11,2.4879313499271293e-10,1.4458120110752253e-09,,,0,0
uav,166,1,10,-6.731013595125792e-14,-0.00015741889041894684,0.0001574188903516367,0.0001574188903516367,8.145236441312842e-05,8.147343857900842e-05,8.147343857900842e-05,4.073671928950421e-05,solved,solved,6.731013595125792e-14,5.785421598443561e-10,2.658304988060256e-10,9.291003073234189e-10,,,0,0
uav,187,1,10,-2.98806823881412e-17,-0.00015742481857963097,0.0001574248185796011,0.0001574248185796011,8.145236442363903e-05,8.147343718987494e-05,8.147343718987494e-05,4.073671859493747e-05,solved,solved,2.98806823881412e-17,7.722299529163128e-10,2.6582986139406253e-10,7.357535962860401e-10,,,0,0
uav,207,1,10,-7.432755224589051e-17,-0.00015742488757634795,0.00015742488757627363,0.00015742488757627363,8.145236442158672e-05,8.147343717082432e-05,8.147343717082432e-05,4.073671858541216e-05,solved,solved,7.432755224589051e-17,6.705133392145932e-10,2.6844292585781696e-10,8.723141483777362e-10,,,0,0
uav,228,1,10,-2.0571419547812167e-18,-0.00015742472620890264,0.00015742472620890058,0.00015742472620890058,8.14523644206582e-05,8.147343720775922e-05,8.147343720775922e-05,4.073671860387961e-05,solved,solved,2.0571419547812167e-18,1.3023862796058584e-09,2.663458405166026e-10,2.054259678487512e-10,,,0,0
uav,249,1,10,-3.715560799521355e-20,-0.00015742469835039048,0.00015742469835039046,0.00015742469835039046,8.145236442561972e-05,8.147343721926384e-05,8.147343721926384e-05,4.073671860963192e-05,solved,solved,3.715560799521355e-20,9.824869491917559e-10,2.658349528101284e-10,5.252010120749585e-10,,,0,0
uav,270,1,10,-4.65063945499155e-22,-0.00015742469451110886,0.00015742469451110886,0.00015742469451110886,8.145236442490814e-05,8.147343721945524e-05,8.147343721945524e-05,4.073671860972762e-05,solved,solved,4.65063945499155e-22,4.985899689532829e-10,2.658311650729985e-10,1.0090676289605405e-09,,,0,0
uav,291,1,10,-3.335436267907083e-24,-0.0001574246940699517,0.0001574246940699517,0.0001574246940699517,8.145236442158768e-05,8.14734372162398e-05,8.14734372162398e-05,4.07367186081199e-05,solved,solved,3.335436267907083e-24,3.293712640952892e-10,2.658336128719733e-10,1.1783405214570684e-09,,,0,0
uav,311,1,10,-1.2668622045866894e-26,-0.0001574246940299464,0.0001574246940299464,0.0001574246940299464,8.145236442491363e-05,8.147343721957386e-05,8.147343721957386e-05,4.073671860978693e-05,solved,solved,1.2668622045866894e-26,2.847051108322701e-10,2.658681220493163e-10,1.2229556167395444e-09,,,0,0
uav,332,1,10,-1.899176716280881e-26,-0.0001574246940255602,0.0001574246940255602,0.0001574246940255602,8.14523644263101e-05,8.147343722097085e-05,8.147343722097085e-05,4.0736718610485426e-05,solved,solved,1.899176716280881e-26,7.53103049784239e-10,2.658499487009146e-10,7.54539899474032e-10,,,0,0
uav,353,1,10,-1.2137234990913234e-26,-0.00015742469402965712,0.00015742469402965712,0.00015742469402965712,8.145236442019329e-05,8.147343721485522e-05,8.147343721485522e-05,4.073671860742761e-05,solved,solved,1.2137234990913234e-26,1.0075308288137654e-09,2.659482231735221e-10,5.001597416125821e-10,,,0,0
uav,374,1,10,-1.3885244974549568e-26,-0.0001574246940299991,0.0001574246940299991,0.0001574246940299991,8.145236442049869e-05,8.147343721516033e-05,8.147343721516033e-05,4.0736718607580164e-05,solved,solved,1.3885244974549568e-26,4.872998984309287e-10,2.658124162272774e-10,1.0203543605738843e-09,,,0,0
uav,395,1,10,-1.8309076963784384e-26,-0.00015742469403129492,0.00015742469403129492,0.00015742469403129492,8.145236442051912e-05,8.147343721518053e-05,8.147343721518053e-05,4.073671860759027e-05,solved,solved,1.8309076963784384e-26,1.426666056071526e-10,2.6663555930327476e-10,1.3650279578815861e-09,,,0,0
uav,415,1,10,-2.996245038359035e-26,-0.0001574246940268003,0.0001574246940268003,0.0001574246940268003,8.145236442852413e-05,8.147343722318424e-05,8.147343722318424e-05,4.073671861159212e-05,solved,solved,2.996245038359035e-26,5.716487336932755e-10,2.6605671434848076e-10,1.2290887870729066e-09,,,0,0
uav,436,1,10,-4.033893045011162e-26,-0.00015742469403061401,0.00015742469403061401,0.00015742469403061401,8.14523644284474e-05,8.14734372231064e-05,8.14734372231064e-05,4.07367186115532e-05,solved,solved,4.033893045011162e-26,1.1663287618145744e-10,2.658366389384919e-10,1.3910220636481098e-09,,,0,0
uav,457,1,10,-3.8155610839324524e-26,-0.00015742469402601112,0.00015742469402601112,0.00015742469402601112,8.14523644253366e-05,8.147343721999789e-05,8.147343721999789e-05,4.0736718609998944e-05,solved,solved,3.8155610839324524e-26,1.0991990517935594e-09,2.6655198306729284e-10,4.084492863289796e-10,,,0,0
uav,478,1,10,-2.3908638049189012e-26,-0.00015742469403128023,0.00015742469403128023,0.00015742469403128023,8.145236442526504e-05,8.147343721992531e-05,8.147343721992531e-05,4.073671860996266e-05,solved,solved,2.3908638049189012e-26,7.918937779550616e-10,2.667538951414916e-10,7.157508689740761e-10,,,0,0
uav,499,1,10,-5.381229691969584,-9.068364975130773,3.687135283161189,0.6851845199366803,0.04814712128390654,0.048148653304389916,0.048148653304389916,0.024074326652194958,solved,solved,4.1110787917234644e-11,6.232356097277514e-11,4.516031992807257e-11,9.42863565001062e-10,,,0,0
