system,tail,alg,trial,seed,NP,nrmse,reference_nrmse,mean_norm_gap,median_norm_gap,mean_first_input_error,realized_fe_mean,fe_exact,time_ms_mean
flight,zero,SGO,0,19000000,8,0.018153990271844313,0.01819565344848985,9.417326608217003e-05,2.1155153183017726e-08,0.015370726364184274,1000.0,True,18.59014154644683
flight,zero,SGO,1,19000001,8,0.018164626932211048,0.01819565344848985,5.6649460224390104e-05,1.8751845477042446e-08,0.00960278524456438,1000.0,True,18.522800509041797
flight,zero,SGO,2,19000002,8,0.018117669153430743,0.01819565344848985,0.00040522655049480356,3.444244744878894e-08,0.021066410262613463,1000.0,True,18.924137358553708
flight,zero,SGO,3,19000003,8,0.018172388299925728,0.01819565344848985,0.0003396783384547196,1.5434694350598114e-08,0.024434834049731912,1000.0,True,18.50464107274699
flight,zero,SGO,4,19000004,8,0.018142767681601432,0.01819565344848985,7.062021947512309e-05,2.282654532725887e-08,0.013943034243524478,1000.0,True,18.618360562250018
flight,zero,SGO,5,19000005,8,0.017953568562018754,0.01819565344848985,0.0035534528266530628,1.6176727415291693e-08,0.04504152215080087,1000.0,True,18.751651869000245
flight,zero,SGO,6,19000006,8,0.018230334198074617,0.01819565344848985,0.0010061786248183847,1.2535805962866881e-08,0.031118593226094192,1000.0,True,18.845587860948097
flight,zero,SGO,7,19000007,8,0.018144191726518495,0.01819565344848985,9.41023537743684e-05,1.0146365417651053e-08,0.014360576891703976,1000.0,True,19.094203827359404
flight,zero,SGO,8,19000008,8,0.01816731114550661,0.01819565344848985,0.001876600124389994,2.2225126329654486e-08,0.04538693239934084,1000.0,True,18.628736240013193
flight,zero,SGO,9,19000009,8,0.018230763135559488,0.01819565344848985,0.00031008242441459417,1.1557113780073076e-08,0.022723148062506214,1000.0,True,18.74987977789715
flight,zero,GWO,0,19001000,30,0.018208841564166658,0.01819565344848985,2.283243451791083e-06,2.5861656044048962e-09,0.003471164672224388,1000.0,True,17.486183615401387
flight,zero,GWO,1,19001001,30,0.018198845485012053,0.01819565344848985,2.450801395869118e-06,3.445459440093424e-09,0.0032168009045190596,1000.0,True,17.785114934667945
flight,zero,GWO,2,19001002,30,0.018181348765941685,0.01819565344848985,2.7421188557873344e-06,2.7803367934001076e-09,0.004418866111921171,1000.0,True,17.966567693122972
flight,zero,GWO,3,19001003,30,0.01821443271777678,0.01819565344848985,4.0047733473088944e-06,5.627358399114225e-09,0.004327953216459345,1000.0,True,18.04972278691518
flight,zero,GWO,4,19001004,30,0.01820444028159523,0.01819565344848985,3.3385923438897047e-06,5.208577087646368e-09,0.004228256836767983,1000.0,True,17.592576066187274
flight,zero,GWO,5,19001005,30,0.01821095600654373,0.01819565344848985,3.3992241691480977e-06,3.575051938433391e-09,0.0035331798279364056,1000.0,True,17.897800240122404
flight,zero,GWO,6,19001006,30,0.018199592584406683,0.01819565344848985,4.0421826882642556e-06,4.7080867918733536e-09,0.004504186764818678,1000.0,True,17.67621862546851
flight,zero,GWO,7,19001007,30,0.01817315607057884,0.01819565344848985,3.544814580784283e-06,3.653147098864882e-09,0.004160986591395003,1000.0,True,17.518607709401596
flight,zero,GWO,8,19001008,30,0.01820052633180291,0.01819565344848985,2.311273710469834e-06,3.598276910698854e-09,0.003641342182065496,1000.0,True,17.582565818059567
flight,zero,GWO,9,19001009,30,0.018196881473202763,0.01819565344848985,3.5629933667836845e-06,3.700613881949406e-09,0.003962687255846526,1000.0,True,17.505544467518728
flight,zero,PSO,0,19002000,30,0.018203749452350836,0.01819565344848985,1.9387665020952117e-05,7.842624208228523e-06,0.018545107474859712,1000.0,True,4.929618410145243
flight,zero,PSO,1,19002001,30,0.01819780311727207,0.01819565344848985,2.1387467779497893e-05,6.829502074150059e-06,0.018199176511960537,1000.0,True,4.602179560655107
flight,zero,PSO,2,19002002,30,0.018207639913779813,0.01819565344848985,1.8767869603669488e-05,9.769600645244338e-06,0.019605226353619873,1000.0,True,4.758173649897799
flight,zero,PSO,3,19002003,30,0.018191593323511415,0.01819565344848985,1.9635890183863926e-05,9.414239154040716e-06,0.01938311393904864,1000.0,True,4.763031587935984
flight,zero,PSO,4,19002004,30,0.01818792451330157,0.01819565344848985,2.40828273881378e-05,9.534326720228523e-06,0.020175360716108523,1000.0,True,4.828364939506476
flight,zero,PSO,5,19002005,30,0.018209651227008447,0.01819565344848985,2.1612901225214287e-05,1.0270529999300615e-05,0.021586012374461068,1000.0,True,4.919814484892413
flight,zero,PSO,6,19002006,30,0.018196679235404238,0.01819565344848985,1.9296393852681367e-05,9.188317346122156e-06,0.020049363972219916,1000.0,True,4.883941929632177
flight,zero,PSO,7,19002007,30,0.01818723087611048,0.01819565344848985,1.6513869588952965e-05,9.042699050560055e-06,0.018958412101211065,1000.0,True,4.852613485030209
flight,zero,PSO,8,19002008,30,0.018186571966545502,0.01819565344848985,2.2209532314406953e-05,7.27323528365528e-06,0.020043353517598086,1000.0,True,4.824589994580795
flight,zero,PSO,9,19002009,30,0.01819118858575674,0.01819565344848985,1.630228878530286e-05,7.541246856248767e-06,0.018468970309700426,1000.0,True,4.497598727078487
flight,zero,WOA,0,19003000,10,0.018181634577438897,0.01819565344848985,6.7351642674139285e-06,9.512408287871543e-09,0.004285840108533347,1000.0,True,10.284032652076954
flight,zero,WOA,1,19003001,10,0.018193086955434555,0.01819565344848985,7.446144194200825e-06,1.6112167132171368e-09,0.003736850126917664,1000.0,True,10.703990362429371
flight,zero,WOA,2,19003002,10,0.01818952809359668,0.01819565344848985,1.089043241847344e-05,2.2316243141935598e-09,0.004370986468982318,1000.0,True,10.423389112499232
flight,zero,WOA,3,19003003,10,0.018192326333698616,0.01819565344848985,5.853676778168532e-06,3.3381156201023586e-09,0.003533635310829421,1000.0,True,10.543150434580943
flight,zero,WOA,4,19003004,10,0.018195021413433113,0.01819565344848985,7.182447760926715e-06,2.784684212166639e-09,0.003723305684630364,1000.0,True,10.507984234330555
flight,zero,WOA,5,19003005,10,0.01819041544295171,0.01819565344848985,2.518939950065893e-06,3.803018901453765e-09,0.002652677996915985,1000.0,True,10.363911526122441
flight,zero,WOA,6,19003006,10,0.018191625103177025,0.01819565344848985,4.399050861258957e-06,2.7600035574570166e-09,0.00361249542345271,1000.0,True,10.394429737546792
flight,zero,WOA,7,19003007,10,0.01820058661402836,0.01819565344848985,6.461431197185728e-06,2.350889873028825e-09,0.0035377114936693183,1000.0,True,10.516491600622734
flight,zero,WOA,8,19003008,10,0.01820858232320592,0.01819565344848985,1.3147620564836954e-05,3.1523110323038685e-09,0.004669087600102191,1000.0,True,10.457654512720183
flight,zero,WOA,9,19003009,10,0.018197599793482757,0.01819565344848985,4.039881720294025e-06,3.9352189170043655e-09,0.0032806036770922004,1000.0,True,10.434290623913208
flight,hold_last,SGO,0,19000000,8,0.020438764793016692,0.020441952497158578,0.00035098634945506473,3.2126035721054604e-05,0.03446211249575355,1000.0,True,18.707475058035925
flight,hold_last,SGO,1,19000001,8,0.020382956816273643,0.020441952497158578,0.00030866613408398906,2.2334876524089543e-05,0.036220091953635285,1000.0,True,18.419035052647814
flight,hold_last,SGO,2,19000002,8,0.020408033776390187,0.020441952497158578,0.00024172881402762311,2.5285832577275378e-05,0.03174183871119259,1000.0,True,18.536269020211574
flight,hold_last,SGO,3,19000003,8,0.020370106062446717,0.020441952497158578,0.00023776689867090908,4.197951628620747e-05,0.04037739361659202,1000.0,True,18.569794501333188
flight,hold_last,SGO,4,19000004,8,0.02042163984372239,0.020441952497158578,0.00015594360642759623,2.975158723228859e-05,0.029625128329827912,1000.0,True,18.72429501847364
flight,hold_last,SGO,5,19000005,8,0.020996398199467158,0.020441952497158578,0.0029597657754087793,2.4635084438384477e-05,0.053029334414082106,1000.0,True,19.16030202410184
flight,hold_last,SGO,6,19000006,8,0.020447989929026883,0.020441952497158578,0.0003817893998175923,3.097213269765419e-05,0.032834080879467153,1000.0,True,18.461162926008303
flight,hold_last,SGO,7,19000007,8,0.02090213761435484,0.020441952497158578,0.0019846009040559633,2.652992772274289e-05,0.048619112916865666,1000.0,True,18.613605006830767
flight,hold_last,SGO,8,19000008,8,0.020475144756635224,0.020441952497158578,0.00033126108273499877,3.6641579818279954e-05,0.03632808646604109,1000.0,True,18.451547053797793
flight,hold_last,SGO,9,19000009,8,0.021345873030737147,0.020441952497158578,0.004216471141851834,2.6144464331571164e-05,0.05992324248469472,1000.0,True,18.548636498550575
flight,hold_last,GWO,0,19001000,30,0.020453192607000306,0.020441952497158578,1.8605773613692467e-05,1.2393275004882045e-06,0.010273801363451402,1000.0,True,17.121074373135343
flight,hold_last,GWO,1,19001001,30,0.020475350540226454,0.020441952497158578,2.2369995689221545e-05,1.6882352302617767e-06,0.010114181140096762,1000.0,True,17.434896297442418
flight,hold_last,GWO,2,19001002,30,0.020372893986230572,0.020441952497158578,1.6290672379790986e-05,1.9615217113472855e-06,0.009768003133248443,1000.0,True,17.830418780989323
flight,hold_last,GWO,3,19001003,30,0.020365098835282418,0.020441952497158578,2.91369926469439e-05,1.3308827346842562e-06,0.01079980682180031,1000.0,True,17.52944671975759
flight,hold_last,GWO,4,19001004,30,0.02037409150437459,0.020441952497158578,1.7764144938606972e-05,1.514418816725797e-06,0.010079751429671857,1000.0,True,17.519652189997334
flight,hold_last,GWO,5,19001005,30,0.02039874541632984,0.020441952497158578,2.150117677713554e-05,1.2973423377006716e-06,0.009885819585630394,1000.0,True,17.787182601944853
flight,hold_last,GWO,6,19001006,30,0.020478787055253266,0.020441952497158578,3.0196755460083075e-05,1.3542873951029895e-06,0.010286045655323376,1000.0,True,17.14131411863491
flight,hold_last,GWO,7,19001007,30,0.020429314506360253,0.020441952497158578,1.8721136284846614e-05,1.8897306827650027e-06,0.009690914177730716,1000.0,True,17.486973225604743
flight,hold_last,GWO,8,19001008,30,0.020456340358519433,0.020441952497158578,2.017761749776849e-05,1.6033356049054799e-06,0.01010292753816134,1000.0,True,16.901773582988728
flight,hold_last,GWO,9,19001009,30,0.020450758717626086,0.020441952497158578,1.8417503531601448e-05,1.2095225754513104e-06,0.008013712629768672,1000.0,True,17.137617334180202
flight,hold_last,PSO,0,19002000,30,0.020450943605408913,0.020441952497158578,0.00017925068651396462,5.909404123211694e-05,0.034240533248906566,1000.0,True,4.622135415362815
flight,hold_last,PSO,1,19002001,30,0.020462048428989833,0.020441952497158578,0.00023341692915209442,8.749402454765506e-05,0.03953081318641484,1000.0,True,4.593803259000803
flight,hold_last,PSO,2,19002002,30,0.020361993487580745,0.020441952497158578,0.0001650642704897393,5.6284704301658395e-05,0.03323033882951312,1000.0,True,4.658431740632902
flight,hold_last,PSO,3,19002003,30,0.02041758940891166,0.020441952497158578,0.00019100617462582676,6.843874397433858e-05,0.03323652960174955,1000.0,True,4.553980857599527
flight,hold_last,PSO,4,19002004,30,0.020417277728638588,0.020441952497158578,0.00020713992719385022,7.108118377446111e-05,0.032290537908227925,1000.0,True,4.773706541551898
flight,hold_last,PSO,5,19002005,30,0.020408512380198984,0.020441952497158578,0.00017864806427972084,6.52809752442408e-05,0.03222459160965947,1000.0,True,4.395593060180545
flight,hold_last,PSO,6,19002006,30,0.02044322368021179,0.020441952497158578,0.0001900432285939406,7.501815047026497e-05,0.034177065615802145,1000.0,True,4.42919829278253
flight,hold_last,PSO,7,19002007,30,0.020344480690777437,0.020441952497158578,0.00019372791393419082,6.822625644852882e-05,0.03625415114165793,1000.0,True,4.345983672343816
flight,hold_last,PSO,8,19002008,30,0.02048612255427626,0.020441952497158578,0.0001947301566990661,8.390118999828335e-05,0.03498510058371089,1000.0,True,4.695351381475727
flight,hold_last,PSO,9,19002009,30,0.020377924663822704,0.020441952497158578,0.0002326526657857426,6.230636901089795e-05,0.03721780813597767,1000.0,True,4.953446073535209
flight,hold_last,WOA,0,19003000,10,0.020442341977159856,0.020441952497158578,6.313279979439411e-06,3.3261391502611913e-07,0.005366136061286429,1000.0,True,10.390738661711415
flight,hold_last,WOA,1,19003001,10,0.0204335153745291,0.020441952497158578,8.95969618722193e-06,3.3751927865709925e-07,0.005818249305457532,1000.0,True,10.299865457927808
flight,hold_last,WOA,2,19003002,10,0.02042420989823217,0.020441952497158578,3.259966155496331e-05,3.587550434112326e-07,0.007769261186376631,1000.0,True,10.313292731686184
flight,hold_last,WOA,3,19003003,10,0.020430218711576117,0.020441952497158578,1.3690252336343026e-05,3.587337588823714e-07,0.006861951329029148,1000.0,True,10.848098694114015
flight,hold_last,WOA,4,19003004,10,0.020429550304555656,0.020441952497158578,1.3237459268047369e-05,4.105930960371121e-07,0.006631964773611262,1000.0,True,10.534120054993158
flight,hold_last,WOA,5,19003005,10,0.020443536726562257,0.020441952497158578,1.3704761404368546e-05,5.839194862172625e-07,0.006697773076473767,1000.0,True,10.608664227960011
flight,hold_last,WOA,6,19003006,10,0.020444448264800328,0.020441952497158578,7.673831515905777e-06,5.823898614104229e-07,0.0058944202033054775,1000.0,True,10.731667428044602
flight,hold_last,WOA,7,19003007,10,0.020440247451395086,0.020441952497158578,1.0750405014818945e-05,3.084347237913531e-07,0.006063553221081306,1000.0,True,10.334449327007556
flight,hold_last,WOA,8,19003008,10,0.020437391930092468,0.020441952497158578,1.3618972472554221e-05,2.6411290729147564e-07,0.006190196210872687,1000.0,True,9.644325687550008
flight,hold_last,WOA,9,19003009,10,0.020433315328675497,0.020441952497158578,1.0984643554165706e-05,6.35162038540845e-07,0.007072530012390702,1000.0,True,9.459759348537773
uav,zero,SGO,0,21000000,20,0.0009875043288372703,0.0008692984220871418,0.007023227770389402,0.00041440079021025654,0.006414726431813927,1000.0,True,14.909630477661267
uav,zero,SGO,1,21000001,20,0.00097799688192713,0.0008692984220871418,0.005528450733511416,0.00045311212167058483,0.006560353253350702,1000.0,True,15.004302085959353
uav,zero,SGO,2,21000002,20,0.0010010193129739978,0.0008692984220871418,0.006885117113068002,0.0004418837143600633,0.006374608878159048,1000.0,True,14.788321954081766
uav,zero,SGO,3,21000003,20,0.000995663294226213,0.0008692984220871418,0.004497302363800051,0.0003955457998584239,0.005408895698428048,1000.0,True,14.619248727569357
uav,zero,SGO,4,21000004,20,0.000875939079766394,0.0008692984220871418,0.0029620968995810524,0.00041790790815867177,0.001735535912137266,1000.0,True,15.589486014680006
uav,zero,SGO,5,21000005,20,0.0008757766660293896,0.0008692984220871418,0.004683429144725706,0.00043522991022312466,0.0035779088352312733,1000.0,True,16.397680253488943
uav,zero,SGO,6,21000006,20,0.0009671718372732519,0.0008692984220871418,0.004626350613876133,0.000427804491113096,0.004973606544429991,1000.0,True,16.8475993021857
uav,zero,SGO,7,21000007,20,0.000899050030954866,0.0008692984220871418,0.0033604774351273445,0.0004005710054922889,0.003302893213053822,1000.0,True,15.621192773454823
uav,zero,SGO,8,21000008,20,0.0009714497124691636,0.0008692984220871418,0.004376506148968765,0.00041985505081051396,0.005024435544077032,1000.0,True,15.05875675054267
uav,zero,SGO,9,21000009,20,0.0009731663936367605,0.0008692984220871418,0.004844729075802905,0.0003778762247261026,0.00544651973009364,1000.0,True,14.938657817197964
uav,zero,GWO,0,21001000,30,0.0008707073125674144,0.0008692984220871418,7.795533377067315e-05,1.370084879043568e-17,0.00021130262171709758,1000.0,True,25.374485591077246
uav,zero,GWO,1,21001001,30,0.0008691729481282803,0.0008692984220871418,5.0094480502848114e-05,1.0976752008300065e-17,9.40843069574727e-05,1000.0,True,25.187048703897744
uav,zero,GWO,2,21001002,30,0.0008688186960396872,0.0008692984220871418,3.3924712643300385e-05,6.541123558011272e-18,8.558938626007961e-05,1000.0,True,25.484107953379862
uav,zero,GWO,3,21001003,30,0.0008670980700902173,0.0008692984220871418,5.02403504889132e-05,3.079178923534009e-18,9.395213655594965e-05,1000.0,True,25.37590520118829
uav,zero,GWO,4,21001004,30,0.0008693640205218183,0.0008692984220871418,5.17223697311288e-05,2.2214883140289533e-17,0.00013341995288338715,1000.0,True,25.489859413472004
uav,zero,GWO,5,21001005,30,0.0008691226100717783,0.0008692984220871418,0.000123211976024384,4.063287560759596e-17,0.0003206578137541429,1000.0,True,25.310897983494215
uav,zero,GWO,6,21001006,30,0.0008704475333593469,0.0008692984220871418,4.5593391403820645e-05,3.6726194544431646e-18,0.00013374327141004323,1000.0,True,25.22208236705046
uav,zero,GWO,7,21001007,30,0.0008703468798978839,0.0008692984220871418,5.722079469489189e-05,2.355080695510065e-18,0.00010846829214719393,1000.0,True,24.67878103349358
uav,zero,GWO,8,21001008,30,0.00087150361933911,0.0008692984220871418,5.052484985154481e-05,3.591907066063962e-17,0.00011657945382805034,1000.0,True,25.215703787398525
uav,zero,GWO,9,21001009,30,0.0008678415017391037,0.0008692984220871418,6.822133011356627e-05,4.259775164974161e-17,0.00013649328067388342,1000.0,True,25.158100823988207
uav,zero,PSO,0,21002000,10,0.00259844191371528,0.0008692984220871418,0.05444541474569006,0.0075617486456721755,0.02501367709372781,1000.0,True,5.083700013929047
uav,zero,PSO,1,21002001,10,0.0008585220153792863,0.0008692984220871418,0.017170952675642528,0.0068469307366483345,0.004007007195072255,1000.0,True,5.156669778400101
uav,zero,PSO,2,21002002,10,0.0037128043497577866,0.0008692984220871418,1.3037930318198427,0.004488506370381092,0.09648011624759821,1000.0,True,5.199604030698538
uav,zero,PSO,3,21002003,10,0.0024774840081638896,0.0008692984220871418,0.06889355060436493,0.0066145332357629046,0.02968529161539712,1000.0,True,5.198745842906646
uav,zero,PSO,4,21002004,10,0.00661582232744399,0.0008692984220871418,3.190678375703014,0.006636848283968834,0.146124104740246,1000.0,True,5.079165394417942
uav,zero,PSO,5,21002005,10,0.0021885172630379747,0.0008692984220871418,0.2340428417040986,0.006567047140728081,0.02919469112872796,1000.0,True,5.166941199102439
uav,zero,PSO,6,21002006,10,0.0008608668150253788,0.0008692984220871418,0.01468130481825418,0.005874028247738158,0.003920812667623884,1000.0,True,5.054007311468013
uav,zero,PSO,7,21002007,10,0.0032267287842058633,0.0008692984220871418,0.27097804757109895,0.004608995104499354,0.040647809205740175,1000.0,True,5.0214833478676155
uav,zero,PSO,8,21002008,10,0.0024560561744867327,0.0008692984220871418,0.06365634351613073,0.007069020357118571,0.02758439122897026,1000.0,True,5.033026795485057
uav,zero,PSO,9,21002009,10,0.0008619681244970527,0.0008692984220871418,0.019287989258668377,0.007474453353298517,0.0049430318066089,1000.0,True,5.086362316738814
uav,zero,WOA,0,21003000,30,0.001174580232937324,0.0008692984220871418,0.051996599937506376,1.1353009704523367e-09,0.013912691994050356,1000.0,True,9.164249718538485
uav,zero,WOA,1,21003001,30,0.0015301217082933133,0.0008692984220871418,0.0445565216417521,1.0837983678292588e-08,0.027837505751475117,1000.0,True,9.283497274620458
uav,zero,WOA,2,21003002,30,0.0012871733566306093,0.0008692984220871418,0.10426475976021919,1.766094474645393e-08,0.0367905580414693,1000.0,True,9.214367322972976
uav,zero,WOA,3,21003003,30,0.001099818472248211,0.0008692984220871418,0.03930779172511379,2.2177932758857658e-08,0.022116716411427942,1000.0,True,9.154906775336713
uav,zero,WOA,4,21003004,30,0.0010278397617273546,0.0008692984220871418,0.05796437573764017,9.778647268873151e-08,0.010648128027306976,1000.0,True,9.158630643156357
uav,zero,WOA,5,21003005,30,0.0011919667283485085,0.0008692984220871418,0.04561244663230297,4.207052017619583e-09,0.020341310176452104,1000.0,True,9.256136580370367
uav,zero,WOA,6,21003006,30,0.001777903958573639,0.0008692984220871418,0.06539550477303634,4.1543331922917835e-08,0.027941827363821184,1000.0,True,9.133392624324188
uav,zero,WOA,7,21003007,30,0.0014214851258771827,0.0008692984220871418,0.051356455857344566,6.597633164954901e-09,0.019648390573559202,1000.0,True,9.079395669861697
uav,zero,WOA,8,21003008,30,0.0013950134409510945,0.0008692984220871418,0.04325015027610332,2.461086266343173e-09,0.029945367279137585,1000.0,True,9.215631411760114
uav,zero,WOA,9,21003009,30,0.0011985907528067774,0.0008692984220871418,0.08657411770818416,5.215792955763111e-07,0.019249517855460724,1000.0,True,9.203246764838696
uav,hold_last,SGO,0,21000000,20,0.0013124666997841906,0.0012114650953275877,0.01455214966181826,0.00629688997541368,0.002557979622126953,1000.0,True,15.1305941818282
uav,hold_last,SGO,1,21000001,20,0.0013457436534243903,0.0012114650953275877,0.013621131848578463,0.006429701051550274,0.0022666389073152868,1000.0,True,15.105428255628794
uav,hold_last,SGO,2,21000002,20,0.0012463758622024274,0.0012114650953275877,0.011950435928367562,0.00652855883382876,0.001277815907379806,1000.0,True,14.737616450060159
uav,hold_last,SGO,3,21000003,20,0.0012683455613548501,0.0012114650953275877,0.01416131137347527,0.005240973665956795,0.0020066427374734555,1000.0,True,15.14739835250657
uav,hold_last,SGO,4,21000004,20,0.0012497182146095622,0.0012114650953275877,0.010675282021931954,0.005343481769689937,0.0013265309685004886,1000.0,True,14.92280845332425
uav,hold_last,SGO,5,21000005,20,0.0012398097582147396,0.0012114650953275877,0.011478667616829483,0.005578877804583566,0.0012451112842985976,1000.0,True,14.7124740696745
uav,hold_last,SGO,6,21000006,20,0.0012854667110607013,0.0012114650953275877,0.011019413901935693,0.005721304375945349,0.0015803532947097007,1000.0,True,14.757952391169965
uav,hold_last,SGO,7,21000007,20,0.0012498140601046495,0.0012114650953275877,0.01238298773617711,0.005472193204404644,0.001171073816471735,1000.0,True,16.32694461895153
uav,hold_last,SGO,8,21000008,20,0.0012314846075522684,0.0012114650953275877,0.01089968281177476,0.005100372347208243,0.0011540999284386292,1000.0,True,15.827613485627808
uav,hold_last,SGO,9,21000009,20,0.0012983088348099314,0.0012114650953275877,0.01267406311052909,0.005988830729916561,0.001840110664487718,1000.0,True,15.114174789516255
uav,hold_last,GWO,0,21001000,30,0.0012123831365034316,0.0012114650953275877,0.00017209020752211016,1.1885559479786554e-07,0.00016361699870853793,1000.0,True,26.48384999204427
uav,hold_last,GWO,1,21001001,30,0.0012075634578847863,0.0012114650953275877,0.00020522644708358817,8.610682957137879e-08,0.0002403048188450823,1000.0,True,25.910655032726936
uav,hold_last,GWO,2,21001002,30,0.0012140047500151564,0.0012114650953275877,0.00019016900990087557,8.931606896584582e-08,0.00024115138056434718,1000.0,True,25.1486790709896
uav,hold_last,GWO,3,21001003,30,0.0012125534200272314,0.0012114650953275877,0.00014550939421619942,7.921320329956395e-08,0.00017319271885708312,1000.0,True,24.84861880040262
uav,hold_last,GWO,4,21001004,30,0.0012111791191496332,0.0012114650953275877,0.00016536989760134737,6.73238438156262e-08,0.00018677934554113448,1000.0,True,24.831160211469978
uav,hold_last,GWO,5,21001005,30,0.0012126375842112895,0.0012114650953275877,0.000149539086074919,9.04729212104061e-08,0.00016799926455979088,1000.0,True,25.069119845167734
uav,hold_last,GWO,6,21001006,30,0.001210498494023877,0.0012114650953275877,0.00015999641322535436,9.622974755468084e-08,0.00018660202411752464,1000.0,True,24.96003358915914
uav,hold_last,GWO,7,21001007,30,0.0012110139773971907,0.0012114650953275877,0.00013299471801587304,8.064993416615038e-08,0.0001559682540884493,1000.0,True,24.763374289148487
uav,hold_last,GWO,8,21001008,30,0.0012137160395584636,0.0012114650953275877,0.00024016805790478315,1.1462557949665805e-07,0.00019139943535113017,1000.0,True,24.9646911888849
uav,hold_last,GWO,9,21001009,30,0.0012081138590356842,0.0012114650953275877,0.0001596666820404682,1.1522097665560354e-07,0.0001724807151118281,1000.0,True,25.077814266900532
uav,hold_last,PSO,0,21002000,10,0.0012071686305822945,0.0012114650953275877,0.026405606673696385,0.009392595392820478,0.0009588307575193549,1000.0,True,5.072351201088168
uav,hold_last,PSO,1,21002001,10,0.001214895948996788,0.0012114650953275877,0.02663137458503339,0.009939023630692287,0.0009729339075129888,1000.0,True,5.134896327857859
uav,hold_last,PSO,2,21002002,10,0.0012190812351876197,0.0012114650953275877,0.02446828633378353,0.008350065586834526,0.0008359888744693327,1000.0,True,5.179084086790681
uav,hold_last,PSO,3,21002003,10,0.0012097986941712602,0.0012114650953275877,0.02468792869000734,0.01060765112993869,0.0009113757511578398,1000.0,True,5.053155291243456
uav,hold_last,PSO,4,21002004,10,0.0012142642139765702,0.0012114650953275877,0.02711003050577836,0.011955322697584803,0.0009218510644838179,1000.0,True,5.0504059252562
uav,hold_last,PSO,5,21002005,10,0.0012129143337713739,0.0012114650953275877,0.022959911455926317,0.00873425378146088,0.000839951904110517,1000.0,True,4.954697635024786
uav,hold_last,PSO,6,21002006,10,0.001202586960332013,0.0012114650953275877,0.030242708709919883,0.01237527643089768,0.001056409415678103,1000.0,True,5.002724567311816
uav,hold_last,PSO,7,21002007,10,0.0012137021131665377,0.0012114650953275877,0.029533986275443392,0.012912690544300953,0.0010277611964027754,1000.0,True,5.01803103229031
uav,hold_last,PSO,8,21002008,10,0.0012155669688482418,0.0012114650953275877,0.03459601213091839,0.010472961496344697,0.0008909400094729477,1000.0,True,5.1014652432641014
uav,hold_last,PSO,9,21002009,10,0.001214881024560809,0.0012114650953275877,0.03563494910910215,0.009858076045957172,0.0011553111216303722,1000.0,True,5.106930607347749
uav,hold_last,WOA,0,21003000,30,0.001730484515122304,0.0012114650953275877,0.2626703033126751,0.09402169326666053,0.01678958071196045,1000.0,True,9.133925857837312
uav,hold_last,WOA,1,21003001,30,0.0025060476698517456,0.0012114650953275877,0.3536899631795194,0.2068701918290433,0.037875099960694866,1000.0,True,9.257962805218995
uav,hold_last,WOA,2,21003002,30,0.001692156149107051,0.0012114650953275877,0.3915622915933723,0.25923652354113746,0.018224115488290962,1000.0,True,9.093270068289712
uav,hold_last,WOA,3,21003003,30,0.0016204403870910382,0.0012114650953275877,0.1745651015711242,0.03774219256276083,0.015382701093174916,1000.0,True,9.073466714238748
uav,hold_last,WOA,4,21003004,30,0.0020180323256613433,0.0012114650953275877,0.27571790005629965,0.06492426390253637,0.02157341711744513,1000.0,True,9.408260665950365
uav,hold_last,WOA,5,21003005,30,0.0024087899172329764,0.0012114650953275877,0.17177269037846404,0.02006245511123219,0.028902226416492524,1000.0,True,9.296739897341467
uav,hold_last,WOA,6,21003006,30,0.0024532334665587716,0.0012114650953275877,0.5164587589771006,0.5392138118577059,0.03813550174581635,1000.0,True,9.099505341262557
uav,hold_last,WOA,7,21003007,30,0.001987322197299931,0.0012114650953275877,0.12957279093824764,0.029679222088064998,0.015680748051746973,1000.0,True,9.38392853399273
uav,hold_last,WOA,8,21003008,30,0.001976696516179717,0.0012114650953275877,0.5204224128600073,0.5463284411643337,0.029645599335672665,1000.0,True,9.357267678133212
uav,hold_last,WOA,9,21003009,30,0.0016868544113070375,0.0012114650953275877,0.36834847431851153,0.22514982135482356,0.014895913642203084,1000.0,True,9.172916243202053
